사고번호,사고일시,요일,시군구,사고내용,사망자수,중상자수,경상자수,부상신고자수,사고유형,법규위반,노면상태,기상상태,도로형태,가해운전자 차종,가해운전자 성별,가해운전자 연령,가해운전자 상해정도,피해운전자 차종,피해운전자 성별,피해운전자 연령,피해운전자 상해정도
2019010900100081,2019년 1월 9일 06시,수요일,광주광역시 광산구 소촌동,중상사고,0,1,1,0,차대차 - 기타,안전운전불이행,건조,맑음,교차로 - 교차로안,승용,남,46세,상해없음,승용,남,42세,경상
2019010900100094,2019년 1월 9일 07시,수요일,광주광역시 남구 진월동,중상사고,0,1,1,0,차대차 - 측면충돌,신호위반,건조,맑음,교차로 - 교차로안,승용,여,69세,상해없음,승용,남,58세,중상
2019010900100197,2019년 1월 9일 11시,수요일,광주광역시 동구 장동,경상사고,0,0,3,0,차대차 - 기타,안전운전불이행,건조,맑음,단일로 - 기타,승용,여,26세,경상,승용,남,56세,경상
2019010900100233,2019년 1월 9일 12시,수요일,광주광역시 서구 금호동,경상사고,0,0,2,0,차대차 - 측면충돌,신호위반,건조,맑음,교차로 - 교차로안,이륜,남,50세,경상,승용,남,54세,경상
2019010900100278,2019년 1월 9일 14시,수요일,광주광역시 남구 백운동,경상사고,0,0,2,0,차대차 - 측면충돌,안전거리미확보,건조,맑음,교차로 - 교차로부근,화물,남,57세,상해없음,화물,남,37세,경상
2019010900100313,2019년 1월 9일 15시,수요일,광주광역시 북구 오치동,경상사고,0,0,1,0,차대차 - 측면충돌,안전운전불이행,건조,맑음,단일로 - 기타,승용,남,64세,상해없음,승용,남,58세,경상
2019010900100314,2019년 1월 9일 15시,수요일,광주광역시 북구 유동,경상사고,0,0,1,0,차대차 - 측면충돌,교차로운행방법위반,건조,맑음,교차로 - 교차로안,건설기계,남,65세,상해없음,승용,여,42세,경상
2019010900100351,2019년 1월 9일 16시,수요일,광주광역시 동구 대인동,경상사고,0,0,1,0,차대사람 - 길가장자리구역통행중,안전운전불이행,건조,맑음,단일로 - 기타,승용,남,63세,상해없음,보행자,남,30세,경상
2019010900100435,2019년 1월 9일 18시,수요일,광주광역시 광산구 송정동,경상사고,0,0,2,0,차대차 - 측면충돌,교차로운행방법위반,건조,맑음,교차로 - 교차로안,승용,남,27세,경상,승용,남,59세,경상
2019010900100461,2019년 1월 9일 19시,수요일,광주광역시 북구 대촌동,경상사고,0,0,1,0,차대차 - 측면충돌,교차로운행방법위반,건조,맑음,교차로 - 교차로안,화물,남,37세,기타불명,승용,남,29세,경상
2019010900100487,2019년 1월 9일 20시,수요일,광주광역시 서구 금호동,중상사고,0,1,2,0,차대차 - 측면충돌,신호위반,건조,맑음,교차로 - 교차로안,승용,남,37세,기타불명,승합,남,74세,중상
2019010900100488,2019년 1월 9일 20시,수요일,광주광역시 북구 동림동,경상사고,0,0,1,0,차대사람 - 기타,안전운전불이행,건조,맑음,단일로 - 기타,승용,남,53세,상해없음,보행자,남,46세,경상
2019010900100489,2019년 1월 9일 20시,수요일,광주광역시 광산구 소촌동,중상사고,0,1,0,0,차대사람 - 길가장자리구역통행중,안전운전불이행,건조,맑음,단일로 - 기타,화물,남,40세,상해없음,보행자,남,60세,중상
2019010900100520,2019년 1월 9일 21시,수요일,광주광역시 서구 화정동,경상사고,0,0,3,0,차대차 - 측면충돌,안전운전불이행,건조,맑음,교차로 - 교차로부근,승용,남,59세,기타불명,승용,남,19세,경상
2019010900100541,2019년 1월 9일 22시,수요일,광주광역시 남구 백운동,경상사고,0,0,1,0,차대사람 - 기타,기타,건조,맑음,교차로 - 교차로부근,승용,남,61세,상해없음,보행자,여,66세,경상
2019010900100552,2019년 1월 9일 23시,수요일,광주광역시 광산구 수완동,경상사고,0,0,1,0,차대차 - 측면충돌,안전운전불이행,건조,맑음,교차로 - 교차로안,승용,남,38세,상해없음,승용,남,34세,경상
2019011000100044,2019년 1월 10일 02시,목요일,광주광역시 광산구 우산동,경상사고,0,0,1,0,차대차 - 측면충돌,안전운전불이행,건조,맑음,교차로 - 교차로부근,승용,남,67세,상해없음,승용,남,45세,경상
2019011000100074,2019년 1월 10일 06시,목요일,광주광역시 서구 치평동,중상사고,0,1,0,0,차대차 - 기타,안전운전불이행,건조,맑음,단일로 - 기타,승용,여,74세,상해없음,기타불명,남,76세,중상
2019011000100096,2019년 1월 10일 07시,목요일,광주광역시 북구 대촌동,경상사고,0,0,3,0,차대차 - 추돌,안전운전불이행,건조,맑음,단일로 - 기타,화물,남,72세,상해없음,승용,여,42세,경상
2019011000100116,2019년 1월 10일 08시,목요일,광주광역시 서구 화정동,경상사고,0,0,1,0,차대차 - 추돌,안전운전불이행,건조,맑음,단일로 - 기타,승용,남,65세,상해없음,승용,여,25세,경상
2019011000100117,2019년 1월 10일 08시,목요일,광주광역시 남구 주월동,경상사고,0,0,4,0,차대차 - 추돌,안전거리미확보,건조,맑음,단일로 - 기타,승용,남,48세,상해없음,승합,남,64세,경상
2019011000100161,2019년 1월 10일 10시,목요일,광주광역시 광산구 우산동,경상사고,0,0,1,0,차대사람 - 기타,안전운전불이행,건조,맑음,단일로 - 기타,승용,남,66세,상해없음,보행자,여,51세,경상
2019011000100260,2019년 1월 10일 14시,목요일,광주광역시 광산구 신가동,경상사고,0,0,2,0,차대차 - 기타,안전운전불이행,건조,맑음,단일로 - 기타,승용,여,45세,기타불명,화물,남,44세,경상
2019011000100292,2019년 1월 10일 15시,목요일,광주광역시 남구 백운동,중상사고,0,1,0,0,차대차 - 기타,기타,건조,맑음,단일로 - 기타,승합,남,53세,상해없음,승용,여,67세,상해없음
2019011000100363,2019년 1월 10일 17시,목요일,광주광역시 서구 쌍촌동,경상사고,0,0,1,0,차대차 - 측면충돌,안전거리미확보,건조,맑음,단일로 - 기타,승합,남,55세,상해없음,승용,남,25세,경상
2019011000100364,2019년 1월 10일 17시,목요일,광주광역시 북구 일곡동,경상사고,0,0,2,0,차대차 - 측면충돌,안전운전불이행,건조,맑음,교차로 - 교차로안,승용,남,59세,상해없음,승용,남,69세,경상
2019011000100411,2019년 1월 10일 18시,목요일,광주광역시 서구 쌍촌동,경상사고,0,0,1,0,차대차 - 측면충돌,안전운전불이행,건조,맑음,단일로 - 기타,승용,여,57세,상해없음,승용,남,51세,상해없음
2019011000100412,2019년 1월 10일 18시,목요일,광주광역시 북구 양산동,경상사고,0,0,1,0,차대사람 - 기타,안전운전불이행,건조,맑음,교차로 - 교차로안,기타불명,기타불명,미분류,기타불명,보행자,여,65세,경상
2019011000100481,2019년 1월 10일 20시,목요일,광주광역시 남구 진월동,경상사고,0,0,1,0,차대차 - 측면충돌,차로위반,건조,맑음,단일로 - 기타,승용,남,58세,상해없음,이륜,남,33세,경상
2019011000100482,2019년 1월 10일 20시,목요일,광주광역시 북구 오치동,중상사고,0,2,0,0,차대사람 - 횡단중,보행자보호의무위반,건조,맑음,교차로 - 교차로안,이륜,남,17세,중상,보행자,남,63세,중상
2019011000100483,2019년 1월 10일 20시,목요일,광주광역시 북구 삼각동,경상사고,0,0,1,0,차대사람 - 횡단중,신호위반,건조,맑음,교차로 - 교차로횡단보도내,이륜,남,22세,상해없음,보행자,여,27세,경상
2019011000100521,2019년 1월 10일 22시,목요일,광주광역시 남구 주월동,경상사고,0,0,1,0,차대차 - 측면충돌,안전운전불이행,건조,맑음,기타 - 기타,승용,여,26세,상해없음,승용,여,39세,상해없음
2019011000100522,2019년 1월 10일 22시,목요일,광주광역시 광산구 월계동,경상사고,0,0,1,0,차대차 - 정면충돌,안전운전불이행,건조,맑음,교차로 - 교차로안,승용,여,52세,상해없음,승용,여,51세,경상
2019011000100548,2019년 1월 10일 23시,목요일,광주광역시 광산구 운남동,경상사고,0,0,1,0,차대차 - 측면충돌,신호위반,건조,맑음,교차로 - 교차로안,승용,남,33세,상해없음,승용,여,51세,경상
2019011000100549,2019년 1월 10일 23시,목요일,광주광역시 광산구 쌍암동,경상사고,0,0,6,0,차대차 - 기타,안전운전불이행,건조,맑음,단일로 - 기타,승용,여,46세,상해없음,승용,남,40세,경상
2019011100100041,2019년 1월 11일 00시,금요일,광주광역시 서구 쌍촌동,경상사고,0,0,1,0,차대차 - 측면충돌,안전운전불이행,건조,맑음,단일로 - 기타,승용,여,39세,상해없음,승용,여,58세,기타불명
2019011100100065,2019년 1월 11일 03시,금요일,광주광역시 서구 풍암동,경상사고,0,0,2,0,차대차 - 기타,교차로운행방법위반,건조,맑음,교차로 - 교차로안,승용,남,45세,경상,승용,남,29세,경상
2019011100100105,2019년 1월 11일 06시,금요일,광주광역시 동구 용산동,중상사고,0,1,0,0,차대차 - 정면충돌,중앙선침범,건조,맑음,단일로 - 기타,승용,남,51세,기타불명,승용,남,62세,중상
2019011100100157,2019년 1월 11일 08시,금요일,광주광역시 북구 운암동,중상사고,0,1,0,0,차대차 - 측면충돌,중앙선침범,건조,맑음,단일로 - 기타,승용,여,44세,상해없음,이륜,남,35세,중상
2019011100100208,2019년 1월 11일 10시,금요일,광주광역시 남구 봉선동,경상사고,0,0,1,0,차대사람 - 기타,안전운전불이행,건조,맑음,단일로 - 기타,화물,남,58세,상해없음,보행자,남,8세,경상
2019011100100244,2019년 1월 11일 11시,금요일,광주광역시 동구 대의동,경상사고,0,0,2,0,차대차 - 기타,안전운전불이행,건조,맑음,교차로 - 교차로안,승용,남,64세,경상,승용,남,39세,경상
2019011100100273,2019년 1월 11일 12시,금요일,광주광역시 광산구 월계동,부상신고사고,0,0,0,2,차대차 - 추돌,교차로운행방법위반,건조,맑음,교차로 - 교차로안,승용,남,73세,상해없음,승용,여,34세,부상신고
2019011100100300,2019년 1월 11일 13시,금요일,광주광역시 남구 주월동,경상사고,0,0,1,2,차대차 - 측면충돌,신호위반,건조,맑음,교차로 - 교차로안,화물,남,77세,상해없음,승용,남,61세,경상
2019011100100301,2019년 1월 11일 13시,금요일,광주광역시 광산구 운남동,경상사고,0,0,1,0,차대차 - 추돌,안전운전불이행,건조,맑음,교차로 - 교차로부근,승용,기타불명,미분류,기타불명,승용,여,49세,경상
2019011100100326,2019년 1월 11일 14시,금요일,광주광역시 남구 진월동,경상사고,0,0,1,0,차대차 - 측면충돌,신호위반,건조,맑음,교차로 - 교차로안,승용,여,54세,상해없음,승용,남,53세,경상
2019011100100327,2019년 1월 11일 14시,금요일,광주광역시 북구 운암동,경상사고,0,0,2,0,차대차 - 기타,불법유턴,건조,맑음,단일로 - 기타,화물,남,55세,상해없음,승용,여,36세,경상
2019011100100353,2019년 1월 11일 15시,금요일,광주광역시 서구 쌍촌동,경상사고,0,0,1,0,차대사람 - 기타,안전운전불이행,건조,맑음,단일로 - 기타,승용,여,26세,상해없음,보행자,남,23세,경상
2019011100100354,2019년 1월 11일 15시,금요일,광주광역시 광산구 송촌동,경상사고,0,0,2,0,차대차 - 추돌,안전거리미확보,건조,맑음,단일로 - 기타,승용,남,28세,상해없음,승용,여,45세,경상
2019011100100413,2019년 1월 11일 17시,금요일,광주광역시 광산구 우산동,중상사고,0,1,0,0,차대차 - 측면충돌,교차로운행방법위반,건조,맑음,교차로 - 교차로안,승용,남,26세,상해없음,이륜,남,28세,중상
2019011100100471,2019년 1월 11일 18시,금요일,광주광역시 서구 치평동,경상사고,0,0,1,0,차대차 - 측면충돌,교차로운행방법위반,건조,맑음,교차로 - 교차로안,승용,여,43세,상해없음,승용,여,30세,경상
2019011100100472,2019년 1월 11일 18시,금요일,광주광역시 서구 쌍촌동,부상신고사고,0,0,0,2,차대차 - 측면충돌,안전운전불이행,건조,맑음,교차로 - 교차로부근,승용,남,67세,상해없음,승용,여,44세,부상신고
2019011100100473,2019년 1월 11일 18시,금요일,광주광역시 북구 문흥동,경상사고,0,0,2,0,차대차 - 추돌,안전거리미확보,건조,맑음,단일로 - 기타,승용,남,62세,상해없음,승용,남,46세,경상
2019011100100505,2019년 1월 11일 19시,금요일,광주광역시 서구 치평동,경상사고,0,0,3,0,차대차 - 측면충돌,안전운전불이행,건조,맑음,단일로 - 기타,승용,남,29세,경상,승용,남,74세,경상
2019011100100506,2019년 1월 11일 19시,금요일,광주광역시 서구 쌍촌동,경상사고,0,0,1,0,차대사람 - 기타,안전운전불이행,건조,맑음,교차로 - 교차로안,승용,남,51세,상해없음,보행자,남,65세,경상
2019011100100507,2019년 1월 11일 19시,금요일,광주광역시 광산구 수완동,경상사고,0,0,2,0,차대차 - 측면충돌,안전운전불이행,건조,맑음,기타 - 기타,승용,남,46세,상해없음,승용,남,21세,경상
2019011100100541,2019년 1월 11일 20시,금요일,광주광역시 광산구 수완동,경상사고,0,0,1,0,차대차 - 측면충돌,신호위반,건조,맑음,교차로 - 교차로안,화물,남,33세,상해없음,승용,남,52세,경상
2019011100100611,2019년 1월 11일 23시,금요일,광주광역시 동구 광산동,경상사고,0,0,1,0,차대사람 - 기타,안전운전불이행,건조,맑음,교차로 - 교차로안,승용,남,23세,상해없음,보행자,남,19세,경상
2019011100100612,2019년 1월 11일 23시,금요일,광주광역시 광산구 월계동,경상사고,0,0,1,0,차대차 - 측면충돌,교차로운행방법위반,건조,맑음,교차로 - 교차로안,승용,남,56세,상해없음,승용,여,44세,상해없음
2019011200100031,2019년 1월 12일 00시,토요일,광주광역시 광산구 신가동,경상사고,0,0,1,0,차대차 - 측면충돌,안전운전불이행,건조,맑음,단일로 - 기타,승용,여,22세,상해없음,이륜,남,26세,경상
2019011200100051,2019년 1월 12일 01시,토요일,광주광역시 서구 풍암동,경상사고,0,0,1,0,차대사람 - 횡단중,안전운전불이행,젖음/습기,비,교차로 - 교차로부근,승용,남,65세,상해없음,보행자,남,46세,경상
2019011200100052,2019년 1월 12일 01시,토요일,광주광역시 북구 용두동,경상사고,0,0,1,0,차대차 - 측면충돌,안전운전불이행,젖음/습기,비,단일로 - 기타,승용,남,34세,상해없음,화물,남,44세,경상
2019011200100065,2019년 1월 12일 02시,토요일,광주광역시 동구 학동,경상사고,0,0,1,0,차대차 - 측면충돌,중앙선침범,젖음/습기,흐림,기타 - 기타,승용,남,31세,상해없음,승용,남,63세,경상
2019011200100066,2019년 1월 12일 02시,토요일,광주광역시 북구 용봉동,경상사고,0,0,1,0,차대차 - 측면충돌,신호위반,건조,맑음,교차로 - 교차로안,화물,남,34세,상해없음,승용,남,61세,경상
2019011200100076,2019년 1월 12일 03시,토요일,광주광역시 서구 동천동,중상사고,0,1,1,0,차대차 - 정면충돌,신호위반,건조,맑음,교차로 - 교차로안,승용,남,37세,상해없음,승용,남,39세,경상
2019011200100077,2019년 1월 12일 03시,토요일,광주광역시 광산구 쌍암동,경상사고,0,0,2,0,차대차 - 측면충돌,안전운전불이행,건조,맑음,단일로 - 기타,승용,남,22세,경상,승합,남,69세,기타불명
2019011200100093,2019년 1월 12일 04시,토요일,광주광역시 북구 운암동,경상사고,0,0,1,0,차대차 - 측면충돌,안전운전불이행,젖음/습기,비,단일로 - 기타,승용,남,25세,상해없음,승용,남,34세,경상
2019011200100113,2019년 1월 12일 05시,토요일,광주광역시 북구 누문동,경상사고,0,0,1,0,차량단독 - 공작물충돌,안전운전불이행,건조,맑음,단일로 - 기타,승용,남,45세,기타불명,,,,
2019011200100154,2019년 1월 12일 08시,토요일,광주광역시 서구 양동,경상사고,0,0,2,0,차대차 - 추돌,안전운전불이행,건조,맑음,교차로 - 교차로부근,화물,남,49세,상해없음,승용,남,64세,경상
2019011200100208,2019년 1월 12일 10시,토요일,광주광역시 북구 풍향동,경상사고,0,0,1,0,차대사람 - 횡단중,안전운전불이행,건조,맑음,단일로 - 기타,승용,남,18세,기타불명,보행자,남,24세,경상
2019011200100241,2019년 1월 12일 11시,토요일,광주광역시 광산구 송정동,경상사고,0,0,2,0,차대차 - 추돌,안전운전불이행,건조,맑음,단일로 - 기타,승용,남,27세,상해없음,승용,여,45세,경상
2019011200100265,2019년 1월 12일 12시,토요일,광주광역시 서구 농성동,경상사고,0,0,1,0,차대차 - 추돌,안전거리미확보,건조,맑음,단일로 - 기타,승용,남,24세,상해없음,화물,남,59세,경상
2019011200100336,2019년 1월 12일 15시,토요일,광주광역시 북구 용봉동,경상사고,0,0,1,0,차대사람 - 횡단중,안전운전불이행,건조,맑음,단일로 - 기타,승용,남,59세,상해없음,보행자,남,7세,경상
2019011200100358,2019년 1월 12일 16시,토요일,광주광역시 서구 치평동,경상사고,0,0,1,0,차량단독 - 공작물충돌,안전운전불이행,건조,맑음,교차로 - 교차로부근,승용,여,55세,경상,,,,
2019011200100388,2019년 1월 12일 17시,토요일,광주광역시 북구 오치동,경상사고,0,0,1,0,차대차 - 측면충돌,교차로운행방법위반,건조,흐림,교차로 - 교차로안,승용,여,78세,기타불명,승용,남,48세,상해없음
2019011200100389,2019년 1월 12일 17시,토요일,광주광역시 광산구 신가동,경상사고,0,0,1,0,차대사람 - 기타,안전운전불이행,건조,맑음,단일로 - 기타,승용,남,71세,상해없음,보행자,남,41세,경상
2019011200100425,2019년 1월 12일 18시,토요일,광주광역시 동구 학동,중상사고,0,1,0,0,차대사람 - 횡단중,보행자보호의무위반,건조,맑음,교차로 - 교차로횡단보도내,승용,남,56세,상해없음,보행자,남,80세,중상
2019011200100426,2019년 1월 12일 18시,토요일,광주광역시 광산구 흑석동,중상사고,0,1,0,0,차대사람 - 차도통행중,안전운전불이행,건조,맑음,단일로 - 기타,승용,남,52세,상해없음,보행자,남,46세,중상
2019011200100427,2019년 1월 12일 18시,토요일,광주광역시 광산구 유계동,경상사고,0,0,2,0,차대차 - 측면충돌,안전거리미확보,건조,맑음,단일로 - 기타,승용,남,50세,상해없음,화물,남,54세,경상
2019011200100452,2019년 1월 12일 19시,토요일,광주광역시 북구 유동,경상사고,0,0,1,0,차대차 - 측면충돌,차로위반,건조,흐림,단일로 - 기타,승합,남,55세,상해없음,승용,여,57세,경상
2019011200100482,2019년 1월 12일 20시,토요일,광주광역시 북구 두암동,경상사고,0,0,1,0,차대사람 - 기타,안전운전불이행,건조,맑음,단일로 - 기타,승용,여,50세,상해없음,보행자,남,56세,경상
2019011200100515,2019년 1월 12일 21시,토요일,광주광역시 서구 풍암동,경상사고,0,0,1,0,차대차 - 추돌,안전운전불이행,건조,맑음,단일로 - 기타,승용,여,29세,상해없음,승용,여,41세,경상
2019011200100516,2019년 1월 12일 21시,토요일,광주광역시 광산구 장덕동,중상사고,0,1,0,0,차대사람 - 횡단중,신호위반,건조,맑음,교차로 - 교차로안,이륜,남,54세,상해없음,보행자,여,56세,중상
2019011200100558,2019년 1월 12일 23시,토요일,광주광역시 북구 양산동,경상사고,0,0,1,0,차대차 - 측면충돌,안전운전불이행,건조,맑음,교차로 - 교차로안,승용,남,55세,상해없음,승용,남,21세,경상
2019011300100029,2019년 1월 13일 00시,일요일,광주광역시 남구 주월동,중상사고,0,1,0,0,차량단독 - 공작물충돌,안전운전불이행,건조,맑음,기타 - 기타,승용,남,28세,상해없음,,,,
2019011300100047,2019년 1월 13일 01시,일요일,광주광역시 북구 연제동,경상사고,0,0,2,0,차대차 - 추돌,안전운전불이행,건조,맑음,단일로 - 기타,승용,남,30세,상해없음,승용,남,26세,경상
2019011300100058,2019년 1월 13일 02시,일요일,광주광역시 남구 방림동,경상사고,0,0,1,0,차대차 - 측면충돌,신호위반,건조,맑음,교차로 - 교차로안,승용,남,21세,상해없음,승용,남,33세,경상
2019011300100126,2019년 1월 13일 09시,일요일,광주광역시 서구 치평동,경상사고,0,0,3,0,차대차 - 추돌,안전운전불이행,건조,맑음,교차로 - 교차로부근,승용,남,30세,경상,승용,남,29세,경상
2019011300100157,2019년 1월 13일 11시,일요일,광주광역시 광산구 장수동,경상사고,0,0,4,0,차대차 - 기타,안전거리미확보,건조,맑음,단일로 - 기타,승용,남,61세,상해없음,승용,여,30세,경상
2019011300100195,2019년 1월 13일 13시,일요일,광주광역시 북구 동림동,경상사고,0,0,1,0,차대차 - 기타,안전운전불이행,건조,맑음,단일로 - 기타,승용,남,32세,기타불명,승합,남,52세,기타불명
2019011300100196,2019년 1월 13일 13시,일요일,광주광역시 북구 오치동,부상신고사고,0,0,0,1,차대차 - 측면충돌,안전운전불이행,건조,맑음,단일로 - 기타,승합,남,42세,상해없음,자전거,남,73세,부상신고
2019011300100217,2019년 1월 13일 14시,일요일,광주광역시 북구 중흥동,경상사고,0,0,1,0,차대사람 - 기타,안전운전불이행,건조,맑음,단일로 - 기타,이륜,남,18세,상해없음,보행자,남,33세,경상
2019011300100267,2019년 1월 13일 16시,일요일,광주광역시 서구 화정동,부상신고사고,0,0,0,1,차대차 - 기타,교차로운행방법위반,건조,맑음,단일로 - 기타,승용,남,35세,상해없음,이륜,남,36세,부상신고
2019011300100268,2019년 1월 13일 16시,일요일,광주광역시 광산구 소촌동,경상사고,0,0,1,0,차대차 - 기타,신호위반,건조,맑음,교차로 - 교차로안,이륜,남,38세,상해없음,이륜,남,23세,경상
2019011300100372,2019년 1월 13일 21시,일요일,광주광역시 남구 송하동,경상사고,0,0,1,0,차대사람 - 횡단중,신호위반,건조,맑음,교차로 - 교차로횡단보도내,승용,남,49세,상해없음,보행자,여,18세,경상
2019011300100373,2019년 1월 13일 21시,일요일,광주광역시 남구 방림동,경상사고,0,0,1,0,차대사람 - 기타,기타,건조,맑음,단일로 - 기타,승합,남,48세,상해없음,보행자,여,26세,경상
2019011300100392,2019년 1월 13일 22시,일요일,광주광역시 북구 용봉동,경상사고,0,0,1,1,차대차 - 측면충돌,안전운전불이행,건조,맑음,단일로 - 기타,승용,여,56세,상해없음,승용,남,55세,경상
2019011400100070,2019년 1월 14일 05시,월요일,광주광역시 서구 양동,경상사고,0,0,1,0,차대차 - 기타,중앙선침범,건조,맑음,단일로 - 기타,승용,여,35세,상해없음,화물,남,69세,경상
2019011400100161,2019년 1월 14일 08시,월요일,광주광역시 광산구 월전동,경상사고,0,0,1,0,차대차 - 기타,신호위반,건조,맑음,교차로 - 교차로안,자전거,남,35세,경상,승합,남,48세,상해없음
2019011400100226,2019년 1월 14일 10시,월요일,광주광역시 서구 마륵동,경상사고,0,0,1,0,차대차 - 측면충돌,안전운전불이행,건조,맑음,단일로 - 기타,승용,여,52세,상해없음,화물,남,35세,경상
2019011400100256,2019년 1월 14일 11시,월요일,광주광역시 북구 신용동,경상사고,0,0,1,0,차대차 - 기타,차로위반,건조,맑음,단일로 - 기타,승용,여,57세,상해없음,승용,여,57세,경상
2019011400100289,2019년 1월 14일 12시,월요일,광주광역시 서구 쌍촌동,경상사고,0,0,1,0,차대차 - 추돌,안전운전불이행,건조,맑음,단일로 - 기타,승용,남,76세,상해없음,이륜,남,17세,경상
2019011400100290,2019년 1월 14일 12시,월요일,광주광역시 북구 유동,경상사고,0,0,1,0,차대차 - 측면충돌,안전운전불이행,건조,맑음,교차로 - 교차로부근,승용,남,42세,상해없음,승용,남,40세,경상
2019011400100333,2019년 1월 14일 14시,월요일,광주광역시 서구 치평동,경상사고,0,0,1,0,차대사람 - 기타,안전운전불이행,건조,맑음,단일로 - 기타,승용,여,36세,상해없음,보행자,여,65세,경상
2019011400100354,2019년 1월 14일 15시,월요일,광주광역시 서구 서창동,경상사고,0,0,1,0,차대차 - 측면충돌,안전운전불이행,건조,맑음,교차로 - 교차로부근,화물,남,58세,상해없음,승용,남,42세,경상
2019011400100355,2019년 1월 14일 15시,월요일,광주광역시 북구 중흥동,경상사고,0,0,2,0,차대차 - 기타,교차로운행방법위반,건조,맑음,교차로 - 교차로안,화물,남,24세,경상,승용,남,31세,경상
2019011400100382,2019년 1월 14일 16시,월요일,광주광역시 서구 매월동,경상사고,0,0,1,0,차대차 - 측면충돌,안전운전불이행,건조,맑음,단일로 - 기타,화물,여,58세,상해없음,승용,남,62세,경상
2019011400100383,2019년 1월 14일 16시,월요일,광주광역시 서구 풍암동,경상사고,0,0,2,0,차대차 - 측면충돌,교차로운행방법위반,건조,맑음,교차로 - 교차로안,승용,남,62세,경상,승용,남,50세,경상
2019011400100384,2019년 1월 14일 16시,월요일,광주광역시 광산구 운남동,경상사고,0,0,2,0,차대차 - 측면충돌,안전거리미확보,건조,맑음,교차로 - 교차로부근,승용,여,60세,경상,화물,남,18세,경상
2019011400100463,2019년 1월 14일 18시,월요일,광주광역시 동구 산수동,중상사고,0,1,0,0,차대사람 - 횡단중,기타,건조,흐림,단일로 - 기타,화물,남,59세,상해없음,보행자,남,11세,중상
2019011400100464,2019년 1월 14일 18시,월요일,광주광역시 광산구 수완동,경상사고,0,0,1,0,차대차 - 기타,신호위반,건조,맑음,단일로 - 기타,승용,여,57세,상해없음,승용,여,43세,경상
2019011400100490,2019년 1월 14일 19시,월요일,광주광역시 북구 오치동,중상사고,0,1,0,0,차대차 - 측면충돌,안전운전불이행,건조,맑음,교차로 - 교차로안,승용,남,52세,상해없음,이륜,남,37세,중상
2019011400100491,2019년 1월 14일 19시,월요일,광주광역시 북구 운암동,경상사고,0,0,4,0,차대차 - 기타,차로위반,건조,맑음,단일로 - 기타,승용,남,31세,상해없음,승용,남,25세,경상
2019011400100532,2019년 1월 14일 21시,월요일,광주광역시 동구 금남로2가,경상사고,0,0,2,0,차대차 - 기타,안전거리미확보,건조,맑음,단일로 - 기타,이륜,남,19세,상해없음,승용,남,22세,경상
2019011400100533,2019년 1월 14일 21시,월요일,광주광역시 서구 풍암동,경상사고,0,0,2,0,차대차 - 측면충돌,안전운전불이행,건조,맑음,교차로 - 교차로안,승용,남,62세,상해없음,승용,남,35세,경상
2019011400100534,2019년 1월 14일 21시,월요일,광주광역시 광산구 월계동,경상사고,0,0,1,0,차량단독 - 기타,안전운전불이행,건조,맑음,단일로 - 기타,승용,남,62세,상해없음,,,,
2019011400100555,2019년 1월 14일 22시,월요일,광주광역시 광산구 신창동,경상사고,0,0,1,0,차대차 - 추돌,안전운전불이행,건조,맑음,교차로 - 교차로부근,승용,남,59세,상해없음,승합,남,21세,경상
2019011400100573,2019년 1월 14일 23시,월요일,광주광역시 남구 백운동,중상사고,0,1,1,0,차대차 - 측면충돌,교차로운행방법위반,건조,맑음,교차로 - 교차로안,승용,여,56세,경상,승용,남,38세,중상
2019011400100574,2019년 1월 14일 23시,월요일,광주광역시 북구 각화동,중상사고,0,1,0,0,차대사람 - 횡단중,안전운전불이행,건조,맑음,교차로 - 교차로부근,승합,남,46세,상해없음,보행자,여,13세,중상
2019011500100020,2019년 1월 15일 00시,화요일,광주광역시 북구 동림동,경상사고,0,0,3,0,차대차 - 측면충돌,신호위반,건조,맑음,교차로 - 교차로안,승용,남,45세,상해없음,승용,남,58세,경상
2019011500100038,2019년 1월 15일 02시,화요일,광주광역시 서구 쌍촌동,경상사고,0,0,1,0,차대사람 - 차도통행중,안전운전불이행,건조,맑음,교차로 - 교차로안,승용,남,24세,상해없음,보행자,남,33세,경상
2019011500100057,2019년 1월 15일 05시,화요일,광주광역시 서구 쌍촌동,경상사고,0,0,1,0,차대사람 - 기타,안전운전불이행,건조,맑음,단일로 - 기타,승용,남,28세,상해없음,보행자,남,54세,경상
2019011500100095,2019년 1월 15일 07시,화요일,광주광역시 북구 대촌동,중상사고,0,1,0,0,차대차 - 측면충돌,신호위반,건조,맑음,교차로 - 교차로안,화물,남,59세,상해없음,이륜,남,28세,중상
2019011500100096,2019년 1월 15일 07시,화요일,광주광역시 북구 양산동,중상사고,0,1,2,0,차대차 - 기타,신호위반,건조,맑음,교차로 - 교차로안,승용,남,61세,상해없음,승용,남,58세,경상
2019011500100097,2019년 1월 15일 07시,화요일,광주광역시 북구 두암동,중상사고,0,1,0,0,차량단독 - 기타,안전운전불이행,건조,맑음,단일로 - 기타,자전거,남,81세,중상,,,,