사고번호,사고일시,요일,시군구,사고내용,사망자수,중상자수,경상자수,부상신고자수,사고유형,법규위반,노면상태,기상상태,도로형태,가해운전자 차종,가해운전자 성별,가해운전자 연령,가해운전자 상해정도,피해운전자 차종,피해운전자 성별,피해운전자 연령,피해운전자 상해정도
2019011500100143,2019년 1월 15일 09시,화요일,광주광역시 남구 주월동,경상사고,0,0,1,0,차대사람 - 기타,안전운전불이행,건조,맑음,교차로 - 교차로횡단보도내,승용,여,50세,상해없음,보행자,여,24세,경상
2019011500100200,2019년 1월 15일 11시,화요일,광주광역시 광산구 우산동,경상사고,0,0,1,0,차대사람 - 차도통행중,안전운전불이행,건조,맑음,단일로 - 기타,승용,남,55세,상해없음,보행자,여,67세,경상
2019011500100251,2019년 1월 15일 13시,화요일,광주광역시 서구 치평동,경상사고,0,0,1,0,차대차 - 추돌,안전거리미확보,건조,맑음,단일로 - 기타,승용,남,63세,상해없음,승용,남,34세,경상
2019011500100252,2019년 1월 15일 13시,화요일,광주광역시 광산구 산월동,경상사고,0,0,2,0,차대차 - 추돌,안전운전불이행,건조,맑음,단일로 - 기타,승용,남,35세,경상,승용,남,29세,경상
2019011500100295,2019년 1월 15일 15시,화요일,광주광역시 서구 치평동,경상사고,0,0,1,0,차대사람 - 차도통행중,안전운전불이행,건조,맑음,단일로 - 기타,승용,여,59세,상해없음,보행자,여,49세,경상
2019011500100350,2019년 1월 15일 17시,화요일,광주광역시 서구 쌍촌동,중상사고,0,1,0,0,차량단독 - 기타,안전운전불이행,건조,맑음,단일로 - 기타,승합,남,51세,상해없음,,,,
2019011500100351,2019년 1월 15일 17시,화요일,광주광역시 광산구 운남동,경상사고,0,0,4,0,차대차 - 추돌,안전운전불이행,건조,맑음,단일로 - 기타,승용,여,49세,상해없음,승용,남,60세,경상
2019011500100442,2019년 1월 15일 19시,화요일,광주광역시 북구 양산동,경상사고,0,0,1,0,차대차 - 기타,직진우회전진행방해,건조,맑음,교차로 - 교차로안,승용,남,23세,상해없음,승용,여,26세,경상
2019011500100443,2019년 1월 15일 19시,화요일,광주광역시 북구 임동,중상사고,0,1,0,0,차대사람 - 기타,안전운전불이행,건조,맑음,교차로 - 교차로부근,승용,여,57세,상해없음,보행자,여,51세,중상
2019011500100495,2019년 1월 15일 21시,화요일,광주광역시 북구 중흥동,경상사고,0,0,1,0,차대차 - 측면충돌,안전거리미확보,건조,흐림,단일로 - 기타,승용,남,36세,상해없음,이륜,남,52세,경상
2019011500100496,2019년 1월 15일 21시,화요일,광주광역시 북구 운암동,경상사고,0,0,2,0,차대차 - 추돌,안전운전불이행,건조,맑음,교차로 - 교차로부근,승용,남,63세,상해없음,승용,남,62세,경상
2019011500100497,2019년 1월 15일 21시,화요일,광주광역시 광산구 우산동,경상사고,0,0,1,0,차대사람 - 횡단중,신호위반,건조,맑음,교차로 - 교차로횡단보도내,승용,남,29세,상해없음,보행자,여,47세,경상
2019011500100514,2019년 1월 15일 22시,화요일,광주광역시 동구 서석동,경상사고,0,0,1,0,차대차 - 측면충돌,차로위반,건조,맑음,단일로 - 기타,승용,남,41세,상해없음,승합,남,55세,상해없음
2019011500100530,2019년 1월 15일 23시,화요일,광주광역시 서구 치평동,경상사고,0,0,1,0,차대차 - 기타,신호위반,건조,맑음,교차로 - 교차로안,승용,남,24세,상해없음,승합,남,30세,경상
2019011600100028,2019년 1월 16일 00시,수요일,광주광역시 동구 충장로5가,경상사고,0,0,1,0,차대사람 - 길가장자리구역통행중,안전운전불이행,건조,맑음,단일로 - 기타,승용,여,54세,상해없음,보행자,남,49세,경상
2019011600100029,2019년 1월 16일 00시,수요일,광주광역시 광산구 신창동,경상사고,0,0,2,1,차대차 - 추돌,안전운전불이행,젖음/습기,눈,교차로 - 교차로부근,이륜,남,33세,부상신고,승용,남,24세,경상
2019011600100085,2019년 1월 16일 06시,수요일,광주광역시 광산구 신가동,중상사고,0,1,0,1,차대차 - 추돌,과속,건조,맑음,단일로 - 기타,승용,남,31세,부상신고,승합,남,39세,중상
2019011600100123,2019년 1월 16일 08시,수요일,광주광역시 서구 농성동,경상사고,0,0,1,0,차대차 - 측면충돌,차로위반,건조,맑음,단일로 - 기타,승용,남,70세,상해없음,승용,여,33세,경상
2019011600100124,2019년 1월 16일 08시,수요일,광주광역시 광산구 복룡동,경상사고,0,0,1,0,차대차 - 측면충돌,안전거리미확보,건조,맑음,교차로 - 교차로부근,승용,남,67세,상해없음,승용,남,45세,경상
2019011600100171,2019년 1월 16일 10시,수요일,광주광역시 동구 지산동,경상사고,0,0,1,0,차대차 - 기타,차로위반,건조,맑음,기타 - 기타,화물,남,50세,상해없음,승용,여,57세,경상
2019011600100172,2019년 1월 16일 10시,수요일,광주광역시 동구 학동,경상사고,0,0,1,0,차대차 - 기타,차로위반,건조,맑음,교차로 - 교차로안,승용,남,72세,상해없음,승용,여,52세,경상
2019011600100315,2019년 1월 16일 15시,수요일,광주광역시 서구 금호동,경상사고,0,0,1,0,차대차 - 측면충돌,안전거리미확보,건조,맑음,교차로 - 교차로부근,승용,남,36세,상해없음,원동기,남,21세,경상
2019011600100348,2019년 1월 16일 16시,수요일,광주광역시 서구 치평동,경상사고,0,0,2,0,차대차 - 측면충돌,안전거리미확보,건조,맑음,단일로 - 기타,승용,여,47세,상해없음,승용,남,27세,경상
2019011600100388,2019년 1월 16일 17시,수요일,광주광역시 북구 오룡동,경상사고,0,0,5,0,차대차 - 추돌,안전거리미확보,건조,맑음,단일로 - 기타,화물,남,56세,상해없음,승용,남,41세,경상
2019011600100389,2019년 1월 16일 17시,수요일,광주광역시 광산구 수완동,중상사고,0,1,3,0,차대차 - 측면충돌,교차로운행방법위반,건조,맑음,교차로 - 교차로안,승용,여,21세,경상,승용,남,28세,중상
2019011600100437,2019년 1월 16일 18시,수요일,광주광역시 서구 쌍촌동,경상사고,0,0,1,0,차대차 - 측면충돌,교차로운행방법위반,건조,맑음,교차로 - 교차로안,승용,여,26세,상해없음,이륜,남,40세,경상
2019011600100438,2019년 1월 16일 18시,수요일,광주광역시 서구 쌍촌동,경상사고,0,0,1,0,차대차 - 기타,안전운전불이행,건조,맑음,교차로 - 교차로안,승용,남,54세,상해없음,승용,남,29세,경상
2019011600100439,2019년 1월 16일 18시,수요일,광주광역시 북구 누문동,경상사고,0,0,1,0,차대사람 - 기타,중앙선침범,건조,맑음,단일로 - 기타,화물,남,31세,상해없음,보행자,남,37세,경상
2019011600100483,2019년 1월 16일 19시,수요일,광주광역시 북구 오룡동,경상사고,0,0,3,0,차대차 - 측면충돌,신호위반,건조,맑음,교차로 - 교차로안,승용,여,43세,경상,승용,여,55세,경상
2019011600100484,2019년 1월 16일 19시,수요일,광주광역시 북구 유동,부상신고사고,0,0,0,1,차대차 - 측면충돌,안전운전불이행,건조,맑음,기타 - 기타,기타불명,기타불명,미분류,기타불명,승용,남,32세,부상신고
2019011600100517,2019년 1월 16일 20시,수요일,광주광역시 동구 금남로1가,경상사고,0,0,1,0,차대차 - 기타,안전거리미확보,건조,맑음,단일로 - 기타,승용,남,28세,상해없음,이륜,남,22세,경상
2019011600100539,2019년 1월 16일 21시,수요일,광주광역시 서구 치평동,경상사고,0,0,1,0,차대차 - 측면충돌,교차로운행방법위반,건조,맑음,교차로 - 교차로안,승용,남,22세,상해없음,승용,남,51세,상해없음
2019011700100056,2019년 1월 17일 04시,목요일,광주광역시 남구 방림동,중상사고,0,1,1,1,차대차 - 측면충돌,신호위반,건조,맑음,교차로 - 교차로안,승합,남,39세,상해없음,화물,남,53세,경상
2019011700100102,2019년 1월 17일 07시,목요일,광주광역시 광산구 신창동,경상사고,0,0,3,0,차대차 - 측면충돌,안전운전불이행,건조,맑음,단일로 - 기타,승용,여,33세,경상,승용,여,51세,경상
2019011700100182,2019년 1월 17일 10시,목요일,광주광역시 동구 서석동,경상사고,0,0,2,0,차대차 - 측면충돌,신호위반,건조,맑음,교차로 - 교차로안,승용,남,27세,상해없음,승용,남,56세,경상
2019011700100183,2019년 1월 17일 10시,목요일,광주광역시 서구 화정동,경상사고,0,0,1,0,차대사람 - 횡단중,보행자보호의무위반,건조,맑음,단일로 - 기타,승용,남,26세,상해없음,보행자,남,39세,경상
2019011700100184,2019년 1월 17일 10시,목요일,광주광역시 북구 임동,경상사고,0,0,1,0,차대차 - 측면충돌,안전운전불이행,건조,맑음,단일로 - 기타,승용,남,23세,상해없음,이륜,남,54세,경상
2019011700100211,2019년 1월 17일 11시,목요일,광주광역시 서구 화정동,중상사고,0,1,1,0,차대차 - 기타,직진우회전진행방해,건조,맑음,교차로 - 교차로안,이륜,남,26세,중상,승용,남,75세,경상
2019011700100212,2019년 1월 17일 11시,목요일,광주광역시 북구 우산동,경상사고,0,0,1,0,차대차 - 추돌,안전운전불이행,건조,맑음,단일로 - 기타,승용,남,60세,상해없음,승용,남,47세,상해없음
2019011700100234,2019년 1월 17일 12시,목요일,광주광역시 서구 동천동,경상사고,0,0,4,0,차대차 - 측면충돌,안전운전불이행,건조,맑음,단일로 - 기타,화물,남,45세,상해없음,승용,남,49세,경상
2019011700100268,2019년 1월 17일 13시,목요일,광주광역시 북구 신안동,경상사고,0,0,3,0,차대차 - 측면충돌,직진우회전진행방해,건조,맑음,교차로 - 교차로안,승용,남,80세,상해없음,승용,여,48세,경상
2019011700100297,2019년 1월 17일 14시,목요일,광주광역시 북구 양산동,경상사고,0,0,1,0,차대차 - 측면충돌,안전운전불이행,건조,맑음,교차로 - 교차로안,이륜,남,36세,경상,화물,남,29세,상해없음
2019011700100298,2019년 1월 17일 14시,목요일,광주광역시 광산구 수완동,부상신고사고,0,0,0,1,차대사람 - 횡단중,안전운전불이행,건조,맑음,교차로 - 교차로횡단보도내,기타불명,남,미분류,기타불명,보행자,여,17세,부상신고
2019011700100330,2019년 1월 17일 15시,목요일,광주광역시 광산구 월곡동,경상사고,0,0,1,0,차대차 - 측면충돌,안전운전불이행,건조,맑음,단일로 - 기타,승용,여,50세,상해없음,화물,남,27세,경상
2019011700100400,2019년 1월 17일 17시,목요일,광주광역시 광산구 도천동,경상사고,0,0,2,0,차대차 - 추돌,안전운전불이행,건조,맑음,단일로 - 기타,승용,여,47세,상해없음,승용,여,30세,경상
2019011700100576,2019년 1월 17일 22시,목요일,광주광역시 서구 풍암동,경상사고,0,0,1,0,차대차 - 측면충돌,안전거리미확보,건조,맑음,단일로 - 기타,승용,남,23세,상해없음,이륜,남,51세,경상
2019011800100023,2019년 1월 18일 00시,금요일,광주광역시 남구 주월동,경상사고,0,0,1,0,차대차 - 측면충돌,신호위반,건조,맑음,교차로 - 교차로안,승용,남,23세,상해없음,승용,남,61세,경상
2019011800100032,2019년 1월 18일 01시,금요일,광주광역시 북구 양산동,경상사고,0,0,1,0,차대차 - 측면충돌,안전거리미확보,건조,맑음,단일로 - 기타,승용,남,57세,상해없음,승용,남,41세,경상
2019011800100041,2019년 1월 18일 03시,금요일,광주광역시 서구 농성동,중상사고,0,1,3,0,차대차 - 측면충돌,교차로운행방법위반,건조,맑음,교차로 - 교차로안,승용,남,29세,경상,승합,남,34세,경상
2019011800100078,2019년 1월 18일 06시,금요일,광주광역시 광산구 수완동,경상사고,0,0,1,0,차대차 - 후진중충돌,불법유턴,건조,맑음,단일로 - 기타,승용,여,56세,상해없음,승용,남,61세,경상
2019011800100102,2019년 1월 18일 07시,금요일,광주광역시 서구 덕흥동,경상사고,0,0,1,0,차대차 - 정면충돌,중앙선침범,건조,맑음,단일로 - 기타,승용,남,22세,상해없음,승합,남,73세,경상
2019011800100103,2019년 1월 18일 07시,금요일,광주광역시 북구 용봉동,경상사고,0,0,1,0,차대차 - 측면충돌,안전운전불이행,건조,맑음,단일로 - 기타,승용,남,74세,경상,건설기계,남,57세,상해없음
2019011800100161,2019년 1월 18일 09시,금요일,광주광역시 서구 광천동,경상사고,0,0,1,0,차대사람 - 기타,신호위반,건조,맑음,교차로 - 교차로안,승합,남,60세,상해없음,보행자,남,69세,경상
2019011800100162,2019년 1월 18일 09시,금요일,광주광역시 북구 양산동,경상사고,0,0,3,0,차대차 - 기타,안전운전불이행,건조,맑음,단일로 - 기타,승용,여,35세,경상,화물,남,62세,경상
2019011800100202,2019년 1월 18일 10시,금요일,광주광역시 서구 농성동,경상사고,0,0,1,0,차대차 - 추돌,안전운전불이행,건조,맑음,단일로 - 기타,승용,여,45세,상해없음,승용,남,27세,경상
2019011800100241,2019년 1월 18일 11시,금요일,광주광역시 서구 금호동,경상사고,0,0,1,0,차대차 - 측면충돌,안전운전불이행,건조,맑음,단일로 - 기타,승용,남,56세,상해없음,승용,여,54세,경상
2019011800100242,2019년 1월 18일 11시,금요일,광주광역시 광산구 신창동,경상사고,0,0,1,0,차대차 - 기타,안전운전불이행,건조,맑음,단일로 - 기타,승용,남,23세,상해없음,승용,남,52세,기타불명
2019011800100243,2019년 1월 18일 11시,금요일,광주광역시 광산구 쌍암동,경상사고,0,0,3,0,차대차 - 추돌,안전운전불이행,건조,맑음,단일로 - 기타,화물,남,46세,상해없음,승용,여,51세,경상
2019011800100295,2019년 1월 18일 13시,금요일,광주광역시 북구 운암동,경상사고,0,0,1,0,차대차 - 기타,안전운전불이행,건조,맑음,단일로 - 기타,이륜,남,43세,경상,승용,남,56세,상해없음
2019011800100325,2019년 1월 18일 14시,금요일,광주광역시 서구 쌍촌동,경상사고,0,0,2,0,차대차 - 측면충돌,안전거리미확보,건조,맑음,교차로 - 교차로부근,승용,남,66세,상해없음,승용,여,54세,경상
2019011800100326,2019년 1월 18일 14시,금요일,광주광역시 서구 유촌동,경상사고,0,0,2,0,차대차 - 추돌,안전운전불이행,건조,맑음,단일로 - 기타,승용,여,32세,기타불명,승용,남,27세,경상
2019011800100327,2019년 1월 18일 14시,금요일,광주광역시 광산구 하남동,중상사고,0,1,0,0,차대차 - 측면충돌,안전운전불이행,건조,맑음,단일로 - 기타,화물,남,39세,상해없음,승용,여,41세,기타불명
2019011800100361,2019년 1월 18일 15시,금요일,광주광역시 북구 일곡동,경상사고,0,0,1,0,차대사람 - 차도통행중,안전운전불이행,건조,맑음,단일로 - 기타,기타불명,기타불명,미분류,기타불명,보행자,남,87세,경상
2019011800100387,2019년 1월 18일 16시,금요일,광주광역시 서구 동천동,경상사고,0,0,1,0,차대차 - 측면충돌,직진우회전진행방해,건조,맑음,교차로 - 교차로안,승용,남,59세,상해없음,승용,여,34세,경상
2019011800100428,2019년 1월 18일 17시,금요일,광주광역시 서구 쌍촌동,경상사고,0,0,1,0,차대사람 - 기타,안전운전불이행,건조,맑음,교차로 - 교차로안,화물,남,55세,상해없음,보행자,여,59세,경상
2019011800100429,2019년 1월 18일 17시,금요일,광주광역시 서구 풍암동,경상사고,0,0,3,0,차대차 - 기타,교차로운행방법위반,건조,맑음,교차로 - 교차로안,승용,남,44세,경상,승용,여,48세,경상
2019011800100430,2019년 1월 18일 17시,금요일,광주광역시 북구 운암동,경상사고,0,0,1,0,차대차 - 추돌,안전운전불이행,건조,맑음,단일로 - 기타,승용,남,45세,상해없음,화물,남,38세,경상
2019011800100491,2019년 1월 18일 18시,금요일,광주광역시 북구 문흥동,경상사고,0,0,2,0,차대차 - 측면충돌,직진우회전진행방해,건조,맑음,교차로 - 교차로안,승용,남,57세,상해없음,승용,남,36세,경상
2019011800100492,2019년 1월 18일 18시,금요일,광주광역시 광산구 수완동,경상사고,0,0,3,0,차대차 - 기타,안전운전불이행,건조,맑음,단일로 - 기타,승용,남,46세,상해없음,승용,남,18세,경상
2019011800100543,2019년 1월 18일 19시,금요일,광주광역시 광산구 수완동,경상사고,0,0,4,0,차대차 - 정면충돌,안전운전불이행,건조,맑음,교차로 - 교차로안,승용,여,27세,상해없음,승용,남,30세,경상
2019011800100566,2019년 1월 18일 20시,금요일,광주광역시 서구 치평동,경상사고,0,0,3,0,차대차 - 기타,신호위반,건조,맑음,교차로 - 교차로부근,승용,남,54세,경상,승용,남,37세,경상
2019011800100596,2019년 1월 18일 21시,금요일,광주광역시 서구 금호동,경상사고,0,0,1,0,차대차 - 측면충돌,신호위반,건조,맑음,교차로 - 교차로안,승합,남,53세,상해없음,승용,남,57세,상해없음
2019011800100621,2019년 1월 18일 22시,금요일,광주광역시 서구 쌍촌동,부상신고사고,0,0,0,1,차대차 - 후진중충돌,안전운전불이행,건조,맑음,단일로 - 기타,승용,남,33세,상해없음,승용,여,41세,부상신고
2019011800100622,2019년 1월 18일 22시,금요일,광주광역시 북구 중흥동,경상사고,0,0,3,0,차대차 - 측면충돌,안전운전불이행,건조,맑음,단일로 - 기타,승용,남,22세,경상,이륜,남,27세,경상
2019011800100645,2019년 1월 18일 23시,금요일,광주광역시 서구 농성동,경상사고,0,0,1,0,차대차 - 측면충돌,중앙선침범,건조,맑음,단일로 - 기타,이륜,남,24세,상해없음,승용,남,52세,상해없음
2019011800100646,2019년 1월 18일 23시,금요일,광주광역시 서구 화정동,경상사고,0,0,1,0,차대사람 - 기타,안전운전불이행,건조,맑음,교차로 - 교차로부근,승용,남,45세,상해없음,보행자,남,39세,경상
2019011900100038,2019년 1월 19일 01시,토요일,광주광역시 북구 오치동,중상사고,0,1,1,0,차대차 - 추돌,안전운전불이행,건조,맑음,단일로 - 기타,승용,남,24세,상해없음,승용,남,25세,경상
2019011900100053,2019년 1월 19일 02시,토요일,광주광역시 서구 쌍촌동,경상사고,0,0,3,0,차대차 - 추돌,안전운전불이행,건조,맑음,단일로 - 기타,승용,남,30세,상해없음,승용,남,50세,경상
2019011900100054,2019년 1월 19일 02시,토요일,광주광역시 광산구 쌍암동,경상사고,0,0,1,0,차대차 - 추돌,안전거리미확보,건조,맑음,단일로 - 기타,승용,남,49세,상해없음,승용,남,27세,경상
2019011900100128,2019년 1월 19일 08시,토요일,광주광역시 북구 유동,경상사고,0,0,6,0,차대차 - 기타,신호위반,건조,맑음,교차로 - 교차로안,화물,남,59세,상해없음,화물,남,51세,경상
2019011900100168,2019년 1월 19일 10시,토요일,광주광역시 남구 주월동,중상사고,0,1,0,0,차대차 - 측면충돌,신호위반,건조,맑음,단일로 - 기타,이륜,남,27세,중상,승용,남,48세,상해없음
2019011900100195,2019년 1월 19일 11시,토요일,광주광역시 서구 화정동,경상사고,0,0,1,0,차대차 - 기타,안전거리미확보,건조,맑음,단일로 - 기타,화물,남,41세,상해없음,승합,남,36세,상해없음
2019011900100228,2019년 1월 19일 12시,토요일,광주광역시 북구 신안동,중상사고,0,1,0,0,차대차 - 측면충돌,안전거리미확보,건조,맑음,단일로 - 기타,특수,남,43세,상해없음,이륜,남,78세,중상
2019011900100229,2019년 1월 19일 12시,토요일,광주광역시 북구 생용동,경상사고,0,0,3,0,차대차 - 기타,중앙선침범,건조,맑음,단일로 - 기타,승용,남,44세,상해없음,화물,남,43세,경상
2019011900100230,2019년 1월 19일 12시,토요일,광주광역시 북구 신안동,경상사고,0,0,1,0,차대차 - 측면충돌,안전운전불이행,건조,맑음,교차로 - 교차로안,승용,남,23세,상해없음,승용,남,36세,경상
2019011900100255,2019년 1월 19일 13시,토요일,광주광역시 북구 망월동,경상사고,0,0,3,0,차대차 - 측면충돌,안전운전불이행,건조,맑음,단일로 - 기타,승용,남,38세,상해없음,승용,남,39세,경상
2019011900100262,2019년 1월 19일 13시,토요일,광주광역시 북구 양산동,경상사고,0,0,2,1,차대차 - 측면충돌,교차로운행방법위반,건조,맑음,교차로 - 교차로안,승용,여,26세,경상,승용,남,66세,경상
2019011900100280,2019년 1월 19일 14시,토요일,광주광역시 동구 계림동,경상사고,0,0,3,0,차대차 - 추돌,안전운전불이행,건조,맑음,단일로 - 기타,승용,남,65세,기타불명,승용,여,50세,경상
2019011900100281,2019년 1월 19일 14시,토요일,광주광역시 남구 주월동,중상사고,0,1,1,0,차대차 - 기타,교차로운행방법위반,건조,맑음,교차로 - 교차로안,이륜,남,50세,중상,승용,남,68세,경상
2019011900100282,2019년 1월 19일 14시,토요일,광주광역시 광산구 하남동,경상사고,0,0,1,0,차대차 - 측면충돌,차로위반,건조,맑음,단일로 - 기타,승용,여,55세,상해없음,이륜,남,36세,경상
2019011900100350,2019년 1월 19일 17시,토요일,광주광역시 북구 양산동,경상사고,0,0,2,0,차대차 - 기타,안전운전불이행,건조,맑음,교차로 - 교차로부근,승용,남,44세,상해없음,승용,여,67세,경상
2019011900100383,2019년 1월 19일 18시,토요일,광주광역시 북구 용봉동,경상사고,0,0,1,0,차대사람 - 횡단중,안전운전불이행,젖음/습기,비,교차로 - 교차로부근,승용,남,55세,상해없음,보행자,남,40세,경상
2019011900100416,2019년 1월 19일 19시,토요일,광주광역시 동구 학동,경상사고,0,0,1,0,차대차 - 측면충돌,교차로운행방법위반,건조,맑음,교차로 - 교차로안,승용,남,42세,기타불명,승용,남,54세,경상
2019011900100417,2019년 1월 19일 19시,토요일,광주광역시 서구 매월동,경상사고,0,0,2,0,차대차 - 추돌,안전운전불이행,건조,맑음,단일로 - 기타,승용,남,67세,경상,승용,남,65세,경상
2019011900100418,2019년 1월 19일 19시,토요일,광주광역시 북구 중흥동,경상사고,0,0,4,0,차대차 - 측면충돌,교차로운행방법위반,젖음/습기,비,교차로 - 교차로안,승용,남,63세,상해없음,승용,남,45세,경상
2019011900100444,2019년 1월 19일 20시,토요일,광주광역시 북구 우산동,경상사고,0,0,3,0,차대차 - 추돌,안전운전불이행,젖음/습기,비,교차로 - 교차로부근,승용,남,50세,상해없음,승용,남,32세,상해없음
2019011900100470,2019년 1월 19일 21시,토요일,광주광역시 광산구 송정동,경상사고,0,0,1,0,차대차 - 측면충돌,안전운전불이행,건조,맑음,교차로 - 교차로안,승용,여,47세,상해없음,화물,남,48세,경상
2019011900100492,2019년 1월 19일 22시,토요일,광주광역시 서구 농성동,경상사고,0,0,2,0,차대차 - 측면충돌,신호위반,젖음/습기,비,교차로 - 교차로안,승용,남,43세,상해없음,승용,남,28세,경상
2019011900100493,2019년 1월 19일 22시,토요일,광주광역시 북구 운암동,경상사고,0,0,1,0,차대사람 - 기타,안전운전불이행,젖음/습기,비,교차로 - 교차로안,승용,남,39세,상해없음,보행자,남,50세,경상
2019011900100494,2019년 1월 19일 22시,토요일,광주광역시 북구 용봉동,경상사고,0,0,1,0,차대사람 - 기타,안전운전불이행,건조,맑음,단일로 - 기타,승용,남,38세,상해없음,보행자,여,25세,경상
2019011900100495,2019년 1월 19일 22시,토요일,광주광역시 광산구 운남동,경상사고,0,0,1,0,차대사람 - 횡단중,안전운전불이행,젖음/습기,비,단일로 - 기타,승용,여,63세,상해없음,보행자,남,57세,경상
2019012000100056,2019년 1월 20일 01시,일요일,광주광역시 남구 주월동,경상사고,0,0,2,0,차량단독 - 기타,안전운전불이행,젖음/습기,흐림,단일로 - 기타,승용,남,50세,경상,,,,
2019012000100071,2019년 1월 20일 02시,일요일,광주광역시 북구 동림동,경상사고,0,0,3,0,차대차 - 추돌,안전운전불이행,젖음/습기,맑음,교차로 - 교차로부근,승용,남,31세,상해없음,승용,남,58세,경상
2019012000100102,2019년 1월 20일 05시,일요일,광주광역시 북구 오치동,중상사고,0,1,0,0,차대사람 - 기타,안전운전불이행,건조,맑음,교차로 - 교차로안,승용,여,56세,상해없음,보행자,남,49세,중상
2019012000100120,2019년 1월 20일 07시,일요일,광주광역시 광산구 송정동,중상사고,0,1,0,0,차대사람 - 횡단중,보행자보호의무위반,건조,맑음,교차로 - 교차로횡단보도내,승용,남,52세,상해없음,보행자,여,79세,중상
2019012000100132,2019년 1월 20일 08시,일요일,광주광역시 광산구 장덕동,경상사고,0,0,1,0,차대차 - 기타,안전운전불이행,건조,맑음,교차로 - 교차로안,승용,남,60세,상해없음,승용,남,39세,경상
2019012000100213,2019년 1월 20일 13시,일요일,광주광역시 동구 운림동,경상사고,0,0,1,0,차대차 - 기타,안전운전불이행,건조,맑음,교차로 - 교차로안,승용,남,55세,상해없음,이륜,남,76세,경상
2019012000100238,2019년 1월 20일 14시,일요일,광주광역시 서구 금호동,경상사고,0,0,2,0,차대차 - 추돌,안전운전불이행,건조,맑음,교차로 - 교차로부근,승용,남,53세,상해없음,승용,남,56세,경상
2019012000100239,2019년 1월 20일 14시,일요일,광주광역시 북구 임동,경상사고,0,0,2,0,차대차 - 기타,차로위반,건조,맑음,교차로 - 교차로안,승용,남,74세,상해없음,승용,남,27세,경상
2019012000100260,2019년 1월 20일 15시,일요일,광주광역시 동구 운림동,경상사고,0,0,2,0,차대차 - 기타,안전거리미확보,건조,맑음,단일로 - 기타,승용,남,76세,경상,승용,여,57세,경상
2019012000100288,2019년 1월 20일 16시,일요일,광주광역시 동구 학동,경상사고,0,0,2,0,차대차 - 측면충돌,안전거리미확보,건조,맑음,단일로 - 기타,승용,남,50세,상해없음,승용,남,18세,경상
2019012000100289,2019년 1월 20일 16시,일요일,광주광역시 서구 쌍촌동,경상사고,0,0,1,0,차대차 - 측면충돌,안전운전불이행,건조,맑음,단일로 - 기타,승용,여,26세,경상,승용,남,57세,기타불명
2019012000100354,2019년 1월 20일 18시,일요일,광주광역시 북구 신용동,경상사고,0,0,4,0,차대차 - 기타,신호위반,건조,맑음,교차로 - 교차로안,승용,남,55세,경상,승용,남,52세,경상
2019012000100355,2019년 1월 20일 18시,일요일,광주광역시 북구 용봉동,경상사고,0,0,1,0,차량단독 - 기타,안전운전불이행,건조,맑음,단일로 - 기타,승용,남,53세,상해없음,,,,
2019012000100356,2019년 1월 20일 18시,일요일,광주광역시 광산구 우산동,중상사고,0,1,0,0,차대사람 - 기타,안전운전불이행,건조,맑음,단일로 - 기타,원동기,남,50세,상해없음,보행자,남,69세,중상
2019012000100383,2019년 1월 20일 19시,일요일,광주광역시 서구 풍암동,경상사고,0,0,1,0,차대사람 - 횡단중,안전운전불이행,건조,맑음,교차로 - 교차로안,이륜,남,42세,상해없음,보행자,남,85세,경상
2019012000100384,2019년 1월 20일 19시,일요일,광주광역시 북구 두암동,경상사고,0,0,1,0,차대차 - 측면충돌,안전거리미확보,건조,맑음,단일로 - 기타,승용,남,31세,상해없음,이륜,남,29세,경상
2019012000100385,2019년 1월 20일 19시,일요일,광주광역시 광산구 산정동,경상사고,0,0,1,0,차대사람 - 길가장자리구역통행중,안전운전불이행,건조,맑음,단일로 - 기타,기타불명,기타불명,미분류,기타불명,보행자,여,60세,경상
2019012000100386,2019년 1월 20일 19시,일요일,광주광역시 광산구 수완동,경상사고,0,0,1,0,차대사람 - 기타,안전운전불이행,건조,흐림,단일로 - 기타,기타불명,기타불명,미분류,기타불명,보행자,남,46세,경상
2019012000100439,2019년 1월 20일 21시,일요일,광주광역시 동구 금동,경상사고,0,0,1,0,차대차 - 기타,안전운전불이행,건조,맑음,교차로 - 교차로횡단보도내,승용,남,27세,상해없음,승용,남,34세,경상
2019012000100440,2019년 1월 20일 21시,일요일,광주광역시 서구 쌍촌동,중상사고,0,1,1,0,차대사람 - 횡단중,신호위반,건조,맑음,교차로 - 교차로안,이륜,남,63세,경상,보행자,남,26세,중상
2019012000100463,2019년 1월 20일 23시,일요일,광주광역시 서구 화정동,경상사고,0,0,5,0,차대차 - 측면충돌,신호위반,건조,맑음,교차로 - 교차로안,승용,남,59세,상해없음,승용,여,34세,경상
2019012100100029,2019년 1월 21일 00시,월요일,광주광역시 서구 풍암동,경상사고,0,0,4,0,차대차 - 추돌,안전운전불이행,건조,맑음,단일로 - 기타,승용,남,28세,상해없음,승용,남,66세,경상
2019012100100094,2019년 1월 21일 07시,월요일,광주광역시 동구 금남로4가,경상사고,0,0,1,0,차대차 - 기타,안전운전불이행,건조,맑음,기타 - 기타,승용,남,24세,상해없음,자전거,남,52세,경상