사고번호,사고일시,요일,시군구,사고내용,사망자수,중상자수,경상자수,부상신고자수,사고유형,법규위반,노면상태,기상상태,도로형태,가해운전자 차종,가해운전자 성별,가해운전자 연령,가해운전자 상해정도,피해운전자 차종,피해운전자 성별,피해운전자 연령,피해운전자 상해정도
2019012100100115,2019년 1월 21일 08시,월요일,광주광역시 남구 주월동,경상사고,0,0,1,0,차대차 - 기타,중앙선침범,건조,맑음,교차로 - 교차로안,자전거,여,63세,경상,승용,여,36세,상해없음
2019012100100184,2019년 1월 21일 10시,월요일,광주광역시 서구 치평동,경상사고,0,0,1,0,차대차 - 측면충돌,안전운전불이행,건조,맑음,교차로 - 교차로안,승용,남,50세,경상,승용,여,28세,상해없음
2019012100100185,2019년 1월 21일 10시,월요일,광주광역시 서구 풍암동,경상사고,0,0,1,0,차대사람 - 횡단중,보행자보호의무위반,건조,맑음,단일로 - 기타,승용,여,46세,상해없음,보행자,남,7세,경상
2019012100100239,2019년 1월 21일 12시,월요일,광주광역시 서구 농성동,경상사고,0,0,1,0,차대사람 - 기타,안전운전불이행,건조,맑음,교차로 - 교차로부근,승용,여,60세,상해없음,보행자,남,35세,경상
2019012100100263,2019년 1월 21일 13시,월요일,광주광역시 동구 학동,중상사고,0,1,0,0,차대사람 - 횡단중,신호위반,건조,맑음,단일로 - 기타,승용,여,38세,상해없음,보행자,남,75세,중상
2019012100100264,2019년 1월 21일 13시,월요일,광주광역시 광산구 월곡동,경상사고,0,0,1,0,차대차 - 후진중충돌,안전운전불이행,건조,맑음,주차장 - 주차장,승용,남,45세,상해없음,승용,남,22세,경상
2019012100100321,2019년 1월 21일 15시,월요일,광주광역시 서구 치평동,경상사고,0,0,1,0,차대차 - 추돌,안전운전불이행,건조,맑음,교차로 - 교차로부근,승용,남,54세,상해없음,승용,여,47세,경상
2019012100100322,2019년 1월 21일 15시,월요일,광주광역시 남구 주월동,경상사고,0,0,2,0,차대차 - 추돌,안전거리미확보,건조,맑음,교차로 - 교차로부근,승용,남,59세,상해없음,승용,남,21세,경상
2019012100100351,2019년 1월 21일 16시,월요일,광주광역시 광산구 송정동,경상사고,0,0,2,0,차대차 - 기타,신호위반,건조,맑음,교차로 - 교차로안,승용,여,32세,경상,승용,여,51세,경상
2019012100100428,2019년 1월 21일 18시,월요일,광주광역시 광산구 장덕동,경상사고,0,0,1,0,차대사람 - 횡단중,보행자보호의무위반,건조,맑음,단일로 - 기타,승용,여,32세,상해없음,보행자,여,15세,경상
2019012100100472,2019년 1월 21일 19시,월요일,광주광역시 서구 쌍촌동,중상사고,0,1,3,0,차대차 - 측면충돌,차로위반,건조,맑음,단일로 - 기타,화물,남,71세,상해없음,승용,여,32세,중상
2019012100100499,2019년 1월 21일 20시,월요일,광주광역시 북구 두암동,부상신고사고,0,0,0,1,차대사람 - 기타,안전운전불이행,건조,맑음,단일로 - 기타,승용,남,19세,기타불명,보행자,남,60세,부상신고
2019012100100500,2019년 1월 21일 20시,월요일,광주광역시 광산구 서봉동,경상사고,0,0,2,0,차대차 - 측면충돌,안전거리미확보,건조,맑음,단일로 - 기타,승용,남,41세,경상,화물,남,44세,경상
2019012100100553,2019년 1월 21일 22시,월요일,광주광역시 남구 월산동,경상사고,0,0,3,0,차대차 - 측면충돌,안전거리미확보,건조,맑음,단일로 - 기타,이륜,남,19세,경상,승용,남,57세,경상
2019012100100554,2019년 1월 21일 22시,월요일,광주광역시 남구 월산동,경상사고,0,0,1,0,차대차 - 측면충돌,차로위반,건조,맑음,단일로 - 기타,승용,여,52세,상해없음,승용,남,27세,경상
2019012100100555,2019년 1월 21일 22시,월요일,광주광역시 북구 용봉동,경상사고,0,0,1,0,차대사람 - 기타,안전운전불이행,건조,맑음,교차로 - 교차로부근,승용,여,45세,기타불명,보행자,여,23세,경상
2019012100100556,2019년 1월 21일 22시,월요일,광주광역시 광산구 산월동,경상사고,0,0,1,0,차대차 - 추돌,안전운전불이행,건조,맑음,교차로 - 교차로부근,승용,여,39세,상해없음,승용,여,37세,경상
2019012100100568,2019년 1월 21일 23시,월요일,광주광역시 북구 용봉동,중상사고,0,1,0,0,차대차 - 기타,차로위반,건조,맑음,교차로 - 교차로안,승용,남,21세,상해없음,원동기,남,18세,중상
2019012200100066,2019년 1월 22일 04시,화요일,광주광역시 광산구 산월동,중상사고,0,1,2,0,차대차 - 측면충돌,신호위반,건조,맑음,교차로 - 교차로안,승용,남,26세,상해없음,승용,남,57세,경상
2019012200100101,2019년 1월 22일 06시,화요일,광주광역시 광산구 동산동,경상사고,0,0,1,0,차대차 - 추돌,안전운전불이행,건조,맑음,단일로 - 기타,특수,남,40세,상해없음,화물,남,64세,경상
2019012200100178,2019년 1월 22일 08시,화요일,광주광역시 광산구 산월동,경상사고,0,0,1,0,차대차 - 측면충돌,신호위반,건조,맑음,단일로 - 기타,승용,남,71세,상해없음,자전거,남,29세,경상
2019012200100320,2019년 1월 22일 13시,화요일,광주광역시 동구 금남로4가,중상사고,0,1,0,0,차대사람 - 기타,안전운전불이행,건조,맑음,교차로 - 교차로안,승용,남,29세,상해없음,보행자,여,65세,중상
2019012200100340,2019년 1월 22일 14시,화요일,광주광역시 남구 주월동,경상사고,0,0,3,0,차대차 - 측면충돌,안전거리미확보,건조,맑음,단일로 - 기타,원동기,남,61세,경상,승용,여,37세,경상
2019012200100341,2019년 1월 22일 14시,화요일,광주광역시 북구 풍향동,경상사고,0,0,1,0,차대차 - 측면충돌,안전운전불이행,건조,맑음,단일로 - 기타,자전거,남,83세,경상,승용,남,58세,상해없음
2019012200100342,2019년 1월 22일 14시,화요일,광주광역시 북구 본촌동,경상사고,0,0,2,0,차대차 - 측면충돌,교차로운행방법위반,건조,맑음,교차로 - 교차로안,화물,남,70세,경상,화물,남,41세,경상
2019012200100400,2019년 1월 22일 16시,화요일,광주광역시 북구 두암동,중상사고,0,1,0,0,차대사람 - 차도통행중,안전운전불이행,건조,맑음,단일로 - 기타,승용,여,33세,상해없음,보행자,여,75세,중상
2019012200100427,2019년 1월 22일 17시,화요일,광주광역시 서구 광천동,경상사고,0,0,2,0,차대차 - 추돌,안전운전불이행,건조,맑음,단일로 - 기타,승용,남,39세,상해없음,승용,여,58세,경상
2019012200100428,2019년 1월 22일 17시,화요일,광주광역시 광산구 수완동,경상사고,0,0,1,0,차대차 - 기타,안전운전불이행,건조,맑음,단일로 - 기타,승용,여,32세,상해없음,이륜,남,16세,경상
2019012200100469,2019년 1월 22일 18시,화요일,광주광역시 서구 치평동,중상사고,0,1,0,0,차대차 - 측면충돌,안전운전불이행,건조,맑음,교차로 - 교차로부근,승용,여,58세,상해없음,이륜,남,24세,중상
2019012200100470,2019년 1월 22일 18시,화요일,광주광역시 북구 양산동,경상사고,0,0,1,0,차대차 - 기타,안전운전불이행,건조,흐림,교차로 - 교차로안,화물,남,61세,기타불명,승용,여,35세,경상
2019012200100471,2019년 1월 22일 18시,화요일,광주광역시 광산구 소촌동,경상사고,0,0,2,0,차대차 - 기타,안전운전불이행,건조,맑음,단일로 - 기타,이륜,남,18세,경상,승용,남,70세,상해없음
2019012200100544,2019년 1월 22일 20시,화요일,광주광역시 광산구 쌍암동,경상사고,0,0,1,0,차대차 - 추돌,안전운전불이행,건조,맑음,교차로 - 교차로안,승용,여,29세,상해없음,승용,여,50세,경상
2019012200100561,2019년 1월 22일 21시,화요일,광주광역시 광산구 월계동,중상사고,0,1,1,0,차대차 - 기타,신호위반,건조,맑음,교차로 - 교차로안,이륜,남,50세,중상,승용,여,32세,경상
2019012200100588,2019년 1월 22일 22시,화요일,광주광역시 서구 광천동,경상사고,0,0,1,0,차대차 - 기타,안전거리미확보,건조,맑음,단일로 - 기타,승용,남,68세,상해없음,승합,남,53세,상해없음
2019012200100589,2019년 1월 22일 22시,화요일,광주광역시 남구 진월동,경상사고,0,0,1,0,차대차 - 기타,안전운전불이행,건조,맑음,단일로 - 기타,승용,남,33세,상해없음,승합,남,49세,경상
2019012200100590,2019년 1월 22일 22시,화요일,광주광역시 광산구 신창동,부상신고사고,0,0,0,1,차대차 - 기타,안전거리미확보,건조,맑음,단일로 - 기타,승용,남,49세,상해없음,원동기,남,18세,부상신고
2019012200100604,2019년 1월 22일 23시,화요일,광주광역시 북구 용두동,중상사고,0,1,0,0,차대차 - 기타,안전운전불이행,건조,맑음,교차로 - 교차로안,이륜,남,43세,상해없음,개인형이동수단(PM),남,43세,중상
2019012300100057,2019년 1월 23일 03시,수요일,광주광역시 서구 풍암동,경상사고,0,0,1,0,차대차 - 기타,신호위반,건조,맑음,교차로 - 교차로안,승용,남,41세,상해없음,승용,남,29세,경상
2019012300100114,2019년 1월 23일 07시,수요일,광주광역시 광산구 우산동,경상사고,0,0,1,0,차대차 - 측면충돌,안전운전불이행,건조,맑음,교차로 - 교차로안,승용,남,41세,상해없음,승용,남,33세,경상
2019012300100187,2019년 1월 23일 09시,수요일,광주광역시 남구 월산동,경상사고,0,0,1,0,차대사람 - 차도통행중,안전운전불이행,건조,맑음,단일로 - 기타,승합,남,60세,상해없음,보행자,남,70세,경상
2019012300100211,2019년 1월 23일 10시,수요일,광주광역시 서구 치평동,경상사고,0,0,1,0,차대차 - 측면충돌,기타,건조,맑음,단일로 - 기타,화물,남,64세,기타불명,승용,여,49세,경상
2019012300100268,2019년 1월 23일 12시,수요일,광주광역시 서구 농성동,중상사고,0,1,1,0,차대차 - 측면충돌,신호위반,건조,맑음,교차로 - 교차로안,승용,남,29세,상해없음,승용,여,47세,중상
2019012300100269,2019년 1월 23일 12시,수요일,광주광역시 서구 유촌동,경상사고,0,0,2,0,차대차 - 측면충돌,교차로운행방법위반,건조,맑음,교차로 - 교차로안,특수,남,44세,경상,화물,남,26세,경상
2019012300100317,2019년 1월 23일 14시,수요일,광주광역시 남구 양림동,중상사고,0,1,0,0,차대차 - 측면충돌,안전운전불이행,건조,맑음,단일로 - 기타,자전거,여,63세,중상,승용,여,61세,상해없음
2019012300100318,2019년 1월 23일 14시,수요일,광주광역시 북구 용봉동,경상사고,0,0,1,0,차대차 - 측면충돌,안전운전불이행,건조,맑음,교차로 - 교차로부근,화물,여,68세,상해없음,이륜,남,27세,경상
2019012300100319,2019년 1월 23일 14시,수요일,광주광역시 북구 두암동,경상사고,0,0,1,0,차대사람 - 기타,신호위반,건조,맑음,교차로 - 교차로횡단보도내,화물,여,71세,상해없음,보행자,여,48세,경상
2019012300100342,2019년 1월 23일 15시,수요일,광주광역시 광산구 용동,경상사고,0,0,1,0,차대차 - 측면충돌,교차로운행방법위반,건조,맑음,교차로 - 교차로안,화물,남,50세,상해없음,승용,남,53세,경상
2019012300100397,2019년 1월 23일 17시,수요일,광주광역시 북구 운암동,경상사고,0,0,1,0,차대차 - 측면충돌,안전거리미확보,건조,맑음,단일로 - 기타,승용,남,21세,기타불명,사륜오토바이(ATV),남,47세,경상
2019012300100437,2019년 1월 23일 18시,수요일,광주광역시 동구 학동,경상사고,0,0,1,0,차대사람 - 횡단중,안전운전불이행,건조,맑음,교차로 - 교차로안,화물,남,63세,상해없음,보행자,여,52세,경상
2019012300100438,2019년 1월 23일 18시,수요일,광주광역시 서구 금호동,경상사고,0,0,1,0,차대차 - 추돌,안전운전불이행,건조,맑음,교차로 - 교차로부근,승용,남,48세,상해없음,승용,여,50세,경상
2019012300100439,2019년 1월 23일 18시,수요일,광주광역시 북구 두암동,경상사고,0,0,1,0,차대차 - 추돌,안전운전불이행,건조,맑음,단일로 - 기타,승용,남,52세,상해없음,승용,남,46세,경상
2019012300100476,2019년 1월 23일 19시,수요일,광주광역시 북구 문흥동,중상사고,0,1,0,0,차대사람 - 횡단중,안전운전불이행,건조,맑음,교차로 - 교차로안,승용,여,46세,상해없음,보행자,여,66세,중상
2019012300100477,2019년 1월 23일 19시,수요일,광주광역시 북구 오치동,경상사고,0,0,1,0,차대차 - 측면충돌,안전운전불이행,건조,맑음,단일로 - 기타,화물,남,31세,상해없음,원동기,남,21세,경상
2019012300100478,2019년 1월 23일 19시,수요일,광주광역시 광산구 산월동,경상사고,0,0,1,0,차대차 - 측면충돌,신호위반,건조,맑음,교차로 - 교차로안,승용,남,28세,상해없음,승용,여,47세,경상
2019012300100499,2019년 1월 23일 20시,수요일,광주광역시 북구 신용동,경상사고,0,0,1,0,차대차 - 추돌,안전운전불이행,건조,맑음,교차로 - 교차로부근,승용,남,64세,상해없음,승용,여,54세,경상
2019012300100534,2019년 1월 23일 21시,수요일,광주광역시 북구 신안동,경상사고,0,0,1,0,차대사람 - 횡단중,안전운전불이행,건조,맑음,교차로 - 교차로안,승용,남,47세,상해없음,보행자,남,62세,경상
2019012400100041,2019년 1월 24일 01시,목요일,광주광역시 서구 치평동,경상사고,0,0,1,0,차대차 - 측면충돌,차로위반,건조,흐림,단일로 - 기타,승용,남,51세,기타불명,승용,남,43세,경상
2019012400100068,2019년 1월 24일 05시,목요일,광주광역시 북구 운암동,경상사고,0,0,2,0,차대차 - 측면충돌,안전거리미확보,건조,맑음,단일로 - 기타,승용,남,56세,경상,화물,남,49세,경상
2019012400100139,2019년 1월 24일 08시,목요일,광주광역시 광산구 오선동,경상사고,0,0,1,0,차대차 - 기타,안전운전불이행,건조,맑음,단일로 - 기타,화물,남,50세,상해없음,승용,여,36세,경상
2019012400100170,2019년 1월 24일 09시,목요일,광주광역시 광산구 장덕동,경상사고,0,0,2,0,차대차 - 측면충돌,안전거리미확보,건조,맑음,단일로 - 기타,화물,남,36세,상해없음,승용,남,60세,경상
2019012400100192,2019년 1월 24일 10시,목요일,광주광역시 서구 농성동,경상사고,0,0,2,0,차대차 - 추돌,안전운전불이행,건조,맑음,단일로 - 기타,승용,여,69세,상해없음,승용,남,37세,경상
2019012400100193,2019년 1월 24일 10시,목요일,광주광역시 서구 유촌동,경상사고,0,0,1,0,차대차 - 기타,안전운전불이행,건조,맑음,단일로 - 기타,화물,남,29세,상해없음,승용,여,40세,경상
2019012400100194,2019년 1월 24일 10시,목요일,광주광역시 북구 우산동,경상사고,0,0,1,0,차대차 - 기타,안전운전불이행,건조,맑음,단일로 - 기타,승용,남,33세,상해없음,자전거,남,46세,경상
2019012400100219,2019년 1월 24일 11시,목요일,광주광역시 북구 동림동,경상사고,0,0,1,0,차대사람 - 기타,안전운전불이행,건조,맑음,단일로 - 기타,화물,남,61세,상해없음,보행자,여,49세,경상
2019012400100275,2019년 1월 24일 13시,목요일,광주광역시 북구 용봉동,경상사고,0,0,1,0,차대차 - 추돌,안전거리미확보,건조,맑음,단일로 - 기타,승용,남,83세,상해없음,승용,남,33세,경상
2019012400100276,2019년 1월 24일 13시,목요일,광주광역시 광산구 도산동,경상사고,0,0,1,0,차대차 - 기타,안전운전불이행,건조,맑음,단일로 - 기타,승용,여,55세,상해없음,이륜,남,35세,경상
2019012400100316,2019년 1월 24일 14시,목요일,광주광역시 서구 쌍촌동,경상사고,0,0,1,0,차대차 - 측면충돌,안전운전불이행,건조,맑음,교차로 - 교차로안,승용,여,35세,상해없음,승용,여,40세,경상
2019012400100346,2019년 1월 24일 15시,목요일,광주광역시 남구 월산동,경상사고,0,0,1,0,차대차 - 후진중충돌,안전운전불이행,건조,맑음,단일로 - 기타,승용,남,69세,상해없음,화물,남,30세,경상
2019012400100347,2019년 1월 24일 15시,목요일,광주광역시 북구 용봉동,경상사고,0,0,1,0,차대차 - 측면충돌,안전운전불이행,건조,맑음,단일로 - 기타,승용,남,21세,상해없음,승용,여,28세,경상
2019012400100377,2019년 1월 24일 16시,목요일,광주광역시 북구 중흥동,경상사고,0,0,1,0,차대차 - 측면충돌,안전거리미확보,건조,맑음,단일로 - 기타,승용,남,79세,상해없음,승용,여,36세,경상
2019012400100378,2019년 1월 24일 16시,목요일,광주광역시 북구 용봉동,경상사고,0,0,1,0,차대차 - 측면충돌,신호위반,건조,맑음,교차로 - 교차로안,승용,남,45세,기타불명,승용,남,31세,경상
2019012400100413,2019년 1월 24일 17시,목요일,광주광역시 북구 용두동,경상사고,0,0,8,0,차대차 - 추돌,안전운전불이행,건조,맑음,단일로 - 기타,승용,남,50세,상해없음,승용,남,30세,경상
2019012400100454,2019년 1월 24일 18시,목요일,광주광역시 남구 진월동,경상사고,0,0,1,0,차대사람 - 기타,안전운전불이행,건조,맑음,기타 - 기타,승용,남,42세,상해없음,보행자,여,14세,경상
2019012400100455,2019년 1월 24일 18시,목요일,광주광역시 북구 신안동,경상사고,0,0,1,0,차대차 - 기타,안전거리미확보,건조,맑음,단일로 - 기타,승용,남,56세,상해없음,이륜,남,77세,경상
2019012400100456,2019년 1월 24일 18시,목요일,광주광역시 북구 오치동,경상사고,0,0,1,0,차대사람 - 횡단중,안전운전불이행,건조,맑음,단일로 - 기타,승용,남,69세,상해없음,보행자,남,22세,경상
2019012400100457,2019년 1월 24일 18시,목요일,광주광역시 북구 운암동,경상사고,0,0,1,0,차대차 - 측면충돌,신호위반,건조,맑음,단일로 - 교량,승용,여,58세,상해없음,승용,남,23세,경상
2019012400100549,2019년 1월 24일 21시,목요일,광주광역시 광산구 수완동,경상사고,0,0,2,0,차대차 - 측면충돌,교차로운행방법위반,건조,맑음,교차로 - 교차로안,승합,남,68세,상해없음,승용,여,27세,경상
2019012500100049,2019년 1월 25일 01시,금요일,광주광역시 광산구 오운동,경상사고,0,0,1,0,차대차 - 측면충돌,안전운전불이행,건조,맑음,단일로 - 기타,화물,남,57세,상해없음,건설기계,남,63세,경상
2019012500100125,2019년 1월 25일 08시,금요일,광주광역시 동구 월남동,경상사고,0,0,1,0,차대차 - 추돌,안전운전불이행,건조,맑음,교차로 - 교차로부근,승합,남,60세,상해없음,승합,남,50세,경상
2019012500100126,2019년 1월 25일 08시,금요일,광주광역시 서구 유촌동,경상사고,0,0,1,0,차대차 - 측면충돌,안전거리미확보,건조,맑음,단일로 - 기타,승용,남,24세,상해없음,승용,남,34세,경상
2019012500100207,2019년 1월 25일 11시,금요일,광주광역시 서구 양동,중상사고,0,1,0,0,차대사람 - 기타,안전운전불이행,건조,맑음,단일로 - 기타,이륜,남,57세,중상,보행자,남,47세,상해없음
2019012500100267,2019년 1월 25일 13시,금요일,광주광역시 북구 중흥동,경상사고,0,0,1,1,차대차 - 추돌,안전운전불이행,건조,맑음,단일로 - 기타,승용,여,55세,상해없음,승용,여,44세,경상
2019012500100385,2019년 1월 25일 16시,금요일,광주광역시 광산구 신창동,경상사고,0,0,2,0,차대차 - 측면충돌,차로위반,건조,맑음,교차로 - 교차로부근,승용,남,69세,경상,승용,남,23세,경상
2019012500100425,2019년 1월 25일 17시,금요일,광주광역시 북구 용봉동,경상사고,0,0,1,0,차대차 - 측면충돌,안전거리미확보,건조,맑음,단일로 - 기타,승용,여,32세,상해없음,사륜오토바이(ATV),남,28세,경상
2019012500100426,2019년 1월 25일 17시,금요일,광주광역시 광산구 신창동,경상사고,0,0,1,0,차대차 - 측면충돌,안전거리미확보,건조,맑음,단일로 - 기타,승용,남,65세,상해없음,승용,여,36세,경상
2019012500100473,2019년 1월 25일 18시,금요일,광주광역시 동구 지산동,경상사고,0,0,2,0,차대차 - 추돌,안전운전불이행,건조,맑음,교차로 - 교차로부근,승용,남,49세,상해없음,승용,남,61세,경상
2019012500100474,2019년 1월 25일 18시,금요일,광주광역시 서구 농성동,경상사고,0,0,2,0,차대차 - 측면충돌,안전거리미확보,건조,맑음,교차로 - 교차로부근,승용,남,66세,경상,이륜,남,27세,경상
2019012500100475,2019년 1월 25일 18시,금요일,광주광역시 광산구 월계동,중상사고,0,1,1,0,차대사람 - 횡단중,신호위반,건조,맑음,교차로 - 교차로횡단보도내,승용,여,24세,상해없음,보행자,남,11세,중상
2019012500100476,2019년 1월 25일 18시,금요일,광주광역시 광산구 장덕동,경상사고,0,0,1,0,차대차 - 측면충돌,안전운전불이행,건조,맑음,단일로 - 기타,승용,여,41세,상해없음,이륜,남,22세,경상
2019012500100477,2019년 1월 25일 18시,금요일,광주광역시 광산구 하남동,경상사고,0,0,1,0,차대차 - 측면충돌,안전운전불이행,건조,맑음,교차로 - 교차로안,승용,여,48세,상해없음,승용,여,48세,경상
2019012500100521,2019년 1월 25일 19시,금요일,광주광역시 서구 쌍촌동,경상사고,0,0,1,0,차대차 - 측면충돌,안전거리미확보,건조,맑음,교차로 - 교차로부근,승합,남,51세,상해없음,승용,여,31세,경상
2019012500100522,2019년 1월 25일 19시,금요일,광주광역시 광산구 송정동,부상신고사고,0,0,0,1,차대차 - 측면충돌,신호위반,건조,맑음,교차로 - 교차로안,이륜,남,37세,부상신고,승용,남,59세,상해없음
2019012500100552,2019년 1월 25일 20시,금요일,광주광역시 광산구 운수동,경상사고,0,0,1,0,차대차 - 측면충돌,신호위반,건조,맑음,교차로 - 교차로안,승용,남,39세,상해없음,화물,남,41세,경상
2019012500100605,2019년 1월 25일 22시,금요일,광주광역시 동구 학동,경상사고,0,0,7,0,차대차 - 기타,교차로운행방법위반,건조,맑음,교차로 - 교차로안,승용,남,44세,상해없음,승용,남,46세,경상
2019012500100606,2019년 1월 25일 22시,금요일,광주광역시 서구 쌍촌동,경상사고,0,0,1,0,차대차 - 측면충돌,교차로운행방법위반,건조,맑음,교차로 - 교차로안,화물,남,40세,상해없음,이륜,남,20세,경상
2019012600100053,2019년 1월 26일 01시,토요일,광주광역시 서구 풍암동,경상사고,0,0,5,0,차대차 - 측면충돌,교차로운행방법위반,건조,맑음,교차로 - 교차로안,승용,여,48세,경상,승합,남,45세,경상
2019012600100085,2019년 1월 26일 04시,토요일,광주광역시 서구 매월동,경상사고,0,0,2,0,차대차 - 측면충돌,신호위반,건조,맑음,교차로 - 교차로안,승용,남,37세,상해없음,승용,남,41세,경상
2019012600100101,2019년 1월 26일 06시,토요일,광주광역시 남구 송하동,경상사고,0,0,1,0,차대차 - 추돌,안전운전불이행,건조,맑음,단일로 - 기타,승용,남,33세,상해없음,승용,남,66세,경상
2019012600100145,2019년 1월 26일 09시,토요일,광주광역시 서구 농성동,경상사고,0,0,1,0,차대차 - 측면충돌,안전운전불이행,건조,맑음,단일로 - 기타,승용,남,70세,상해없음,승용,남,45세,상해없음
2019012600100277,2019년 1월 26일 13시,토요일,광주광역시 남구 월산동,경상사고,0,0,1,0,차대사람 - 횡단중,신호위반,건조,맑음,교차로 - 교차로안,승용,남,45세,상해없음,보행자,여,84세,경상
2019012600100278,2019년 1월 26일 13시,토요일,광주광역시 광산구 월곡동,경상사고,0,0,2,0,차대차 - 기타,안전운전불이행,건조,맑음,교차로 - 교차로안,승용,여,22세,상해없음,승용,여,55세,경상
2019012600100302,2019년 1월 26일 14시,토요일,광주광역시 북구 매곡동,경상사고,0,0,2,0,차대차 - 기타,차로위반,건조,맑음,단일로 - 기타,승용,남,30세,상해없음,승용,여,62세,상해없음
2019012600100315,2019년 1월 26일 14시,토요일,광주광역시 광산구 월계동,경상사고,0,0,1,0,차대차 - 측면충돌,직진우회전진행방해,건조,맑음,교차로 - 교차로안,원동기,남,23세,기타불명,승용,여,50세,경상
2019012600100345,2019년 1월 26일 15시,토요일,광주광역시 광산구 소촌동,경상사고,0,0,1,0,차대차 - 정면충돌,안전운전불이행,건조,맑음,단일로 - 기타,승용,남,28세,상해없음,원동기,남,72세,경상
2019012600100383,2019년 1월 26일 16시,토요일,광주광역시 광산구 송촌동,경상사고,0,0,2,0,차대차 - 측면충돌,신호위반,건조,맑음,교차로 - 교차로안,화물,남,38세,상해없음,승용,남,45세,경상
2019012600100415,2019년 1월 26일 17시,토요일,광주광역시 서구 쌍촌동,중상사고,0,2,1,0,차대차 - 측면충돌,안전운전불이행,건조,맑음,교차로 - 교차로부근,승용,여,48세,중상,승용,여,61세,중상
2019012600100416,2019년 1월 26일 17시,토요일,광주광역시 북구 용전동,경상사고,0,0,1,0,차대차 - 추돌,안전운전불이행,건조,맑음,단일로 - 기타,승용,여,57세,상해없음,승용,남,54세,상해없음
2019012600100417,2019년 1월 26일 17시,토요일,광주광역시 광산구 우산동,경상사고,0,0,1,0,차대사람 - 기타,안전운전불이행,건조,맑음,기타 - 기타,승합,여,49세,상해없음,보행자,여,48세,경상
2019012600100450,2019년 1월 26일 18시,토요일,광주광역시 북구 신안동,부상신고사고,0,0,0,1,차대사람 - 차도통행중,안전운전불이행,건조,맑음,교차로 - 교차로안,승용,남,35세,상해없음,보행자,남,58세,부상신고
2019012600100492,2019년 1월 26일 19시,토요일,광주광역시 광산구 우산동,경상사고,0,0,1,0,차대차 - 추돌,안전운전불이행,건조,맑음,교차로 - 교차로부근,승용,여,57세,상해없음,승용,남,37세,경상
2019012600100553,2019년 1월 26일 21시,토요일,광주광역시 남구 백운동,경상사고,0,0,1,0,차대차 - 측면충돌,신호위반,건조,맑음,교차로 - 교차로안,승용,남,70세,상해없음,이륜,남,30세,경상
2019012600100554,2019년 1월 26일 21시,토요일,광주광역시 광산구 신창동,경상사고,0,0,2,0,차대차 - 추돌,안전운전불이행,건조,맑음,교차로 - 교차로부근,승용,남,61세,상해없음,승용,남,56세,경상
2019012600100579,2019년 1월 26일 22시,토요일,광주광역시 북구 운암동,중상사고,0,1,0,0,차대사람 - 횡단중,보행자보호의무위반,건조,맑음,교차로 - 교차로안,승용,여,55세,상해없음,보행자,남,6세,중상
2019012700100029,2019년 1월 27일 00시,일요일,광주광역시 서구 풍암동,경상사고,0,0,2,0,차량단독 - 기타,안전운전불이행,건조,맑음,교차로 - 교차로안,승용,남,55세,상해없음,,,,
2019012700100083,2019년 1월 27일 07시,일요일,광주광역시 서구 치평동,경상사고,0,0,3,0,차대차 - 측면충돌,안전운전불이행,건조,맑음,교차로 - 교차로부근,승용,남,22세,상해없음,승용,남,42세,경상
2019012700100087,2019년 1월 27일 08시,일요일,광주광역시 북구 매곡동,부상신고사고,0,0,0,1,차대차 - 추돌,안전운전불이행,건조,맑음,교차로 - 교차로부근,승용,남,25세,부상신고,승용,남,53세,기타불명
2019012700100192,2019년 1월 27일 13시,일요일,광주광역시 동구 대인동,경상사고,0,0,2,0,차대차 - 측면충돌,신호위반,건조,맑음,교차로 - 교차로안,이륜,남,18세,경상,승용,남,55세,경상
2019012700100219,2019년 1월 27일 14시,일요일,광주광역시 동구 산수동,경상사고,0,0,1,0,차대차 - 기타,안전거리미확보,건조,맑음,단일로 - 기타,승용,남,27세,상해없음,이륜,남,82세,경상
2019012700100220,2019년 1월 27일 14시,일요일,광주광역시 북구 신안동,경상사고,0,0,2,0,차대차 - 측면충돌,안전운전불이행,건조,맑음,단일로 - 기타,승용,남,25세,상해없음,승용,남,59세,경상
2019012700100246,2019년 1월 27일 15시,일요일,광주광역시 서구 치평동,중상사고,0,1,0,0,차대차 - 기타,안전운전불이행,건조,흐림,단일로 - 기타,승용,남,59세,상해없음,승용,남,60세,중상
2019012700100247,2019년 1월 27일 15시,일요일,광주광역시 북구 각화동,경상사고,0,0,1,0,차대차 - 기타,안전운전불이행,건조,맑음,교차로 - 교차로부근,화물,남,45세,상해없음,승용,남,40세,경상
2019012700100248,2019년 1월 27일 15시,일요일,광주광역시 광산구 송정동,경상사고,0,0,1,0,차대차 - 측면충돌,안전거리미확보,건조,맑음,교차로 - 교차로부근,승용,남,61세,상해없음,승용,남,26세,경상
2019012700100277,2019년 1월 27일 16시,일요일,광주광역시 북구 두암동,경상사고,0,0,2,0,차대차 - 기타,교차로운행방법위반,건조,흐림,교차로 - 교차로안,승용,남,70세,상해없음,승용,남,61세,경상
2019012700100344,2019년 1월 27일 19시,일요일,광주광역시 북구 일곡동,중상사고,0,1,0,0,차대사람 - 횡단중,안전운전불이행,건조,맑음,교차로 - 교차로횡단보도내,승용,남,38세,상해없음,보행자,남,11세,중상