사고번호,사고일시,요일,시군구,사고내용,사망자수,중상자수,경상자수,부상신고자수,사고유형,법규위반,노면상태,기상상태,도로형태,가해운전자 차종,가해운전자 성별,가해운전자 연령,가해운전자 상해정도,피해운전자 차종,피해운전자 성별,피해운전자 연령,피해운전자 상해정도
2019012700100382,2019년 1월 27일 21시,일요일,광주광역시 북구 연제동,경상사고,0,0,3,0,차대차 - 측면충돌,안전운전불이행,건조,맑음,단일로 - 기타,승용,남,28세,상해없음,승용,남,22세,경상
2019012700100383,2019년 1월 27일 21시,일요일,광주광역시 광산구 하남동,경상사고,0,0,2,0,차대차 - 추돌,교차로운행방법위반,건조,맑음,교차로 - 교차로안,승용,남,38세,경상,승용,남,18세,경상
2019012700100384,2019년 1월 27일 21시,일요일,광주광역시 광산구 산정동,경상사고,0,0,1,0,차대차 - 측면충돌,안전운전불이행,건조,맑음,교차로 - 교차로안,이륜,남,50세,경상,승용,여,47세,상해없음
2019012700100409,2019년 1월 27일 23시,일요일,광주광역시 서구 쌍촌동,경상사고,0,0,1,0,차대차 - 측면충돌,신호위반,건조,맑음,교차로 - 교차로안,승용,남,18세,상해없음,승용,남,66세,경상
2019012800100093,2019년 1월 28일 06시,월요일,광주광역시 광산구 장덕동,경상사고,0,0,1,0,차대차 - 기타,안전운전불이행,건조,맑음,교차로 - 교차로횡단보도내,승용,남,57세,상해없음,자전거,남,32세,경상
2019012800100094,2019년 1월 28일 06시,월요일,광주광역시 광산구 신가동,중상사고,0,1,0,0,차대사람 - 횡단중,안전운전불이행,젖음/습기,비,단일로 - 기타,승용,남,48세,상해없음,보행자,여,77세,중상
2019012800100218,2019년 1월 28일 09시,월요일,광주광역시 북구 우산동,경상사고,0,0,1,0,차대차 - 기타,안전거리미확보,건조,맑음,단일로 - 기타,승용,남,58세,상해없음,승용,남,31세,경상
2019012800100273,2019년 1월 28일 10시,월요일,광주광역시 광산구 신창동,중상사고,0,1,0,0,차대사람 - 횡단중,신호위반,건조,맑음,단일로 - 기타,승용,남,63세,상해없음,보행자,여,9세,중상
2019012800100342,2019년 1월 28일 12시,월요일,광주광역시 북구 두암동,경상사고,0,0,1,0,차대차 - 측면충돌,교차로운행방법위반,건조,맑음,교차로 - 교차로안,승용,남,44세,상해없음,승용,여,28세,경상
2019012800100343,2019년 1월 28일 12시,월요일,광주광역시 북구 용봉동,경상사고,0,0,5,0,차대차 - 측면충돌,교차로운행방법위반,건조,맑음,교차로 - 교차로안,승용,여,47세,기타불명,승용,남,25세,경상
2019012800100409,2019년 1월 28일 14시,월요일,광주광역시 서구 치평동,경상사고,0,0,1,0,차대사람 - 횡단중,신호위반,건조,맑음,교차로 - 교차로부근,승용,남,71세,상해없음,보행자,여,63세,경상
2019012800100456,2019년 1월 28일 15시,월요일,광주광역시 서구 쌍촌동,경상사고,0,0,1,0,차대차 - 측면충돌,안전거리미확보,건조,맑음,교차로 - 교차로부근,승용,남,60세,상해없음,승용,남,57세,경상
2019012800100487,2019년 1월 28일 16시,월요일,광주광역시 북구 풍향동,경상사고,0,0,1,0,차대사람 - 기타,안전운전불이행,건조,맑음,단일로 - 기타,이륜,남,67세,상해없음,보행자,여,61세,경상
2019012800100488,2019년 1월 28일 16시,월요일,광주광역시 광산구 선암동,경상사고,0,0,1,0,차대차 - 정면충돌,안전운전불이행,건조,맑음,교차로 - 교차로부근,승용,여,56세,상해없음,자전거,남,10세,경상
2019012800100516,2019년 1월 28일 17시,월요일,광주광역시 서구 농성동,경상사고,0,0,1,1,차대차 - 추돌,안전운전불이행,건조,맑음,단일로 - 기타,승용,남,39세,상해없음,이륜,남,54세,부상신고
2019012800100517,2019년 1월 28일 17시,월요일,광주광역시 남구 주월동,중상사고,0,1,0,0,차대사람 - 기타,안전운전불이행,건조,맑음,단일로 - 기타,승용,여,49세,상해없음,보행자,남,52세,중상
2019012800100559,2019년 1월 28일 18시,월요일,광주광역시 서구 금호동,중상사고,0,1,0,1,차대사람 - 기타,안전운전불이행,건조,맑음,단일로 - 기타,이륜,남,36세,부상신고,보행자,여,69세,중상
2019012800100560,2019년 1월 28일 18시,월요일,광주광역시 북구 동림동,경상사고,0,0,2,0,차대차 - 측면충돌,교차로운행방법위반,건조,맑음,교차로 - 교차로안,승용,남,52세,상해없음,승용,남,52세,경상
2019012800100561,2019년 1월 28일 18시,월요일,광주광역시 광산구 하남동,경상사고,0,0,2,0,차대차 - 추돌,안전운전불이행,건조,맑음,교차로 - 교차로안,승용,남,37세,기타불명,화물,남,31세,경상
2019012800100592,2019년 1월 28일 19시,월요일,광주광역시 북구 용봉동,중상사고,0,1,1,0,차대차 - 기타,신호위반,건조,맑음,교차로 - 교차로안,승용,남,77세,상해없음,승용,남,35세,경상
2019012800100622,2019년 1월 28일 20시,월요일,광주광역시 서구 치평동,경상사고,0,0,1,0,차대차 - 측면충돌,안전운전불이행,건조,맑음,교차로 - 교차로안,승용,남,39세,상해없음,승용,남,48세,경상
2019012800100638,2019년 1월 28일 21시,월요일,광주광역시 서구 쌍촌동,경상사고,0,0,1,0,차대차 - 기타,안전운전불이행,건조,맑음,단일로 - 기타,승용,남,69세,상해없음,승용,남,57세,경상
2019012800100639,2019년 1월 28일 21시,월요일,광주광역시 북구 용봉동,경상사고,0,0,2,0,차대차 - 측면충돌,안전운전불이행,건조,맑음,교차로 - 교차로부근,승용,남,62세,상해없음,승용,남,61세,경상
2019012800100640,2019년 1월 28일 21시,월요일,광주광역시 광산구 하남동,중상사고,0,1,2,0,차대차 - 측면충돌,신호위반,건조,맑음,교차로 - 교차로안,승용,남,28세,상해없음,승용,남,57세,경상
2019012800100641,2019년 1월 28일 21시,월요일,광주광역시 광산구 선암동,경상사고,0,0,3,0,차대차 - 기타,신호위반,건조,맑음,교차로 - 교차로안,화물,남,66세,상해없음,승용,여,51세,경상
2019012900100127,2019년 1월 29일 08시,화요일,광주광역시 서구 쌍촌동,중상사고,0,1,0,0,차대차 - 기타,안전운전불이행,건조,맑음,단일로 - 기타,승용,남,59세,상해없음,자전거,남,66세,중상
2019012900100128,2019년 1월 29일 08시,화요일,광주광역시 광산구 수완동,경상사고,0,0,2,0,차대차 - 추돌,안전거리미확보,건조,맑음,교차로 - 교차로부근,승용,남,61세,경상,화물,남,55세,상해없음
2019012900100147,2019년 1월 29일 09시,화요일,광주광역시 북구 중흥동,경상사고,0,0,2,0,차대차 - 추돌,안전거리미확보,건조,맑음,단일로 - 기타,승용,남,68세,상해없음,승용,남,68세,경상
2019012900100191,2019년 1월 29일 11시,화요일,광주광역시 서구 쌍촌동,경상사고,0,0,1,0,차대차 - 측면충돌,중앙선침범,건조,맑음,단일로 - 기타,승용,남,49세,상해없음,원동기,남,26세,경상
2019012900100192,2019년 1월 29일 11시,화요일,광주광역시 북구 동림동,경상사고,0,0,1,0,차대차 - 기타,안전운전불이행,건조,맑음,교차로 - 교차로부근,화물,남,59세,상해없음,승합,남,54세,상해없음
2019012900100223,2019년 1월 29일 12시,화요일,광주광역시 서구 금호동,경상사고,0,0,1,0,차대사람 - 횡단중,신호위반,건조,맑음,교차로 - 교차로횡단보도내,승용,남,38세,상해없음,보행자,여,26세,경상
2019012900100248,2019년 1월 29일 13시,화요일,광주광역시 광산구 소촌동,경상사고,0,0,1,0,차대차 - 기타,안전거리미확보,건조,맑음,단일로 - 기타,승용,남,59세,상해없음,승용,여,31세,경상
2019012900100273,2019년 1월 29일 14시,화요일,광주광역시 서구 마륵동,경상사고,0,0,2,0,차대차 - 추돌,안전운전불이행,건조,맑음,교차로 - 교차로부근,승용,여,55세,상해없음,승용,여,53세,경상
2019012900100274,2019년 1월 29일 14시,화요일,광주광역시 남구 봉선동,경상사고,0,0,1,0,차대사람 - 횡단중,보행자보호의무위반,건조,맑음,교차로 - 교차로횡단보도내,승용,여,60세,상해없음,보행자,남,64세,경상
2019012900100275,2019년 1월 29일 14시,화요일,광주광역시 북구 동림동,경상사고,0,0,1,0,차량단독 - 공작물충돌,안전운전불이행,건조,맑음,단일로 - 기타,승용,남,50세,상해없음,,,,
2019012900100325,2019년 1월 29일 15시,화요일,광주광역시 남구 주월동,경상사고,0,0,3,0,차대차 - 추돌,안전거리미확보,건조,맑음,단일로 - 기타,승용,남,55세,기타불명,승용,여,43세,경상
2019012900100326,2019년 1월 29일 15시,화요일,광주광역시 남구 백운동,경상사고,0,0,1,0,차대차 - 추돌,안전운전불이행,건조,맑음,교차로 - 교차로부근,승용,여,64세,상해없음,승용,여,33세,경상
2019012900100327,2019년 1월 29일 15시,화요일,광주광역시 북구 중흥동,중상사고,0,1,0,0,차대사람 - 기타,안전운전불이행,건조,맑음,단일로 - 기타,화물,남,55세,상해없음,보행자,남,37세,중상
2019012900100384,2019년 1월 29일 16시,화요일,광주광역시 서구 금호동,경상사고,0,0,1,0,차대사람 - 기타,보행자보호의무위반,건조,맑음,교차로 - 교차로횡단보도내,승용,여,43세,상해없음,보행자,여,19세,경상
2019012900100385,2019년 1월 29일 16시,화요일,광주광역시 서구 쌍촌동,경상사고,0,0,1,0,차대사람 - 보도통행중,기타,건조,맑음,단일로 - 기타,승용,남,42세,상해없음,보행자,여,59세,경상
2019012900100386,2019년 1월 29일 16시,화요일,광주광역시 북구 신안동,중상사고,0,1,0,0,차대차 - 측면충돌,교차로운행방법위반,건조,맑음,교차로 - 교차로안,승용,여,35세,상해없음,이륜,남,48세,중상
2019012900100387,2019년 1월 29일 16시,화요일,광주광역시 광산구 신가동,중상사고,0,1,0,0,차대차 - 정면충돌,안전운전불이행,건조,맑음,단일로 - 기타,승용,여,40세,상해없음,승용,여,54세,중상
2019012900100423,2019년 1월 29일 17시,화요일,광주광역시 서구 쌍촌동,경상사고,0,0,1,0,차대차 - 측면충돌,차로위반,건조,흐림,단일로 - 기타,승용,여,55세,상해없음,승용,여,60세,경상
2019012900100516,2019년 1월 29일 19시,화요일,광주광역시 서구 치평동,중상사고,0,1,0,0,차대차 - 기타,안전운전불이행,건조,맑음,교차로 - 교차로횡단보도내,승용,남,30세,상해없음,자전거,남,76세,중상
2019012900100517,2019년 1월 29일 19시,화요일,광주광역시 남구 방림동,경상사고,0,0,2,0,차대차 - 측면충돌,안전거리미확보,건조,맑음,단일로 - 기타,승용,여,43세,상해없음,승용,남,51세,경상
2019012900100518,2019년 1월 29일 19시,화요일,광주광역시 북구 매곡동,경상사고,0,0,1,0,차대차 - 기타,안전운전불이행,건조,맑음,교차로 - 교차로안,기타불명,기타불명,미분류,기타불명,이륜,남,26세,경상
2019012900100519,2019년 1월 29일 19시,화요일,광주광역시 북구 운암동,경상사고,0,0,1,0,차대차 - 측면충돌,기타,건조,맑음,단일로 - 기타,승용,남,51세,상해없음,승용,남,24세,경상
2019012900100544,2019년 1월 29일 20시,화요일,광주광역시 북구 운암동,경상사고,0,0,4,0,차대차 - 측면충돌,안전운전불이행,건조,맑음,단일로 - 기타,승용,남,30세,상해없음,승용,남,54세,경상
2019013000100042,2019년 1월 30일 02시,수요일,광주광역시 북구 각화동,경상사고,0,0,2,0,차대차 - 기타,신호위반,건조,맑음,교차로 - 교차로안,승용,남,59세,상해없음,승용,여,61세,경상
2019013000100075,2019년 1월 30일 06시,수요일,광주광역시 광산구 산정동,사망사고,1,0,0,0,차대사람 - 횡단중,안전운전불이행,건조,맑음,교차로 - 교차로횡단보도내,승용,여,53세,상해없음,보행자,여,58세,사망
2019013000100088,2019년 1월 30일 07시,수요일,광주광역시 광산구 우산동,경상사고,0,0,1,0,차대차 - 측면충돌,안전운전불이행,건조,맑음,교차로 - 교차로부근,기타불명,기타불명,미분류,기타불명,승용,남,69세,경상
2019013000100139,2019년 1월 30일 09시,수요일,광주광역시 북구 문흥동,사망사고,1,0,0,0,차대사람 - 횡단중,보행자보호의무위반,건조,맑음,교차로 - 교차로횡단보도내,화물,남,56세,상해없음,보행자,여,67세,사망
2019013000100140,2019년 1월 30일 09시,수요일,광주광역시 북구 임동,경상사고,0,0,3,0,차대차 - 측면충돌,중앙선침범,건조,맑음,단일로 - 기타,승용,여,52세,경상,화물,남,52세,경상
2019013000100179,2019년 1월 30일 10시,수요일,광주광역시 남구 백운동,경상사고,0,0,1,0,차대차 - 측면충돌,안전운전불이행,건조,맑음,기타 - 기타,승용,여,61세,상해없음,승용,여,50세,경상
2019013000100263,2019년 1월 30일 13시,수요일,광주광역시 동구 지산동,경상사고,0,0,1,0,차대차 - 기타,신호위반,건조,맑음,교차로 - 교차로부근,이륜,남,18세,경상,승용,여,45세,상해없음
2019013000100264,2019년 1월 30일 13시,수요일,광주광역시 서구 화정동,경상사고,0,0,1,0,차대사람 - 횡단중,보행자보호의무위반,건조,맑음,교차로 - 교차로안,승용,남,67세,기타불명,보행자,남,8세,경상
2019013000100306,2019년 1월 30일 14시,수요일,광주광역시 북구 용봉동,경상사고,0,0,1,0,차대차 - 측면충돌,안전운전불이행,건조,맑음,단일로 - 기타,승용,남,44세,상해없음,승용,남,29세,경상
2019013000100307,2019년 1월 30일 14시,수요일,광주광역시 북구 양산동,경상사고,0,0,1,0,차대차 - 측면충돌,안전거리미확보,건조,맑음,단일로 - 기타,승용,여,56세,상해없음,승용,남,49세,상해없음
2019013000100334,2019년 1월 30일 15시,수요일,광주광역시 서구 치평동,경상사고,0,0,3,0,차대차 - 기타,교차로운행방법위반,건조,맑음,교차로 - 교차로안,승용,여,50세,경상,승용,여,30세,경상
2019013000100374,2019년 1월 30일 16시,수요일,광주광역시 서구 벽진동,중상사고,0,1,0,0,차대사람 - 기타,보행자보호의무위반,건조,맑음,교차로 - 교차로횡단보도내,승합,남,44세,상해없음,보행자,여,59세,중상
2019013000100400,2019년 1월 30일 17시,수요일,광주광역시 북구 두암동,경상사고,0,0,2,0,차대차 - 측면충돌,교차로운행방법위반,건조,맑음,교차로 - 교차로안,승용,여,48세,경상,화물,남,38세,경상
2019013000100454,2019년 1월 30일 18시,수요일,광주광역시 남구 송하동,경상사고,0,0,1,0,차대차 - 추돌,안전운전불이행,건조,맑음,교차로 - 교차로횡단보도내,승용,여,51세,상해없음,승용,여,41세,경상
2019013000100503,2019년 1월 30일 19시,수요일,광주광역시 남구 봉선동,경상사고,0,0,2,0,차대차 - 추돌,안전운전불이행,건조,맑음,단일로 - 기타,승용,남,63세,상해없음,승용,남,46세,경상
2019013000100524,2019년 1월 30일 20시,수요일,광주광역시 서구 풍암동,경상사고,0,0,1,0,차대차 - 측면충돌,안전운전불이행,건조,맑음,교차로 - 교차로안,승용,남,75세,상해없음,승합,남,40세,경상
2019013000100554,2019년 1월 30일 21시,수요일,광주광역시 서구 농성동,경상사고,0,0,1,0,차대차 - 측면충돌,안전운전불이행,건조,맑음,교차로 - 교차로부근,승용,남,57세,상해없음,이륜,남,45세,경상
2019013000100573,2019년 1월 30일 22시,수요일,광주광역시 서구 금호동,경상사고,0,0,1,1,차대차 - 측면충돌,직진우회전진행방해,건조,맑음,교차로 - 교차로안,승용,여,48세,부상신고,승용,여,47세,경상
2019013000100574,2019년 1월 30일 22시,수요일,광주광역시 광산구 쌍암동,중상사고,0,1,0,0,차대차 - 측면충돌,교차로운행방법위반,건조,맑음,교차로 - 교차로안,개인형이동수단(PM),남,26세,중상,승용,여,24세,상해없음
2019013000100575,2019년 1월 30일 22시,수요일,광주광역시 광산구 장덕동,경상사고,0,0,1,0,차대차 - 측면충돌,안전운전불이행,젖음/습기,맑음,교차로 - 교차로부근,승용,여,35세,경상,승용,여,58세,상해없음
2019013000100598,2019년 1월 30일 23시,수요일,광주광역시 북구 두암동,경상사고,0,0,1,0,차대사람 - 기타,안전운전불이행,건조,맑음,주차장 - 주차장,승용,남,57세,상해없음,보행자,남,30세,경상
2019013100100202,2019년 1월 31일 10시,목요일,광주광역시 북구 오치동,중상사고,0,1,0,0,차대차 - 기타,안전운전불이행,젖음/습기,눈,단일로 - 기타,승용,여,44세,상해없음,자전거,남,82세,중상
2019013100100234,2019년 1월 31일 11시,목요일,광주광역시 북구 유동,경상사고,0,0,2,0,차대차 - 측면충돌,차로위반,젖음/습기,눈,교차로 - 교차로부근,승용,남,61세,상해없음,승용,남,27세,경상
2019013100100266,2019년 1월 31일 12시,목요일,광주광역시 북구 용두동,경상사고,0,0,2,0,차대차 - 측면충돌,교차로운행방법위반,건조,맑음,교차로 - 교차로안,승용,여,36세,상해없음,승용,남,41세,경상
2019013100100289,2019년 1월 31일 13시,목요일,광주광역시 광산구 운수동,경상사고,0,0,1,0,차대차 - 측면충돌,불법유턴,젖음/습기,비,교차로 - 교차로안,승용,여,52세,경상,화물,남,22세,상해없음
2019013100100361,2019년 1월 31일 15시,목요일,광주광역시 광산구 쌍암동,경상사고,0,0,1,0,차대차 - 기타,안전운전불이행,건조,맑음,단일로 - 기타,승용,남,42세,상해없음,승용,남,54세,경상
2019013100100386,2019년 1월 31일 16시,목요일,광주광역시 서구 치평동,경상사고,0,0,1,1,차대차 - 기타,직진우회전진행방해,건조,맑음,교차로 - 교차로안,승용,남,50세,부상신고,승용,남,66세,경상
2019013100100424,2019년 1월 31일 17시,목요일,광주광역시 서구 유촌동,경상사고,0,0,2,0,차대차 - 측면충돌,안전운전불이행,건조,맑음,교차로 - 교차로안,승용,여,54세,경상,승용,남,38세,경상
2019013100100425,2019년 1월 31일 17시,목요일,광주광역시 남구 월산동,중상사고,0,1,0,0,차대차 - 기타,교차로운행방법위반,건조,맑음,교차로 - 교차로안,승용,남,37세,상해없음,원동기,남,75세,중상
2019013100100468,2019년 1월 31일 18시,목요일,광주광역시 서구 치평동,부상신고사고,0,0,0,1,차대차 - 측면충돌,안전운전불이행,건조,맑음,단일로 - 기타,승용,여,45세,부상신고,화물,남,75세,상해없음
2019013100100469,2019년 1월 31일 18시,목요일,광주광역시 북구 중흥동,경상사고,0,0,1,0,차대사람 - 횡단중,안전운전불이행,서리/결빙,눈,단일로 - 기타,승용,남,48세,상해없음,보행자,남,80세,경상
2019013100100470,2019년 1월 31일 18시,목요일,광주광역시 광산구 하남동,경상사고,0,0,1,0,차대차 - 측면충돌,안전운전불이행,건조,맑음,단일로 - 기타,승용,여,38세,상해없음,승합,여,41세,경상
2019013100100520,2019년 1월 31일 19시,목요일,광주광역시 북구 두암동,경상사고,0,0,1,0,차대차 - 측면충돌,직진우회전진행방해,건조,맑음,교차로 - 교차로안,승용,남,63세,상해없음,승용,여,36세,경상
2019013100100555,2019년 1월 31일 20시,목요일,광주광역시 광산구 수완동,경상사고,0,0,3,0,차대차 - 측면충돌,차로위반,건조,맑음,단일로 - 기타,기타불명,기타불명,미분류,기타불명,승용,남,24세,경상
2019013100100621,2019년 1월 31일 23시,목요일,광주광역시 북구 운암동,경상사고,0,0,2,0,차대차 - 측면충돌,신호위반,건조,맑음,교차로 - 교차로안,승용,남,26세,상해없음,승용,남,58세,경상
2019020100100037,2019년 2월 1일 00시,금요일,광주광역시 서구 내방동,경상사고,0,0,1,0,차대차 - 측면충돌,교차로운행방법위반,건조,맑음,교차로 - 교차로안,승용,남,36세,상해없음,승용,여,57세,경상
2019020100100212,2019년 2월 1일 10시,금요일,광주광역시 서구 광천동,경상사고,0,0,1,0,차대차 - 측면충돌,안전운전불이행,건조,맑음,교차로 - 교차로부근,승용,남,33세,상해없음,승용,남,59세,경상
2019020100100213,2019년 2월 1일 10시,금요일,광주광역시 북구 양산동,경상사고,0,0,1,0,차대차 - 기타,교차로운행방법위반,건조,맑음,교차로 - 교차로안,화물,남,37세,상해없음,승용,여,39세,경상
2019020100100214,2019년 2월 1일 10시,금요일,광주광역시 광산구 월전동,중상사고,0,2,0,0,차대차 - 기타,신호위반,건조,맑음,교차로 - 교차로안,승용,남,34세,기타불명,승용,남,53세,중상
2019020100100247,2019년 2월 1일 11시,금요일,광주광역시 서구 쌍촌동,중상사고,0,1,0,0,차대사람 - 보도통행중,보행자보호의무위반,건조,맑음,교차로 - 교차로횡단보도내,화물,여,66세,상해없음,보행자,여,57세,중상
2019020100100281,2019년 2월 1일 12시,금요일,광주광역시 서구 유촌동,중상사고,0,1,0,0,차대차 - 정면충돌,안전운전불이행,건조,맑음,교차로 - 교차로안,개인형이동수단(PM),남,29세,중상,원동기,남,48세,상해없음
2019020100100308,2019년 2월 1일 13시,금요일,광주광역시 남구 봉선동,경상사고,0,0,1,0,차대차 - 측면충돌,교차로운행방법위반,건조,맑음,교차로 - 교차로안,화물,남,61세,상해없음,승용,남,68세,경상
2019020100100407,2019년 2월 1일 15시,금요일,광주광역시 서구 농성동,경상사고,0,0,1,0,차대사람 - 기타,안전운전불이행,건조,맑음,단일로 - 기타,승용,남,24세,상해없음,보행자,남,38세,경상
2019020100100408,2019년 2월 1일 15시,금요일,광주광역시 광산구 신촌동,부상신고사고,0,0,0,1,차대차 - 측면충돌,안전거리미확보,건조,맑음,단일로 - 기타,이륜,남,61세,부상신고,화물,남,62세,상해없음
2019020100100487,2019년 2월 1일 17시,금요일,광주광역시 서구 쌍촌동,경상사고,0,0,1,0,차대차 - 기타,안전운전불이행,건조,맑음,단일로 - 기타,승용,남,41세,상해없음,자전거,남,49세,경상
2019020100100557,2019년 2월 1일 18시,금요일,광주광역시 서구 농성동,경상사고,0,0,2,0,차대차 - 측면충돌,안전운전불이행,건조,맑음,교차로 - 교차로부근,승용,남,60세,경상,승용,남,41세,경상
2019020100100558,2019년 2월 1일 18시,금요일,광주광역시 북구 유동,경상사고,0,0,2,0,차대차 - 측면충돌,차로위반,건조,맑음,단일로 - 기타,화물,남,65세,경상,원동기,남,45세,경상
2019020100100612,2019년 2월 1일 19시,금요일,광주광역시 서구 치평동,경상사고,0,0,2,0,차대차 - 측면충돌,안전운전불이행,건조,흐림,단일로 - 기타,승용,남,67세,상해없음,승용,남,23세,경상
2019020100100613,2019년 2월 1일 19시,금요일,광주광역시 북구 운암동,경상사고,0,0,1,0,차대사람 - 횡단중,보행자보호의무위반,건조,맑음,교차로 - 교차로횡단보도내,화물,남,59세,상해없음,보행자,여,45세,경상
2019020100100614,2019년 2월 1일 19시,금요일,광주광역시 광산구 신촌동,경상사고,0,0,1,0,차대사람 - 보도통행중,안전운전불이행,건조,맑음,교차로 - 교차로횡단보도내,승용,남,25세,상해없음,보행자,여,61세,경상
2019020100100615,2019년 2월 1일 19시,금요일,광주광역시 광산구 산정동,경상사고,0,0,1,0,차대차 - 추돌,안전거리미확보,건조,맑음,단일로 - 기타,승용,남,29세,기타불명,승용,남,28세,경상
2019020100100711,2019년 2월 1일 22시,금요일,광주광역시 북구 양산동,경상사고,0,0,1,0,차대차 - 측면충돌,안전운전불이행,건조,맑음,단일로 - 기타,원동기,남,37세,경상,승용,여,26세,상해없음
2019020200100088,2019년 2월 2일 03시,토요일,광주광역시 서구 농성동,경상사고,0,0,3,0,차대차 - 측면충돌,신호위반,건조,맑음,교차로 - 교차로부근,승용,남,68세,경상,승용,남,35세,경상
2019020200100089,2019년 2월 2일 03시,토요일,광주광역시 북구 용봉동,중상사고,0,1,0,0,차대차 - 기타,중앙선침범,건조,맑음,단일로 - 기타,승용,남,20세,상해없음,이륜,남,22세,중상
2019020200100157,2019년 2월 2일 08시,토요일,광주광역시 광산구 하남동,경상사고,0,0,1,0,차대차 - 추돌,안전운전불이행,건조,맑음,단일로 - 기타,승용,남,64세,상해없음,승용,남,59세,경상
2019020200100223,2019년 2월 2일 11시,토요일,광주광역시 북구 신안동,경상사고,0,0,1,0,차대차 - 측면충돌,안전거리미확보,건조,맑음,단일로 - 기타,자전거,남,75세,경상,승용,남,47세,상해없음
2019020200100257,2019년 2월 2일 12시,토요일,광주광역시 광산구 우산동,중상사고,0,2,6,0,차대차 - 기타,안전운전불이행,건조,맑음,단일로 - 교량,승용,남,58세,경상,승용,남,72세,경상
2019020200100284,2019년 2월 2일 13시,토요일,광주광역시 남구 주월동,경상사고,0,0,1,0,차대차 - 측면충돌,안전거리미확보,건조,맑음,단일로 - 기타,화물,남,66세,상해없음,이륜,남,40세,경상
2019020200100285,2019년 2월 2일 13시,토요일,광주광역시 북구 문흥동,경상사고,0,0,1,0,차대차 - 측면충돌,안전운전불이행,건조,맑음,교차로 - 교차로부근,승용,남,58세,상해없음,승용,남,48세,경상
2019020200100360,2019년 2월 2일 15시,토요일,광주광역시 서구 쌍촌동,경상사고,0,0,1,0,차대차 - 후진중충돌,안전거리미확보,건조,맑음,단일로 - 기타,승용,남,37세,상해없음,승용,남,55세,경상
2019020200100401,2019년 2월 2일 16시,토요일,광주광역시 서구 동천동,중상사고,0,1,0,0,차대차 - 측면충돌,안전거리미확보,건조,맑음,단일로 - 기타,승용,남,58세,상해없음,원동기,남,49세,중상
2019020200100402,2019년 2월 2일 16시,토요일,광주광역시 북구 일곡동,경상사고,0,0,1,0,차대차 - 측면충돌,안전운전불이행,건조,맑음,교차로 - 교차로안,승용,남,72세,상해없음,승용,여,66세,경상
2019020200100478,2019년 2월 2일 18시,토요일,광주광역시 광산구 운남동,경상사고,0,0,1,0,차대차 - 측면충돌,신호위반,건조,맑음,교차로 - 교차로안,승용,남,30세,상해없음,승용,남,50세,경상
2019020200100512,2019년 2월 2일 19시,토요일,광주광역시 서구 화정동,경상사고,0,0,1,0,차대차 - 기타,안전운전불이행,건조,맑음,교차로 - 교차로안,승용,남,29세,상해없음,이륜,남,20세,경상
2019020200100513,2019년 2월 2일 19시,토요일,광주광역시 광산구 선암동,경상사고,0,0,1,0,차대차 - 측면충돌,안전운전불이행,건조,맑음,단일로 - 기타,승용,남,53세,상해없음,승용,남,52세,경상
2019020200100526,2019년 2월 2일 20시,토요일,광주광역시 동구 계림동,경상사고,0,0,1,0,차대차 - 기타,안전운전불이행,건조,맑음,단일로 - 기타,승용,남,70세,상해없음,승합,남,37세,경상
2019020200100527,2019년 2월 2일 20시,토요일,광주광역시 북구 운암동,경상사고,0,0,2,0,차대차 - 측면충돌,안전운전불이행,건조,맑음,교차로 - 교차로부근,승합,남,43세,상해없음,승용,남,32세,경상
2019020200100582,2019년 2월 2일 23시,토요일,광주광역시 남구 월산동,경상사고,0,0,5,0,차대차 - 측면충돌,안전운전불이행,건조,맑음,교차로 - 교차로안,승용,남,34세,상해없음,승용,남,61세,경상
2019020300100030,2019년 2월 3일 00시,일요일,광주광역시 북구 용봉동,경상사고,0,0,2,0,차대차 - 추돌,안전거리미확보,젖음/습기,비,단일로 - 기타,승용,남,40세,상해없음,승용,남,30세,경상
2019020300100031,2019년 2월 3일 00시,일요일,광주광역시 북구 중흥동,중상사고,0,1,1,0,차대사람 - 횡단중,신호위반,젖음/습기,비,교차로 - 교차로부근,원동기,남,30세,경상,보행자,남,60세,중상
2019020300100050,2019년 2월 3일 01시,일요일,광주광역시 북구 연제동,경상사고,0,0,2,0,차대차 - 추돌,안전운전불이행,젖음/습기,비,단일로 - 기타,승용,남,27세,기타불명,승용,남,60세,경상
2019020300100078,2019년 2월 3일 02시,일요일,광주광역시 북구 운암동,경상사고,0,0,1,0,차대차 - 추돌,안전거리미확보,건조,맑음,교차로 - 교차로안,승용,남,34세,상해없음,승용,남,53세,경상
2019020300100097,2019년 2월 3일 03시,일요일,광주광역시 광산구 신촌동,경상사고,0,0,1,0,차대차 - 추돌,안전운전불이행,젖음/습기,비,단일로 - 기타,승용,남,31세,상해없음,승용,여,59세,경상
2019020300100107,2019년 2월 3일 04시,일요일,광주광역시 서구 금호동,경상사고,0,0,3,0,차대차 - 기타,안전운전불이행,건조,맑음,교차로 - 교차로부근,승용,남,39세,상해없음,승용,남,56세,경상
2019020300100132,2019년 2월 3일 06시,일요일,광주광역시 남구 백운동,경상사고,0,0,3,0,차대차 - 측면충돌,안전운전불이행,건조,맑음,단일로 - 기타,화물,남,60세,상해없음,승용,남,51세,경상