사고번호,사고일시,요일,시군구,사고내용,사망자수,중상자수,경상자수,부상신고자수,사고유형,법규위반,노면상태,기상상태,도로형태,가해운전자 차종,가해운전자 성별,가해운전자 연령,가해운전자 상해정도,피해운전자 차종,피해운전자 성별,피해운전자 연령,피해운전자 상해정도
2019020300100133,2019년 2월 3일 06시,일요일,광주광역시 광산구 월계동,경상사고,0,0,1,0,차량단독 - 공작물충돌,안전운전불이행,건조,맑음,단일로 - 기타,승용,남,66세,상해없음,,,,
2019020300100186,2019년 2월 3일 10시,일요일,광주광역시 북구 양산동,경상사고,0,0,1,0,차대차 - 기타,차로위반,젖음/습기,비,단일로 - 기타,승용,남,53세,상해없음,승용,남,72세,경상
2019020300100187,2019년 2월 3일 10시,일요일,광주광역시 북구 삼각동,부상신고사고,0,0,0,1,차대차 - 기타,안전운전불이행,젖음/습기,비,교차로 - 교차로부근,승용,남,72세,상해없음,승용,남,67세,부상신고
2019020300100212,2019년 2월 3일 11시,일요일,광주광역시 서구 화정동,경상사고,0,0,2,0,차대차 - 측면충돌,교차로운행방법위반,젖음/습기,비,교차로 - 교차로안,승용,남,45세,상해없음,승용,여,42세,경상
2019020300100226,2019년 2월 3일 12시,일요일,광주광역시 북구 두암동,경상사고,0,0,1,0,차대차 - 기타,안전운전불이행,젖음/습기,비,교차로 - 교차로안,승용,남,30세,상해없음,이륜,남,27세,경상
2019020300100346,2019년 2월 3일 17시,일요일,광주광역시 북구 운암동,중상사고,0,1,0,1,차대차 - 기타,중앙선침범,건조,맑음,단일로 - 기타,승용,남,23세,부상신고,승용,남,48세,상해없음
2019020300100347,2019년 2월 3일 17시,일요일,광주광역시 광산구 우산동,경상사고,0,0,3,0,차대차 - 측면충돌,안전운전불이행,건조,맑음,단일로 - 기타,승용,남,48세,상해없음,승용,여,36세,경상
2019020300100389,2019년 2월 3일 18시,일요일,광주광역시 서구 치평동,경상사고,0,0,2,0,차대차 - 측면충돌,신호위반,건조,맑음,교차로 - 교차로안,승용,남,60세,상해없음,승용,남,24세,경상
2019020300100390,2019년 2월 3일 18시,일요일,광주광역시 서구 화정동,경상사고,0,0,1,0,차대차 - 추돌,안전운전불이행,젖음/습기,비,교차로 - 교차로안,승용,남,47세,상해없음,승용,남,25세,경상
2019020300100391,2019년 2월 3일 18시,일요일,광주광역시 북구 운암동,경상사고,0,0,4,0,차대차 - 측면충돌,차로위반,젖음/습기,비,단일로 - 교량,승용,남,23세,상해없음,승용,남,58세,경상
2019020400100032,2019년 2월 4일 00시,월요일,광주광역시 광산구 수완동,경상사고,0,0,1,0,차대차 - 기타,안전거리미확보,건조,맑음,교차로 - 교차로부근,승용,남,53세,상해없음,원동기,남,16세,경상
2019020400100084,2019년 2월 4일 07시,월요일,광주광역시 동구 지산동,경상사고,0,0,1,0,차대차 - 기타,안전운전불이행,건조,맑음,교차로 - 교차로안,승용,여,50세,상해없음,승용,남,33세,경상
2019020400100090,2019년 2월 4일 08시,월요일,광주광역시 서구 화정동,경상사고,0,0,1,0,차대차 - 측면충돌,안전운전불이행,건조,맑음,단일로 - 기타,승용,남,77세,상해없음,승용,여,57세,경상
2019020400100091,2019년 2월 4일 08시,월요일,광주광역시 광산구 도산동,중상사고,0,1,1,0,차대차 - 측면충돌,안전거리미확보,건조,맑음,단일로 - 기타,승용,여,69세,상해없음,승용,여,39세,경상
2019020400100118,2019년 2월 4일 10시,월요일,광주광역시 서구 서창동,경상사고,0,0,2,0,차대차 - 측면충돌,안전운전불이행,건조,맑음,단일로 - 기타,승용,남,72세,상해없음,화물,남,32세,경상
2019020400100244,2019년 2월 4일 16시,월요일,광주광역시 광산구 월곡동,경상사고,0,0,1,0,차대사람 - 기타,안전운전불이행,건조,맑음,기타 - 기타,승용,여,34세,상해없음,보행자,남,60세,경상
2019020400100266,2019년 2월 4일 17시,월요일,광주광역시 북구 문흥동,경상사고,0,0,1,0,차대사람 - 횡단중,안전운전불이행,건조,맑음,단일로 - 기타,승용,여,23세,상해없음,보행자,남,63세,경상
2019020400100283,2019년 2월 4일 18시,월요일,광주광역시 북구 운암동,중상사고,0,1,0,0,차대차 - 측면충돌,안전거리미확보,건조,맑음,단일로 - 기타,화물,남,32세,상해없음,이륜,남,39세,중상
2019020400100303,2019년 2월 4일 19시,월요일,광주광역시 광산구 운남동,중상사고,0,1,0,0,차대차 - 측면충돌,안전운전불이행,건조,맑음,교차로 - 교차로안,승용,남,34세,상해없음,이륜,남,56세,중상
2019020400100304,2019년 2월 4일 19시,월요일,광주광역시 광산구 신창동,중상사고,0,1,0,0,차대사람 - 기타,안전운전불이행,건조,맑음,주차장 - 주차장,승용,남,52세,상해없음,보행자,여,46세,중상
2019020400100305,2019년 2월 4일 19시,월요일,광주광역시 광산구 수완동,경상사고,0,0,1,0,차대차 - 정면충돌,안전운전불이행,건조,맑음,교차로 - 교차로안,승용,남,70세,상해없음,이륜,남,50세,경상
2019020400100324,2019년 2월 4일 20시,월요일,광주광역시 북구 동림동,경상사고,0,0,1,0,차대차 - 기타,안전거리미확보,건조,맑음,교차로 - 교차로안,승용,남,37세,상해없음,승용,남,38세,경상
2019020400100325,2019년 2월 4일 20시,월요일,광주광역시 광산구 장덕동,경상사고,0,0,2,0,차대차 - 기타,불법유턴,건조,맑음,주차장 - 주차장,화물,남,41세,기타불명,승용,남,46세,경상
2019020500100028,2019년 2월 5일 00시,화요일,광주광역시 북구 문흥동,경상사고,0,0,2,0,차대차 - 측면충돌,안전운전불이행,건조,맑음,교차로 - 교차로부근,승용,남,58세,상해없음,승용,남,23세,경상
2019020500100051,2019년 2월 5일 03시,화요일,광주광역시 서구 치평동,경상사고,0,0,2,0,차대차 - 측면충돌,안전운전불이행,건조,맑음,교차로 - 교차로안,기타불명,기타불명,미분류,기타불명,승용,남,27세,경상
2019020500100059,2019년 2월 5일 05시,화요일,광주광역시 서구 치평동,경상사고,0,0,4,0,차대차 - 측면충돌,차로위반,건조,흐림,단일로 - 지하차도(도로)내,승용,남,30세,상해없음,승용,남,20세,경상
2019020500100126,2019년 2월 5일 12시,화요일,광주광역시 동구 선교동,경상사고,0,0,1,1,차대차 - 추돌,안전거리미확보,건조,맑음,단일로 - 교량,승용,남,32세,상해없음,승용,여,52세,상해없음
2019020500100127,2019년 2월 5일 12시,화요일,광주광역시 남구 송하동,경상사고,0,0,3,0,차대차 - 기타,안전거리미확보,건조,맑음,단일로 - 기타,승용,남,28세,상해없음,승용,남,38세,경상
2019020500100192,2019년 2월 5일 14시,화요일,광주광역시 광산구 운수동,경상사고,0,0,4,0,차대차 - 측면충돌,차로위반,건조,맑음,단일로 - 기타,승용,여,61세,상해없음,승용,여,52세,경상
2019020500100208,2019년 2월 5일 15시,화요일,광주광역시 서구 광천동,경상사고,0,0,1,0,차대사람 - 차도통행중,안전운전불이행,건조,맑음,단일로 - 기타,승용,남,61세,상해없음,보행자,여,31세,경상
2019020500100209,2019년 2월 5일 15시,화요일,광주광역시 광산구 본덕동,경상사고,0,0,6,0,차대차 - 추돌,안전거리미확보,건조,맑음,단일로 - 기타,승용,남,31세,경상,승용,남,59세,경상
2019020500100210,2019년 2월 5일 15시,화요일,광주광역시 광산구 본덕동,경상사고,0,0,5,0,차대차 - 추돌,안전거리미확보,건조,맑음,단일로 - 기타,승용,남,31세,상해없음,승용,남,31세,경상
2019020500100229,2019년 2월 5일 16시,화요일,광주광역시 서구 화정동,경상사고,0,0,3,0,차대차 - 추돌,안전운전불이행,건조,맑음,단일로 - 기타,승용,남,56세,상해없음,승용,남,68세,경상
2019020500100230,2019년 2월 5일 16시,화요일,광주광역시 서구 쌍촌동,경상사고,0,0,1,0,차대차 - 측면충돌,안전운전불이행,건조,맑음,단일로 - 기타,승용,남,61세,상해없음,승용,남,46세,경상
2019020500100267,2019년 2월 5일 18시,화요일,광주광역시 북구 용두동,경상사고,0,0,3,0,차대차 - 측면충돌,안전운전불이행,건조,맑음,단일로 - 교량,승용,여,29세,상해없음,승용,남,50세,상해없음
2019020500100334,2019년 2월 5일 21시,화요일,광주광역시 북구 중흥동,중상사고,0,1,1,0,차대차 - 추돌,안전운전불이행,건조,맑음,교차로 - 교차로부근,승용,남,23세,상해없음,승용,여,56세,경상
2019020600100023,2019년 2월 6일 00시,수요일,광주광역시 남구 월산동,경상사고,0,0,2,0,차대사람 - 차도통행중,안전운전불이행,건조,맑음,단일로 - 기타,승용,남,54세,상해없음,보행자,남,21세,경상
2019020600100045,2019년 2월 6일 02시,수요일,광주광역시 광산구 수완동,중상사고,0,1,1,0,차대사람 - 길가장자리구역통행중,안전운전불이행,건조,맑음,교차로 - 교차로안,승용,여,28세,상해없음,보행자,남,28세,경상
2019020600100059,2019년 2월 6일 04시,수요일,광주광역시 북구 중흥동,중상사고,0,1,1,0,차대차 - 정면충돌,안전운전불이행,건조,맑음,교차로 - 교차로안,승용,남,30세,기타불명,승용,남,56세,중상
2019020600100075,2019년 2월 6일 07시,수요일,광주광역시 남구 봉선동,경상사고,0,0,1,0,차대사람 - 횡단중,안전운전불이행,건조,맑음,교차로 - 교차로안,승용,여,51세,상해없음,보행자,남,54세,경상
2019020600100082,2019년 2월 6일 08시,수요일,광주광역시 북구 두암동,경상사고,0,0,1,0,차대차 - 측면충돌,교차로운행방법위반,건조,맑음,교차로 - 교차로안,원동기,남,27세,경상,화물,남,69세,상해없음
2019020600100094,2019년 2월 6일 10시,수요일,광주광역시 서구 치평동,중상사고,0,2,1,0,차대사람 - 보도통행중,보행자보호의무위반,건조,맑음,교차로 - 교차로횡단보도내,승합,남,60세,상해없음,보행자,여,44세,중상
2019020600100095,2019년 2월 6일 10시,수요일,광주광역시 북구 운암동,경상사고,0,0,1,0,차대차 - 측면충돌,교차로운행방법위반,건조,맑음,교차로 - 교차로안,승용,여,59세,상해없음,승용,남,25세,경상
2019020600100152,2019년 2월 6일 13시,수요일,광주광역시 동구 산수동,경상사고,0,0,3,0,차대차 - 기타,중앙선침범,건조,맑음,단일로 - 기타,승용,여,49세,상해없음,승용,남,40세,경상
2019020600100225,2019년 2월 6일 16시,수요일,광주광역시 동구 불로동,경상사고,0,0,2,0,차대차 - 측면충돌,신호위반,건조,맑음,교차로 - 교차로안,승용,남,64세,상해없음,승용,남,55세,경상
2019020600100266,2019년 2월 6일 18시,수요일,광주광역시 북구 운암동,경상사고,0,0,6,0,차대사람 - 기타,안전운전불이행,건조,맑음,단일로 - 기타,승용,남,74세,경상,보행자,여,23세,경상
2019020600100332,2019년 2월 6일 21시,수요일,광주광역시 북구 매곡동,경상사고,0,0,1,0,차대사람 - 기타,안전운전불이행,건조,맑음,단일로 - 기타,승용,남,63세,상해없음,보행자,여,18세,경상
2019020600100333,2019년 2월 6일 21시,수요일,광주광역시 북구 동림동,경상사고,0,0,6,0,차대차 - 측면충돌,차로위반,건조,맑음,단일로 - 기타,승용,남,62세,경상,승용,남,20세,경상
2019020600100334,2019년 2월 6일 21시,수요일,광주광역시 광산구 월곡동,중상사고,0,1,0,0,차대차 - 측면충돌,안전운전불이행,건조,맑음,교차로 - 교차로안,승용,여,27세,상해없음,이륜,남,49세,중상
2019020600100349,2019년 2월 6일 22시,수요일,광주광역시 광산구 산월동,경상사고,0,0,2,0,차대차 - 측면충돌,신호위반,건조,맑음,교차로 - 교차로안,원동기,남,22세,경상,승용,여,50세,경상
2019020700100035,2019년 2월 7일 00시,목요일,광주광역시 동구 광산동,경상사고,0,0,1,0,차대사람 - 기타,안전운전불이행,건조,맑음,단일로 - 기타,승용,여,58세,상해없음,보행자,여,25세,경상
2019020700100041,2019년 2월 7일 01시,목요일,광주광역시 북구 오치동,경상사고,0,0,1,0,차대차 - 측면충돌,교차로운행방법위반,건조,흐림,교차로 - 교차로안,승용,남,30세,상해없음,승합,남,46세,경상
2019020700100060,2019년 2월 7일 03시,목요일,광주광역시 북구 용봉동,경상사고,0,0,1,0,차대차 - 측면충돌,차로위반,건조,흐림,교차로 - 교차로부근,승용,남,36세,상해없음,승용,남,51세,경상
2019020700100107,2019년 2월 7일 07시,목요일,광주광역시 광산구 쌍암동,경상사고,0,0,6,0,차대차 - 측면충돌,신호위반,건조,맑음,교차로 - 교차로안,승용,남,37세,경상,승용,남,37세,경상
2019020700100134,2019년 2월 7일 08시,목요일,광주광역시 서구 광천동,경상사고,0,0,1,0,차대차 - 기타,안전운전불이행,건조,맑음,단일로 - 기타,승용,남,56세,상해없음,승합,남,61세,경상
2019020700100135,2019년 2월 7일 08시,목요일,광주광역시 북구 양산동,경상사고,0,0,1,0,차대사람 - 기타,보행자보호의무위반,건조,맑음,교차로 - 교차로안,승용,여,43세,상해없음,보행자,여,71세,경상
2019020700100136,2019년 2월 7일 08시,목요일,광주광역시 광산구 월계동,경상사고,0,0,1,0,차대차 - 추돌,안전운전불이행,건조,맑음,교차로 - 교차로횡단보도내,승용,남,54세,상해없음,승용,여,42세,경상
2019020700100180,2019년 2월 7일 10시,목요일,광주광역시 북구 동림동,경상사고,0,0,1,0,차대차 - 측면충돌,안전운전불이행,건조,맑음,교차로 - 교차로안,기타불명,기타불명,미분류,기타불명,승용,남,23세,경상
2019020700100181,2019년 2월 7일 10시,목요일,광주광역시 광산구 소촌동,중상사고,0,1,0,0,차대사람 - 횡단중,신호위반,건조,맑음,교차로 - 교차로횡단보도내,승용,남,74세,상해없음,보행자,여,70세,중상
2019020700100213,2019년 2월 7일 11시,목요일,광주광역시 서구 풍암동,경상사고,0,0,4,0,차대차 - 측면충돌,안전거리미확보,건조,맑음,교차로 - 교차로부근,승용,여,28세,상해없음,승용,여,47세,상해없음
2019020700100257,2019년 2월 7일 13시,목요일,광주광역시 서구 치평동,경상사고,0,0,1,0,차대사람 - 횡단중,신호위반,건조,맑음,교차로 - 교차로횡단보도내,승용,남,72세,상해없음,보행자,여,23세,경상
2019020700100289,2019년 2월 7일 14시,목요일,광주광역시 북구 오치동,경상사고,0,0,2,0,차대차 - 측면충돌,교차로운행방법위반,건조,맑음,교차로 - 교차로안,승용,남,31세,경상,승용,남,38세,경상
2019020700100290,2019년 2월 7일 14시,목요일,광주광역시 북구 문흥동,중상사고,0,1,0,0,차대차 - 측면충돌,안전운전불이행,건조,맑음,교차로 - 교차로안,승용,여,47세,상해없음,이륜,남,17세,중상
2019020700100325,2019년 2월 7일 15시,목요일,광주광역시 북구 동림동,경상사고,0,0,2,0,차대차 - 측면충돌,중앙선침범,건조,맑음,단일로 - 기타,이륜,남,25세,상해없음,승용,여,33세,경상
2019020700100358,2019년 2월 7일 16시,목요일,광주광역시 북구 각화동,경상사고,0,0,1,0,차대차 - 추돌,안전거리미확보,건조,맑음,교차로 - 교차로안,승용,남,39세,상해없음,승용,남,60세,경상
2019020700100395,2019년 2월 7일 17시,목요일,광주광역시 북구 두암동,중상사고,0,1,0,0,차대사람 - 횡단중,안전운전불이행,건조,기타,단일로 - 기타,승용,남,60세,상해없음,보행자,남,76세,중상
2019020700100433,2019년 2월 7일 18시,목요일,광주광역시 서구 내방동,경상사고,0,0,2,0,차대차 - 기타,안전거리미확보,건조,맑음,단일로 - 기타,승용,남,59세,상해없음,승용,여,64세,경상
2019020700100434,2019년 2월 7일 18시,목요일,광주광역시 서구 풍암동,경상사고,0,0,2,0,차대차 - 추돌,안전운전불이행,건조,맑음,단일로 - 기타,승용,남,32세,상해없음,승용,남,30세,경상
2019020700100435,2019년 2월 7일 18시,목요일,광주광역시 서구 유촌동,중상사고,0,1,0,0,차대차 - 기타,신호위반,건조,맑음,교차로 - 교차로안,승용,여,62세,상해없음,이륜,남,33세,중상
2019020700100436,2019년 2월 7일 18시,목요일,광주광역시 남구 봉선동,중상사고,0,1,0,0,차대사람 - 기타,기타,건조,맑음,단일로 - 기타,승합,남,69세,상해없음,보행자,남,10세,중상
2019020700100437,2019년 2월 7일 18시,목요일,광주광역시 광산구 소촌동,경상사고,0,0,3,0,차대차 - 측면충돌,안전거리미확보,건조,맑음,단일로 - 기타,승용,남,48세,상해없음,승합,남,57세,경상
2019020700100438,2019년 2월 7일 18시,목요일,광주광역시 광산구 우산동,경상사고,0,0,10,0,차대차 - 추돌,안전운전불이행,건조,맑음,단일로 - 기타,승용,남,46세,기타불명,승용,여,41세,경상
2019020700100467,2019년 2월 7일 19시,목요일,광주광역시 북구 동림동,경상사고,0,0,1,0,차량단독 - 공작물충돌,안전운전불이행,건조,맑음,단일로 - 기타,승용,남,72세,경상,,,,
2019020700100509,2019년 2월 7일 21시,목요일,광주광역시 서구 유촌동,경상사고,0,0,2,0,차대차 - 측면충돌,안전거리미확보,건조,맑음,단일로 - 기타,승용,여,51세,상해없음,승용,남,23세,경상
2019020800100042,2019년 2월 8일 03시,금요일,광주광역시 동구 호남동,경상사고,0,0,2,0,차대차 - 측면충돌,신호위반,건조,맑음,단일로 - 교량,승용,남,33세,상해없음,승용,남,51세,경상
2019020800100069,2019년 2월 8일 06시,금요일,광주광역시 남구 진월동,경상사고,0,0,2,1,차대차 - 기타,안전거리미확보,건조,맑음,단일로 - 기타,승용,남,19세,상해없음,승용,남,48세,경상
2019020800100083,2019년 2월 8일 07시,금요일,광주광역시 서구 양동,경상사고,0,0,2,0,차대차 - 측면충돌,안전운전불이행,건조,맑음,단일로 - 기타,기타불명,기타불명,미분류,기타불명,이륜,남,63세,경상
2019020800100084,2019년 2월 8일 07시,금요일,광주광역시 북구 유동,경상사고,0,0,1,0,차량단독 - 기타,안전운전불이행,건조,맑음,교차로 - 교차로안,승용,여,28세,경상,,,,
2019020800100109,2019년 2월 8일 08시,금요일,광주광역시 남구 송하동,중상사고,0,1,1,0,차대차 - 기타,기타,건조,맑음,단일로 - 기타,승용,남,36세,상해없음,승용,남,56세,경상
2019020800100131,2019년 2월 8일 09시,금요일,광주광역시 서구 치평동,경상사고,0,0,1,0,차대차 - 추돌,안전운전불이행,건조,맑음,단일로 - 기타,승용,남,56세,상해없음,승용,남,41세,경상
2019020800100154,2019년 2월 8일 10시,금요일,광주광역시 광산구 신창동,경상사고,0,0,2,0,차대차 - 측면충돌,신호위반,건조,맑음,교차로 - 교차로안,승용,여,62세,경상,승용,남,27세,경상
2019020800100202,2019년 2월 8일 12시,금요일,광주광역시 서구 화정동,경상사고,0,0,1,0,차대차 - 측면충돌,신호위반,건조,맑음,교차로 - 교차로안,승용,여,69세,상해없음,승용,여,29세,경상
2019020800100203,2019년 2월 8일 12시,금요일,광주광역시 남구 서동,경상사고,0,0,1,0,차대차 - 측면충돌,교차로운행방법위반,건조,맑음,교차로 - 교차로안,화물,남,67세,상해없음,이륜,남,44세,경상
2019020800100269,2019년 2월 8일 14시,금요일,광주광역시 남구 월산동,경상사고,0,0,2,0,차대차 - 기타,기타,건조,맑음,단일로 - 기타,화물,남,54세,상해없음,화물,남,44세,경상
2019020800100270,2019년 2월 8일 14시,금요일,광주광역시 북구 용봉동,경상사고,0,0,2,0,차대차 - 측면충돌,안전운전불이행,건조,맑음,단일로 - 기타,승용,남,20세,상해없음,승용,여,23세,경상
2019020800100297,2019년 2월 8일 15시,금요일,광주광역시 북구 유동,중상사고,0,1,0,0,차대차 - 측면충돌,신호위반,건조,맑음,교차로 - 교차로안,이륜,남,83세,중상,승용,남,74세,상해없음
2019020800100330,2019년 2월 8일 16시,금요일,광주광역시 서구 농성동,경상사고,0,0,1,0,차대차 - 기타,안전운전불이행,건조,맑음,단일로 - 기타,승용,남,79세,상해없음,화물,남,26세,경상
2019020800100331,2019년 2월 8일 16시,금요일,광주광역시 광산구 월계동,경상사고,0,0,1,0,차대차 - 기타,차로위반,건조,맑음,단일로 - 기타,승용,남,27세,상해없음,승용,남,28세,상해없음
2019020800100354,2019년 2월 8일 17시,금요일,광주광역시 서구 쌍촌동,경상사고,0,0,2,0,차대차 - 측면충돌,교차로운행방법위반,건조,맑음,교차로 - 교차로안,승용,여,52세,상해없음,특수,남,45세,경상
2019020800100399,2019년 2월 8일 18시,금요일,광주광역시 광산구 산월동,경상사고,0,0,1,0,차대차 - 측면충돌,안전운전불이행,건조,맑음,단일로 - 기타,승용,여,42세,상해없음,승용,남,29세,경상
2019020800100477,2019년 2월 8일 21시,금요일,광주광역시 광산구 월계동,경상사고,0,0,1,0,차대차 - 후진중충돌,불법유턴,건조,맑음,단일로 - 기타,승용,남,58세,상해없음,승용,남,57세,상해없음
2019020800100520,2019년 2월 8일 23시,금요일,광주광역시 북구 삼각동,경상사고,0,0,1,0,차대차 - 기타,차로위반,건조,맑음,단일로 - 기타,승용,남,56세,상해없음,승용,남,33세,경상
2019020900100027,2019년 2월 9일 00시,토요일,광주광역시 북구 중흥동,경상사고,0,0,1,0,차대사람 - 기타,기타,건조,맑음,교차로 - 교차로안,승용,남,19세,상해없음,보행자,남,23세,경상
2019020900100028,2019년 2월 9일 00시,토요일,광주광역시 광산구 신가동,경상사고,0,0,2,0,차대차 - 측면충돌,신호위반,건조,맑음,교차로 - 교차로부근,이륜,남,31세,경상,승용,여,26세,경상
2019020900100060,2019년 2월 9일 03시,토요일,광주광역시 북구 용봉동,경상사고,0,0,2,0,차대차 - 기타,안전운전불이행,건조,맑음,단일로 - 기타,승용,남,27세,상해없음,승용,여,24세,경상
2019020900100072,2019년 2월 9일 04시,토요일,광주광역시 광산구 신가동,중상사고,0,1,3,0,차대차 - 측면충돌,신호위반,건조,맑음,교차로 - 교차로안,승용,남,69세,경상,승용,여,49세,경상
2019020900100178,2019년 2월 9일 11시,토요일,광주광역시 서구 금호동,경상사고,0,0,1,0,차대차 - 측면충돌,안전운전불이행,건조,맑음,단일로 - 기타,승용,여,44세,상해없음,승용,남,39세,경상
2019020900100234,2019년 2월 9일 13시,토요일,광주광역시 동구 호남동,경상사고,0,0,2,0,차대차 - 측면충돌,안전운전불이행,건조,맑음,단일로 - 기타,승용,남,30세,경상,승용,여,47세,경상
2019020900100235,2019년 2월 9일 13시,토요일,광주광역시 서구 풍암동,중상사고,0,1,3,0,차대차 - 측면충돌,안전운전불이행,건조,맑음,단일로 - 기타,승합,여,48세,경상,승용,남,40세,경상
2019020900100263,2019년 2월 9일 14시,토요일,광주광역시 북구 오치동,경상사고,0,0,1,0,차대차 - 측면충돌,교차로운행방법위반,건조,맑음,교차로 - 교차로안,승용,남,65세,상해없음,승용,남,56세,경상
2019020900100264,2019년 2월 9일 14시,토요일,광주광역시 광산구 산정동,경상사고,0,0,2,0,차대차 - 기타,안전운전불이행,건조,맑음,교차로 - 교차로안,승용,여,43세,상해없음,승용,여,36세,경상
2019020900100290,2019년 2월 9일 15시,토요일,광주광역시 북구 생용동,경상사고,0,0,1,0,차대차 - 측면충돌,안전운전불이행,건조,맑음,교차로 - 교차로안,승용,남,27세,상해없음,승용,남,52세,경상
2019020900100353,2019년 2월 9일 18시,토요일,광주광역시 서구 화정동,경상사고,0,0,1,0,차대차 - 측면충돌,안전운전불이행,건조,맑음,단일로 - 기타,승합,남,70세,상해없음,승용,남,30세,경상
2019020900100354,2019년 2월 9일 18시,토요일,광주광역시 광산구 신촌동,경상사고,0,0,1,0,차대차 - 추돌,안전운전불이행,건조,맑음,단일로 - 기타,승용,여,19세,상해없음,승용,여,46세,경상
2019020900100376,2019년 2월 9일 19시,토요일,광주광역시 북구 유동,경상사고,0,0,1,0,차대차 - 측면충돌,안전거리미확보,건조,맑음,단일로 - 기타,승용,남,54세,상해없음,승용,남,40세,상해없음
2019020900100377,2019년 2월 9일 19시,토요일,광주광역시 광산구 월곡동,중상사고,0,1,1,0,차대차 - 정면충돌,신호위반,건조,맑음,교차로 - 교차로안,승용,남,18세,상해없음,이륜,남,16세,중상
2019020900100421,2019년 2월 9일 21시,토요일,광주광역시 북구 신용동,중상사고,0,1,0,0,차대차 - 측면충돌,안전운전불이행,건조,맑음,단일로 - 기타,승용,남,29세,상해없음,이륜,남,38세,중상
2019020900100422,2019년 2월 9일 21시,토요일,광주광역시 북구 오치동,경상사고,0,0,2,0,차대차 - 측면충돌,안전운전불이행,건조,맑음,단일로 - 기타,화물,남,45세,상해없음,승용,여,31세,경상
2019020900100444,2019년 2월 9일 22시,토요일,광주광역시 서구 치평동,경상사고,0,0,1,0,차대차 - 추돌,안전운전불이행,건조,맑음,교차로 - 교차로안,승용,남,35세,상해없음,원동기,남,21세,경상
2019021000100087,2019년 2월 10일 07시,일요일,광주광역시 서구 쌍촌동,경상사고,0,0,1,0,차대차 - 기타,안전운전불이행,건조,맑음,교차로 - 교차로안,승용,남,46세,상해없음,승용,남,58세,경상
2019021000100136,2019년 2월 10일 11시,일요일,광주광역시 광산구 신촌동,경상사고,0,0,1,0,차대차 - 추돌,안전거리미확보,건조,맑음,단일로 - 기타,이륜,남,20세,경상,승용,남,57세,상해없음
2019021000100226,2019년 2월 10일 16시,일요일,광주광역시 북구 문흥동,경상사고,0,0,1,0,차대사람 - 차도통행중,안전운전불이행,건조,맑음,단일로 - 기타,이륜,남,38세,상해없음,보행자,남,8세,경상
2019021000100300,2019년 2월 10일 19시,일요일,광주광역시 서구 농성동,경상사고,0,0,1,0,차대차 - 추돌,안전거리미확보,건조,흐림,단일로 - 지하차도(도로)내,승용,남,30세,상해없음,승용,남,30세,경상
2019021000100301,2019년 2월 10일 19시,일요일,광주광역시 북구 두암동,경상사고,0,0,1,0,차대차 - 측면충돌,안전거리미확보,건조,맑음,단일로 - 기타,승용,남,23세,상해없음,승용,남,37세,경상
2019021000100316,2019년 2월 10일 20시,일요일,광주광역시 광산구 운남동,경상사고,0,0,1,0,차대차 - 측면충돌,안전운전불이행,건조,맑음,단일로 - 기타,승용,남,45세,상해없음,자전거,남,51세,경상
2019021000100336,2019년 2월 10일 21시,일요일,광주광역시 광산구 수완동,경상사고,0,0,4,0,차대차 - 측면충돌,교차로운행방법위반,건조,맑음,교차로 - 교차로안,승용,남,32세,상해없음,승용,여,35세,경상
2019021100100030,2019년 2월 11일 00시,월요일,광주광역시 북구 문흥동,경상사고,0,0,2,0,차대차 - 측면충돌,교차로운행방법위반,건조,맑음,교차로 - 교차로안,승용,남,20세,경상,승용,남,27세,경상
2019021100100038,2019년 2월 11일 02시,월요일,광주광역시 서구 풍암동,부상신고사고,0,0,0,1,차대차 - 기타,안전운전불이행,건조,맑음,교차로 - 교차로안,기타불명,기타불명,미분류,기타불명,이륜,남,19세,부상신고
2019021100100045,2019년 2월 11일 04시,월요일,광주광역시 서구 치평동,경상사고,0,0,1,0,차대차 - 측면충돌,중앙선침범,건조,맑음,단일로 - 기타,승용,남,22세,상해없음,화물,남,69세,경상
2019021100100055,2019년 2월 11일 05시,월요일,광주광역시 서구 풍암동,경상사고,0,0,1,0,차대사람 - 횡단중,안전운전불이행,건조,맑음,단일로 - 기타,승용,남,48세,상해없음,보행자,남,67세,경상
2019021100100056,2019년 2월 11일 05시,월요일,광주광역시 북구 운암동,경상사고,0,0,1,0,차대차 - 추돌,안전운전불이행,건조,맑음,교차로 - 교차로부근,승용,남,42세,상해없음,승용,여,51세,경상
2019021100100071,2019년 2월 11일 06시,월요일,광주광역시 서구 치평동,중상사고,0,1,0,0,차대사람 - 횡단중,안전운전불이행,건조,맑음,단일로 - 기타,승용,남,58세,상해없음,보행자,여,76세,중상
2019021100100085,2019년 2월 11일 07시,월요일,광주광역시 북구 용두동,중상사고,0,1,0,0,차대사람 - 횡단중,안전운전불이행,건조,맑음,교차로 - 교차로횡단보도내,화물,남,54세,상해없음,보행자,여,56세,중상
2019021100100173,2019년 2월 11일 10시,월요일,광주광역시 동구 지산동,경상사고,0,0,1,0,차대사람 - 기타,안전운전불이행,건조,맑음,교차로 - 교차로안,화물,남,41세,상해없음,보행자,여,22세,경상
2019021100100205,2019년 2월 11일 11시,월요일,광주광역시 서구 유촌동,경상사고,0,0,5,0,차대차 - 기타,안전운전불이행,건조,맑음,교차로 - 교차로부근,승용,남,33세,상해없음,승합,남,50세,경상