사고번호,사고일시,요일,시군구,사고내용,사망자수,중상자수,경상자수,부상신고자수,사고유형,법규위반,노면상태,기상상태,도로형태,가해운전자 차종,가해운전자 성별,가해운전자 연령,가해운전자 상해정도,피해운전자 차종,피해운전자 성별,피해운전자 연령,피해운전자 상해정도
2019021800100345,2019년 2월 18일 16시,월요일,광주광역시 동구 학동,중상사고,0,1,0,0,차량단독 - 기타,기타,건조,맑음,기타 - 기타,승합,남,51세,상해없음,,,,
2019021800100346,2019년 2월 18일 16시,월요일,광주광역시 북구 문흥동,경상사고,0,0,1,0,차대차 - 측면충돌,교차로운행방법위반,건조,맑음,교차로 - 교차로안,승용,남,43세,상해없음,승용,여,50세,상해없음
2019021800100347,2019년 2월 18일 16시,월요일,광주광역시 북구 우산동,경상사고,0,0,5,0,차대차 - 기타,교차로운행방법위반,건조,맑음,교차로 - 교차로안,승용,여,61세,상해없음,승합,남,53세,상해없음
2019021800100348,2019년 2월 18일 16시,월요일,광주광역시 북구 신안동,경상사고,0,0,2,0,차대차 - 측면충돌,교차로운행방법위반,건조,맑음,교차로 - 교차로안,승용,남,27세,경상,승용,남,64세,경상
2019021800100499,2019년 2월 18일 20시,월요일,광주광역시 남구 주월동,중상사고,0,1,5,0,차대차 - 측면충돌,기타,건조,맑음,교차로 - 교차로안,승용,남,50세,경상,승용,남,22세,경상
2019021800100523,2019년 2월 18일 21시,월요일,광주광역시 남구 사동,경상사고,0,0,1,0,차대차 - 측면충돌,교차로운행방법위반,건조,맑음,교차로 - 교차로안,승용,여,63세,상해없음,승용,남,54세,경상
2019021800100524,2019년 2월 18일 21시,월요일,광주광역시 광산구 장덕동,경상사고,0,0,1,0,차대차 - 측면충돌,신호위반,젖음/습기,비,교차로 - 교차로안,승용,남,28세,상해없음,원동기,남,52세,경상
2019021800100552,2019년 2월 18일 22시,월요일,광주광역시 동구 학동,경상사고,0,0,2,0,차대사람 - 횡단중,신호위반,젖음/습기,비,단일로 - 기타,승용,남,33세,상해없음,보행자,남,23세,경상
2019021800100553,2019년 2월 18일 22시,월요일,광주광역시 광산구 신가동,중상사고,0,1,0,0,차대사람 - 횡단중,안전운전불이행,건조,흐림,교차로 - 교차로부근,화물,남,64세,상해없음,보행자,남,68세,중상
2019021800100578,2019년 2월 18일 23시,월요일,광주광역시 서구 치평동,경상사고,0,0,2,0,차대차 - 측면충돌,중앙선침범,젖음/습기,비,단일로 - 기타,승용,남,54세,상해없음,승용,남,50세,상해없음
2019021800100579,2019년 2월 18일 23시,월요일,광주광역시 북구 두암동,경상사고,0,0,2,0,차대차 - 추돌,안전운전불이행,젖음/습기,비,교차로 - 교차로부근,승용,여,25세,상해없음,승용,여,26세,경상
2019021800100580,2019년 2월 18일 23시,월요일,광주광역시 광산구 우산동,경상사고,0,0,1,0,차대차 - 측면충돌,교차로운행방법위반,건조,맑음,교차로 - 교차로횡단보도내,승용,남,49세,상해없음,승용,남,21세,상해없음
2019021900100029,2019년 2월 19일 00시,화요일,광주광역시 서구 농성동,부상신고사고,0,0,0,1,차대차 - 측면충돌,신호위반,건조,맑음,교차로 - 교차로안,승용,여,40세,상해없음,승용,남,19세,부상신고
2019021900100030,2019년 2월 19일 00시,화요일,광주광역시 광산구 월곡동,경상사고,0,0,1,0,차대차 - 측면충돌,신호위반,젖음/습기,비,교차로 - 교차로안,기타불명,기타불명,미분류,기타불명,이륜,남,33세,경상
2019021900100045,2019년 2월 19일 01시,화요일,광주광역시 광산구 월곡동,중상사고,0,1,0,0,차대사람 - 횡단중,안전운전불이행,젖음/습기,비,교차로 - 교차로안,화물,남,48세,상해없음,보행자,남,32세,중상
2019021900100046,2019년 2월 19일 01시,화요일,광주광역시 광산구 운남동,경상사고,0,0,2,0,차대차 - 추돌,안전운전불이행,젖음/습기,비,단일로 - 기타,승용,남,29세,상해없음,승용,남,63세,경상
2019021900100066,2019년 2월 19일 03시,화요일,광주광역시 북구 양산동,경상사고,0,0,1,0,차량단독 - 공작물충돌,안전운전불이행,젖음/습기,비,교차로 - 교차로안,승용,남,51세,상해없음,,,,
2019021900100067,2019년 2월 19일 03시,화요일,광주광역시 광산구 월계동,부상신고사고,0,0,0,1,차대차 - 추돌,안전거리미확보,건조,맑음,단일로 - 기타,승용,남,56세,부상신고,승용,남,59세,상해없음
2019021900100116,2019년 2월 19일 07시,화요일,광주광역시 북구 오룡동,경상사고,0,0,2,0,차대차 - 측면충돌,안전운전불이행,젖음/습기,비,교차로 - 교차로안,승용,여,53세,경상,화물,남,52세,경상
2019021900100208,2019년 2월 19일 10시,화요일,광주광역시 남구 주월동,경상사고,0,0,1,0,차대사람 - 차도통행중,안전운전불이행,건조,맑음,교차로 - 교차로안,승용,남,58세,상해없음,보행자,여,22세,경상
2019021900100209,2019년 2월 19일 10시,화요일,광주광역시 광산구 산월동,경상사고,0,0,1,0,차대차 - 기타,안전운전불이행,젖음/습기,비,교차로 - 교차로안,화물,남,72세,상해없음,승용,기타불명,미분류,기타불명
2019021900100210,2019년 2월 19일 10시,화요일,광주광역시 광산구 하남동,경상사고,0,0,1,0,차대차 - 추돌,안전운전불이행,건조,맑음,단일로 - 기타,승용,남,35세,상해없음,승용,여,40세,경상
2019021900100231,2019년 2월 19일 11시,화요일,광주광역시 동구 궁동,경상사고,0,0,1,0,차대차 - 측면충돌,교차로운행방법위반,젖음/습기,비,교차로 - 교차로안,승용,여,58세,상해없음,화물,남,28세,경상
2019021900100232,2019년 2월 19일 11시,화요일,광주광역시 서구 치평동,경상사고,0,0,2,0,차대차 - 기타,안전운전불이행,젖음/습기,비,교차로 - 교차로안,화물,남,29세,상해없음,승합,남,52세,상해없음
2019021900100233,2019년 2월 19일 11시,화요일,광주광역시 광산구 쌍암동,경상사고,0,0,2,0,차대차 - 측면충돌,안전거리미확보,젖음/습기,흐림,단일로 - 지하차도(도로)내,화물,남,58세,상해없음,승용,남,38세,경상
2019021900100253,2019년 2월 19일 12시,화요일,광주광역시 북구 동림동,경상사고,0,0,2,0,차대차 - 측면충돌,안전거리미확보,젖음/습기,흐림,단일로 - 기타,승용,남,61세,상해없음,승용,남,58세,경상
2019021900100278,2019년 2월 19일 13시,화요일,광주광역시 서구 쌍촌동,경상사고,0,0,2,0,차대차 - 측면충돌,교차로운행방법위반,건조,맑음,교차로 - 교차로안,화물,남,38세,경상,승용,여,42세,경상
2019021900100340,2019년 2월 19일 15시,화요일,광주광역시 북구 청풍동,경상사고,0,0,1,0,차량단독 - 도로외이탈 - 기타,안전운전불이행,젖음/습기,비,단일로 - 기타,화물,여,54세,기타불명,,,,
2019021900100385,2019년 2월 19일 17시,화요일,광주광역시 서구 쌍촌동,경상사고,0,0,2,0,차대차 - 측면충돌,직진우회전진행방해,건조,맑음,교차로 - 교차로안,이륜,남,28세,경상,승용,남,22세,경상
2019021900100431,2019년 2월 19일 18시,화요일,광주광역시 서구 화정동,경상사고,0,0,1,0,차대차 - 측면충돌,안전운전불이행,건조,맑음,교차로 - 교차로안,승용,남,67세,상해없음,승용,여,61세,경상
2019021900100432,2019년 2월 19일 18시,화요일,광주광역시 광산구 우산동,경상사고,0,0,5,0,차대차 - 측면충돌,교차로운행방법위반,건조,맑음,교차로 - 교차로안,승용,남,45세,경상,승용,남,26세,경상
2019021900100488,2019년 2월 19일 20시,화요일,광주광역시 북구 망월동,경상사고,0,0,1,0,차량단독 - 공작물충돌,안전운전불이행,건조,맑음,교차로 - 교차로부근,승용,남,62세,경상,,,,
2019021900100489,2019년 2월 19일 20시,화요일,광주광역시 북구 신용동,경상사고,0,0,2,0,차대차 - 측면충돌,차로위반,건조,맑음,단일로 - 기타,승합,남,71세,상해없음,승용,남,27세,경상
2019021900100523,2019년 2월 19일 22시,화요일,광주광역시 북구 일곡동,경상사고,0,0,2,0,차대차 - 기타,안전운전불이행,건조,맑음,단일로 - 기타,화물,남,44세,상해없음,승용,여,36세,경상
2019022000100049,2019년 2월 20일 03시,수요일,광주광역시 서구 농성동,중상사고,0,2,5,0,차대차 - 측면충돌,신호위반,건조,맑음,교차로 - 교차로안,승용,남,49세,중상,승용,남,62세,경상
2019022000100055,2019년 2월 20일 04시,수요일,광주광역시 서구 치평동,경상사고,0,0,1,0,차대차 - 측면충돌,신호위반,건조,맑음,교차로 - 교차로안,승용,여,42세,상해없음,승용,남,40세,경상
2019022000100079,2019년 2월 20일 06시,수요일,광주광역시 북구 운암동,경상사고,0,0,2,0,차대차 - 측면충돌,중앙선침범,건조,맑음,단일로 - 기타,승용,남,51세,상해없음,승용,남,53세,경상
2019022000100179,2019년 2월 20일 10시,수요일,광주광역시 북구 운암동,경상사고,0,0,1,0,차대차 - 추돌,안전운전불이행,건조,맑음,단일로 - 고가도로위,승용,여,42세,상해없음,승용,여,63세,경상
2019022000100263,2019년 2월 20일 13시,수요일,광주광역시 동구 금동,경상사고,0,0,1,0,차대차 - 측면충돌,안전운전불이행,건조,맑음,교차로 - 교차로부근,승용,남,39세,상해없음,승용,남,27세,경상
2019022000100291,2019년 2월 20일 14시,수요일,광주광역시 서구 매월동,중상사고,0,1,0,0,차대사람 - 차도통행중,안전운전불이행,건조,맑음,단일로 - 기타,화물,남,18세,상해없음,보행자,남,28세,중상
2019022000100326,2019년 2월 20일 15시,수요일,광주광역시 광산구 쌍암동,경상사고,0,0,2,0,차대차 - 측면충돌,안전운전불이행,건조,맑음,단일로 - 기타,승용,남,65세,상해없음,승용,여,44세,경상
2019022000100382,2019년 2월 20일 17시,수요일,광주광역시 북구 운암동,경상사고,0,0,2,0,차대차 - 측면충돌,교차로운행방법위반,건조,맑음,교차로 - 교차로안,승용,남,73세,기타불명,승용,여,39세,경상
2019022000100383,2019년 2월 20일 17시,수요일,광주광역시 북구 연제동,경상사고,0,0,2,0,차대차 - 추돌,안전운전불이행,건조,맑음,단일로 - 기타,사륜오토바이(ATV),남,24세,경상,승용,여,60세,경상
2019022000100384,2019년 2월 20일 17시,수요일,광주광역시 광산구 장덕동,경상사고,0,0,4,0,차대차 - 측면충돌,교차로운행방법위반,건조,맑음,교차로 - 교차로안,승용,여,50세,경상,승용,남,50세,경상
2019022000100420,2019년 2월 20일 18시,수요일,광주광역시 남구 봉선동,중상사고,0,1,0,0,차대사람 - 횡단중,보행자보호의무위반,건조,맑음,교차로 - 교차로횡단보도내,승용,여,40세,상해없음,보행자,남,77세,중상
2019022000100471,2019년 2월 20일 19시,수요일,광주광역시 서구 쌍촌동,경상사고,0,0,3,0,차대차 - 측면충돌,안전운전불이행,건조,맑음,교차로 - 교차로안,승용,여,21세,경상,승용,남,56세,경상
2019022000100472,2019년 2월 20일 19시,수요일,광주광역시 서구 쌍촌동,경상사고,0,0,2,0,차대차 - 측면충돌,교차로운행방법위반,건조,맑음,교차로 - 교차로안,승용,여,30세,경상,승용,남,61세,상해없음
2019022000100473,2019년 2월 20일 19시,수요일,광주광역시 광산구 송촌동,중상사고,0,1,1,0,차대차 - 측면충돌,교차로운행방법위반,건조,맑음,교차로 - 교차로안,승용,남,54세,중상,승용,남,52세,경상
2019022000100474,2019년 2월 20일 19시,수요일,광주광역시 광산구 도천동,경상사고,0,0,3,0,차대차 - 추돌,안전거리미확보,건조,맑음,단일로 - 기타,승용,남,65세,상해없음,승용,여,55세,경상
2019022000100497,2019년 2월 20일 20시,수요일,광주광역시 북구 중흥동,부상신고사고,0,0,0,1,차대차 - 기타,안전운전불이행,건조,맑음,교차로 - 교차로부근,자전거,남,77세,부상신고,승용,여,35세,상해없음
2019022000100517,2019년 2월 20일 21시,수요일,광주광역시 서구 쌍촌동,경상사고,0,0,2,0,차대차 - 측면충돌,신호위반,건조,맑음,단일로 - 기타,이륜,남,28세,경상,승용,남,35세,경상
2019022000100518,2019년 2월 20일 21시,수요일,광주광역시 북구 오치동,경상사고,0,0,2,0,차대차 - 후진중충돌,불법유턴,건조,맑음,교차로 - 교차로안,승합,남,62세,상해없음,승용,남,25세,경상
2019022000100541,2019년 2월 20일 22시,수요일,광주광역시 동구 궁동,부상신고사고,0,0,0,1,차대차 - 기타,안전거리미확보,건조,맑음,단일로 - 기타,기타불명,기타불명,미분류,기타불명,이륜,남,29세,부상신고
2019022000100557,2019년 2월 20일 23시,수요일,광주광역시 동구 산수동,경상사고,0,0,1,0,차대차 - 추돌,안전운전불이행,건조,맑음,교차로 - 교차로부근,승용,남,57세,상해없음,승용,남,22세,경상
2019022000100558,2019년 2월 20일 23시,수요일,광주광역시 서구 치평동,경상사고,0,0,3,1,차대차 - 추돌,안전운전불이행,건조,맑음,교차로 - 교차로부근,승용,남,46세,부상신고,화물,남,43세,경상
2019022000100559,2019년 2월 20일 23시,수요일,광주광역시 북구 오치동,중상사고,0,1,1,0,차대차 - 추돌,차로위반,건조,맑음,단일로 - 기타,승용,남,64세,상해없음,승용,남,43세,중상
2019022100100027,2019년 2월 21일 00시,목요일,광주광역시 동구 장동,경상사고,0,0,1,0,차대차 - 측면충돌,안전운전불이행,건조,맑음,단일로 - 기타,승용,남,27세,상해없음,자전거,여,55세,경상
2019022100100082,2019년 2월 21일 06시,목요일,광주광역시 서구 내방동,경상사고,0,0,1,0,차대사람 - 횡단중,안전운전불이행,건조,맑음,교차로 - 교차로부근,승용,남,33세,상해없음,보행자,남,29세,경상
2019022100100134,2019년 2월 21일 08시,목요일,광주광역시 서구 유촌동,중상사고,0,1,2,0,차대차 - 추돌,안전거리미확보,건조,맑음,단일로 - 기타,화물,남,58세,상해없음,승용,여,37세,중상
2019022100100135,2019년 2월 21일 08시,목요일,광주광역시 북구 운암동,경상사고,0,0,1,0,차대차 - 측면충돌,교차로운행방법위반,건조,맑음,교차로 - 교차로안,승용,여,59세,상해없음,이륜,남,37세,경상
2019022100100136,2019년 2월 21일 08시,목요일,광주광역시 광산구 진곡동,경상사고,0,0,1,0,차대차 - 측면충돌,신호위반,건조,맑음,교차로 - 교차로안,승용,여,27세,상해없음,승용,남,39세,경상
2019022100100171,2019년 2월 21일 09시,목요일,광주광역시 남구 백운동,경상사고,0,0,1,0,차대차 - 측면충돌,교차로운행방법위반,건조,맑음,교차로 - 교차로안,승용,남,72세,상해없음,승용,여,43세,경상
2019022100100172,2019년 2월 21일 09시,목요일,광주광역시 남구 송하동,경상사고,0,0,8,0,차대차 - 기타,중앙선침범,건조,맑음,단일로 - 기타,승용,남,82세,경상,승용,남,51세,상해없음
2019022100100173,2019년 2월 21일 09시,목요일,광주광역시 북구 오치동,중상사고,0,1,0,0,차대차 - 측면충돌,신호위반,건조,맑음,교차로 - 교차로안,승용,남,41세,상해없음,승용,남,46세,중상
2019022100100195,2019년 2월 21일 10시,목요일,광주광역시 서구 화정동,경상사고,0,0,3,0,차대차 - 측면충돌,신호위반,건조,맑음,교차로 - 교차로안,승용,여,33세,경상,승용,남,50세,경상
2019022100100232,2019년 2월 21일 11시,목요일,광주광역시 동구 소태동,사망사고,1,0,0,0,차대사람 - 기타,안전운전불이행,건조,맑음,단일로 - 기타,승용,여,59세,상해없음,보행자,여,57세,사망
2019022100100233,2019년 2월 21일 11시,목요일,광주광역시 동구 동명동,경상사고,0,0,4,0,차대차 - 기타,교차로운행방법위반,건조,맑음,교차로 - 교차로안,승용,남,57세,상해없음,승용,남,27세,경상
2019022100100234,2019년 2월 21일 11시,목요일,광주광역시 서구 화정동,경상사고,0,0,1,0,차량단독 - 기타,안전운전불이행,건조,맑음,단일로 - 기타,승합,남,63세,상해없음,,,,
2019022100100235,2019년 2월 21일 11시,목요일,광주광역시 서구 쌍촌동,경상사고,0,0,2,0,차대차 - 기타,교차로운행방법위반,건조,맑음,교차로 - 교차로안,승용,남,33세,경상,승용,여,58세,경상
2019022100100471,2019년 2월 21일 18시,목요일,광주광역시 동구 지산동,경상사고,0,0,1,0,차대사람 - 보도통행중,안전운전불이행,건조,맑음,단일로 - 기타,화물,남,63세,상해없음,보행자,여,28세,경상
2019022100100472,2019년 2월 21일 18시,목요일,광주광역시 동구 서석동,경상사고,0,0,1,0,차대사람 - 보도통행중,안전운전불이행,건조,맑음,단일로 - 기타,승용,남,36세,상해없음,보행자,남,30세,경상
2019022100100520,2019년 2월 21일 19시,목요일,광주광역시 북구 동림동,중상사고,0,1,1,0,차대차 - 측면충돌,안전운전불이행,건조,맑음,단일로 - 기타,승용,남,32세,경상,원동기,남,51세,중상
2019022100100557,2019년 2월 21일 20시,목요일,광주광역시 서구 화정동,경상사고,0,0,1,0,차대차 - 측면충돌,안전운전불이행,건조,맑음,단일로 - 지하차도(도로)내,이륜,남,52세,경상,승용,남,28세,상해없음
2019022100100558,2019년 2월 21일 20시,목요일,광주광역시 남구 주월동,중상사고,0,1,0,0,차대차 - 측면충돌,안전거리미확보,건조,맑음,단일로 - 기타,승용,남,57세,상해없음,이륜,남,34세,중상
2019022100100607,2019년 2월 21일 22시,목요일,광주광역시 서구 치평동,경상사고,0,0,1,0,차대차 - 측면충돌,안전운전불이행,건조,맑음,교차로 - 교차로안,승용,남,26세,상해없음,이륜,남,27세,경상
2019022100100608,2019년 2월 21일 22시,목요일,광주광역시 광산구 송정동,경상사고,0,0,1,0,차대사람 - 차도통행중,안전운전불이행,건조,맑음,단일로 - 기타,승용,남,18세,상해없음,보행자,남,50세,경상
2019022100100631,2019년 2월 21일 23시,목요일,광주광역시 서구 쌍촌동,경상사고,0,0,1,0,차대차 - 측면충돌,안전운전불이행,건조,맑음,단일로 - 기타,기타불명,기타불명,미분류,기타불명,이륜,남,31세,경상
2019022100100632,2019년 2월 21일 23시,목요일,광주광역시 북구 동림동,중상사고,0,1,0,0,차대차 - 측면충돌,안전거리미확보,건조,맑음,단일로 - 기타,승용,남,31세,상해없음,원동기,남,24세,중상
2019022200100030,2019년 2월 22일 00시,금요일,광주광역시 서구 화정동,경상사고,0,0,2,0,차대차 - 측면충돌,안전운전불이행,건조,맑음,단일로 - 기타,승용,남,51세,상해없음,승용,남,47세,경상
2019022200100106,2019년 2월 22일 06시,금요일,광주광역시 남구 행암동,중상사고,0,1,0,0,차대사람 - 횡단중,안전운전불이행,건조,맑음,단일로 - 기타,승용,남,33세,상해없음,보행자,여,61세,중상
2019022200100281,2019년 2월 22일 13시,금요일,광주광역시 서구 농성동,경상사고,0,0,1,0,차대사람 - 횡단중,보행자보호의무위반,건조,맑음,단일로 - 기타,승용,남,49세,상해없음,보행자,여,39세,경상
2019022200100322,2019년 2월 22일 14시,금요일,광주광역시 동구 서석동,경상사고,0,0,1,0,차대사람 - 기타,안전운전불이행,건조,맑음,교차로 - 교차로부근,승용,남,57세,상해없음,보행자,여,21세,경상
2019022200100358,2019년 2월 22일 15시,금요일,광주광역시 남구 봉선동,중상사고,0,1,0,0,차대사람 - 횡단중,안전운전불이행,건조,맑음,교차로 - 교차로횡단보도내,승용,남,45세,상해없음,보행자,여,39세,중상
2019022200100359,2019년 2월 22일 15시,금요일,광주광역시 북구 양산동,부상신고사고,0,0,0,1,차량단독 - 공작물충돌,안전운전불이행,건조,맑음,단일로 - 기타,화물,남,58세,부상신고,,,,
2019022200100386,2019년 2월 22일 16시,금요일,광주광역시 서구 치평동,경상사고,0,0,2,0,차대차 - 측면충돌,안전운전불이행,건조,맑음,단일로 - 기타,승용,여,58세,경상,승용,남,39세,경상
2019022200100406,2019년 2월 22일 17시,금요일,광주광역시 동구 동명동,경상사고,0,0,1,0,차대차 - 측면충돌,안전운전불이행,건조,흐림,교차로 - 교차로안,승용,여,73세,상해없음,승용,여,36세,경상
2019022200100407,2019년 2월 22일 17시,금요일,광주광역시 남구 송하동,경상사고,0,0,1,0,차대차 - 추돌,안전운전불이행,건조,맑음,교차로 - 교차로안,화물,남,21세,상해없음,화물,남,62세,경상
2019022200100408,2019년 2월 22일 17시,금요일,광주광역시 남구 이장동,경상사고,0,0,6,0,차대차 - 추돌,안전거리미확보,건조,맑음,단일로 - 터널,화물,남,66세,경상,승용,여,44세,경상
2019022200100438,2019년 2월 22일 18시,금요일,광주광역시 서구 금호동,경상사고,0,0,1,0,차량단독 - 기타,안전운전불이행,건조,맑음,교차로 - 교차로부근,승합,남,49세,상해없음,,,,
2019022200100439,2019년 2월 22일 18시,금요일,광주광역시 북구 두암동,경상사고,0,0,1,0,차대사람 - 횡단중,안전운전불이행,건조,맑음,교차로 - 교차로부근,승용,여,34세,상해없음,보행자,여,44세,경상
2019022200100440,2019년 2월 22일 18시,금요일,광주광역시 광산구 도산동,경상사고,0,0,1,0,차대차 - 측면충돌,안전운전불이행,건조,맑음,단일로 - 기타,승용,남,44세,상해없음,승용,여,58세,경상
2019022200100441,2019년 2월 22일 18시,금요일,광주광역시 광산구 장덕동,경상사고,0,0,2,0,차대차 - 정면충돌,안전운전불이행,건조,맑음,단일로 - 기타,승용,여,23세,경상,승용,여,31세,경상
2019022200100483,2019년 2월 22일 19시,금요일,광주광역시 광산구 쌍암동,경상사고,0,0,1,0,차대차 - 측면충돌,안전거리미확보,건조,맑음,단일로 - 기타,이륜,남,27세,상해없음,승용,남,26세,경상
2019022200100484,2019년 2월 22일 19시,금요일,광주광역시 광산구 본덕동,경상사고,0,0,1,0,차대차 - 기타,안전거리미확보,건조,맑음,단일로 - 기타,화물,남,42세,상해없음,승용,남,27세,경상
2019022200100527,2019년 2월 22일 20시,금요일,광주광역시 북구 운암동,경상사고,0,0,1,0,차대차 - 측면충돌,교차로운행방법위반,건조,맑음,교차로 - 교차로안,승용,남,62세,상해없음,승용,여,25세,경상
2019022200100571,2019년 2월 22일 21시,금요일,광주광역시 광산구 선암동,경상사고,0,0,3,0,차대차 - 추돌,안전운전불이행,건조,맑음,교차로 - 교차로부근,승용,남,47세,상해없음,승용,남,42세,경상
2019022200100616,2019년 2월 22일 23시,금요일,광주광역시 서구 쌍촌동,경상사고,0,0,3,0,차대차 - 기타,안전거리미확보,건조,맑음,단일로 - 기타,승용,남,54세,상해없음,승용,남,58세,경상
2019022300100049,2019년 2월 23일 01시,토요일,광주광역시 북구 두암동,경상사고,0,0,2,0,차대차 - 측면충돌,신호위반,건조,맑음,교차로 - 교차로안,이륜,여,58세,경상,승용,남,47세,경상
2019022300100088,2019년 2월 23일 04시,토요일,광주광역시 북구 운암동,경상사고,0,0,1,0,차대차 - 추돌,안전운전불이행,건조,맑음,단일로 - 기타,승용,남,25세,상해없음,승용,남,60세,경상
2019022300100089,2019년 2월 23일 04시,토요일,광주광역시 광산구 수완동,중상사고,0,1,0,0,차대차 - 측면충돌,신호위반,건조,맑음,교차로 - 교차로안,승용,남,65세,상해없음,개인형이동수단(PM),남,44세,중상
2019022300100118,2019년 2월 23일 06시,토요일,광주광역시 광산구 쌍암동,경상사고,0,0,1,0,차대차 - 후진중충돌,안전운전불이행,건조,맑음,주차장 - 주차장,승용,남,37세,상해없음,승용,남,38세,경상
2019022300100132,2019년 2월 23일 07시,토요일,광주광역시 북구 각화동,중상사고,0,1,1,0,차대차 - 측면충돌,신호위반,건조,맑음,교차로 - 교차로안,승용,여,63세,중상,화물,남,33세,경상
2019022300100156,2019년 2월 23일 08시,토요일,광주광역시 서구 치평동,경상사고,0,0,1,0,차대차 - 측면충돌,차로위반,건조,맑음,단일로 - 기타,승용,남,50세,상해없음,승용,남,39세,경상
2019022300100157,2019년 2월 23일 08시,토요일,광주광역시 북구 동림동,경상사고,0,0,1,0,차대차 - 측면충돌,신호위반,건조,맑음,교차로 - 교차로안,승용,여,42세,상해없음,승용,남,32세,경상
2019022300100158,2019년 2월 23일 08시,토요일,광주광역시 북구 본촌동,경상사고,0,0,1,0,차대차 - 추돌,안전운전불이행,건조,맑음,교차로 - 교차로부근,승용,여,55세,상해없음,승용,여,33세,경상
2019022300100212,2019년 2월 23일 10시,토요일,광주광역시 광산구 비아동,경상사고,0,0,2,1,차대차 - 측면충돌,신호위반,건조,맑음,교차로 - 교차로안,승용,남,38세,부상신고,승용,남,48세,경상
2019022300100245,2019년 2월 23일 11시,토요일,광주광역시 광산구 하남동,경상사고,0,0,1,0,차대차 - 측면충돌,안전운전불이행,건조,맑음,교차로 - 교차로안,승합,남,48세,상해없음,승용,남,64세,경상
2019022300100318,2019년 2월 23일 13시,토요일,광주광역시 서구 풍암동,경상사고,0,0,1,0,차대차 - 측면충돌,안전운전불이행,건조,맑음,단일로 - 기타,승용,여,41세,상해없음,승합,남,53세,경상
2019022300100319,2019년 2월 23일 13시,토요일,광주광역시 서구 매월동,경상사고,0,0,3,0,차대차 - 측면충돌,직진우회전진행방해,건조,맑음,교차로 - 교차로안,승용,남,41세,경상,승용,남,45세,경상
2019022300100320,2019년 2월 23일 13시,토요일,광주광역시 서구 쌍촌동,경상사고,0,0,1,0,차대차 - 기타,안전운전불이행,건조,맑음,단일로 - 기타,승용,남,59세,상해없음,원동기,남,51세,경상
2019022300100321,2019년 2월 23일 13시,토요일,광주광역시 광산구 장덕동,경상사고,0,0,1,0,차대차 - 기타,차로위반,건조,맑음,단일로 - 기타,승용,남,73세,상해없음,이륜,남,48세,경상
2019022300100357,2019년 2월 23일 14시,토요일,광주광역시 서구 풍암동,경상사고,0,0,1,0,차대차 - 측면충돌,안전운전불이행,건조,맑음,교차로 - 교차로부근,이륜,남,48세,경상,승용,남,55세,상해없음
2019022300100358,2019년 2월 23일 14시,토요일,광주광역시 광산구 신창동,경상사고,0,0,1,0,차대차 - 측면충돌,안전운전불이행,건조,맑음,교차로 - 교차로부근,이륜,남,38세,상해없음,승용,여,50세,경상
2019022300100389,2019년 2월 23일 15시,토요일,광주광역시 서구 화정동,경상사고,0,0,1,0,차대사람 - 횡단중,중앙선침범,건조,맑음,단일로 - 기타,화물,남,36세,상해없음,보행자,여,28세,경상
2019022300100441,2019년 2월 23일 17시,토요일,광주광역시 광산구 오선동,중상사고,0,1,0,0,차대차 - 측면충돌,신호위반,건조,맑음,교차로 - 교차로안,승용,남,21세,상해없음,승용,남,56세,중상
2019022300100442,2019년 2월 23일 17시,토요일,광주광역시 광산구 송정동,경상사고,0,0,1,0,차대차 - 측면충돌,차로위반,건조,맑음,교차로 - 교차로부근,승합,남,50세,상해없음,승용,남,34세,경상
2019022300100483,2019년 2월 23일 18시,토요일,광주광역시 남구 구동,중상사고,0,1,1,0,차대차 - 측면충돌,안전운전불이행,건조,맑음,교차로 - 교차로안,승용,남,56세,상해없음,승용,남,51세,중상
2019022300100484,2019년 2월 23일 18시,토요일,광주광역시 북구 일곡동,사망사고,1,2,1,0,차대차 - 측면충돌,안전운전불이행,건조,맑음,교차로 - 교차로안,승용,여,50세,중상,화물,남,42세,경상
2019022300100545,2019년 2월 23일 20시,토요일,광주광역시 광산구 쌍암동,경상사고,0,0,1,0,차대차 - 추돌,안전운전불이행,건조,맑음,단일로 - 기타,승용,남,57세,상해없음,승용,남,35세,경상
2019022400100063,2019년 2월 24일 05시,일요일,광주광역시 북구 문흥동,경상사고,0,0,2,0,차대차 - 기타,안전운전불이행,건조,맑음,교차로 - 교차로안,이륜,남,43세,경상,승용,남,31세,경상
2019022400100069,2019년 2월 24일 06시,일요일,광주광역시 북구 신안동,경상사고,0,0,1,0,차대차 - 추돌,안전운전불이행,건조,맑음,단일로 - 기타,이륜,남,20세,경상,화물,남,51세,상해없음
2019022400100091,2019년 2월 24일 09시,일요일,광주광역시 동구 대인동,경상사고,0,0,5,0,차대차 - 기타,교차로운행방법위반,건조,맑음,교차로 - 교차로안,승용,남,39세,경상,승용,남,47세,경상
2019022400100112,2019년 2월 24일 10시,일요일,광주광역시 서구 치평동,경상사고,0,0,2,0,차대차 - 추돌,안전운전불이행,건조,맑음,교차로 - 교차로안,화물,남,25세,상해없음,승용,남,63세,경상
2019022400100113,2019년 2월 24일 10시,일요일,광주광역시 남구 주월동,경상사고,0,0,1,0,차대차 - 측면충돌,교차로운행방법위반,건조,맑음,교차로 - 교차로안,승합,남,37세,상해없음,승용,남,23세,경상