사고번호,사고일시,요일,시군구,사고내용,사망자수,중상자수,경상자수,부상신고자수,사고유형,법규위반,노면상태,기상상태,도로형태,가해운전자 차종,가해운전자 성별,가해운전자 연령,가해운전자 상해정도,피해운전자 차종,피해운전자 성별,피해운전자 연령,피해운전자 상해정도
2019030300100032,2019년 3월 3일 00시,일요일,광주광역시 서구 농성동,경상사고,0,0,3,0,차대차 - 정면충돌,신호위반,건조,맑음,교차로 - 교차로안,승용,남,30세,상해없음,승용,남,20세,경상
2019030300100061,2019년 3월 3일 03시,일요일,광주광역시 남구 이장동,경상사고,0,0,1,0,차대사람 - 기타,안전운전불이행,건조,맑음,단일로 - 기타,승용,여,54세,상해없음,보행자,남,46세,경상
2019030300100068,2019년 3월 3일 04시,일요일,광주광역시 서구 치평동,경상사고,0,0,4,0,차대차 - 측면충돌,신호위반,건조,맑음,교차로 - 교차로안,승용,남,57세,상해없음,승용,남,71세,경상
2019030300100075,2019년 3월 3일 06시,일요일,광주광역시 서구 유촌동,경상사고,0,0,1,0,차대차 - 추돌,안전운전불이행,건조,맑음,교차로 - 교차로부근,화물,남,53세,상해없음,승용,남,60세,경상
2019030300100082,2019년 3월 3일 07시,일요일,광주광역시 남구 노대동,경상사고,0,0,1,0,차대차 - 추돌,안전운전불이행,건조,맑음,단일로 - 기타,화물,남,55세,상해없음,승용,남,50세,경상
2019030300100083,2019년 3월 3일 07시,일요일,광주광역시 광산구 산월동,중상사고,0,1,1,0,차대차 - 정면충돌,중앙선침범,건조,맑음,교차로 - 교차로부근,승용,여,38세,상해없음,승용,남,52세,경상
2019030300100112,2019년 3월 3일 10시,일요일,광주광역시 광산구 쌍암동,경상사고,0,0,1,0,차대차 - 기타,중앙선침범,건조,맑음,단일로 - 기타,승용,여,59세,상해없음,승용,남,46세,경상
2019030300100123,2019년 3월 3일 11시,일요일,광주광역시 남구 월산동,경상사고,0,0,1,0,차대차 - 측면충돌,차로위반,건조,맑음,단일로 - 기타,승용,남,67세,상해없음,이륜,남,36세,경상
2019030300100143,2019년 3월 3일 12시,일요일,광주광역시 서구 내방동,경상사고,0,0,5,0,차대차 - 측면충돌,안전운전불이행,건조,맑음,단일로 - 기타,승용,남,38세,경상,승용,남,70세,경상
2019030300100169,2019년 3월 3일 13시,일요일,광주광역시 서구 농성동,경상사고,0,0,2,0,차대차 - 추돌,안전운전불이행,건조,맑음,단일로 - 기타,승용,남,27세,상해없음,승용,남,27세,경상
2019030300100288,2019년 3월 3일 18시,일요일,광주광역시 광산구 신창동,경상사고,0,0,2,0,차대차 - 추돌,안전운전불이행,건조,맑음,단일로 - 기타,승용,남,67세,상해없음,승용,남,45세,경상
2019030300100345,2019년 3월 3일 20시,일요일,광주광역시 광산구 우산동,경상사고,0,0,4,0,차대차 - 측면충돌,안전운전불이행,건조,맑음,단일로 - 교량,승용,여,35세,상해없음,승용,여,54세,상해없음
2019030300100393,2019년 3월 3일 23시,일요일,광주광역시 광산구 장수동,경상사고,0,0,1,0,차대차 - 기타,안전운전불이행,건조,맑음,단일로 - 기타,승용,남,33세,상해없음,승합,여,43세,경상
2019030400100103,2019년 3월 4일 08시,월요일,광주광역시 광산구 신촌동,경상사고,0,0,3,0,차대차 - 추돌,안전운전불이행,건조,맑음,교차로 - 교차로부근,승용,여,18세,상해없음,승용,남,37세,경상
2019030400100104,2019년 3월 4일 08시,월요일,광주광역시 광산구 산정동,중상사고,0,1,0,0,차대사람 - 횡단중,안전운전불이행,건조,맑음,단일로 - 기타,승용,여,44세,상해없음,보행자,여,55세,중상
2019030400100126,2019년 3월 4일 09시,월요일,광주광역시 남구 월성동,경상사고,0,0,4,0,차대차 - 측면충돌,교차로운행방법위반,건조,맑음,교차로 - 교차로안,승용,여,60세,경상,화물,남,56세,경상
2019030400100151,2019년 3월 4일 10시,월요일,광주광역시 서구 금호동,경상사고,0,0,1,0,차대차 - 측면충돌,안전운전불이행,건조,맑음,단일로 - 기타,화물,남,66세,상해없음,승용,남,32세,경상
2019030400100152,2019년 3월 4일 10시,월요일,광주광역시 북구 두암동,중상사고,0,1,0,0,차대사람 - 기타,안전운전불이행,건조,맑음,기타 - 기타,승용,남,33세,상해없음,보행자,여,73세,중상
2019030400100176,2019년 3월 4일 11시,월요일,광주광역시 남구 송하동,경상사고,0,0,1,0,차대차 - 측면충돌,기타,건조,맑음,단일로 - 기타,승용,남,38세,경상,화물,남,60세,상해없음
2019030400100177,2019년 3월 4일 11시,월요일,광주광역시 북구 일곡동,중상사고,0,1,0,0,차대차 - 측면충돌,신호위반,건조,맑음,교차로 - 교차로안,승용,여,73세,상해없음,이륜,남,59세,중상
2019030400100178,2019년 3월 4일 11시,월요일,광주광역시 광산구 운남동,경상사고,0,0,3,0,차대차 - 측면충돌,안전운전불이행,건조,맑음,교차로 - 교차로안,화물,남,75세,상해없음,승용,남,63세,경상
2019030400100212,2019년 3월 4일 12시,월요일,광주광역시 남구 봉선동,경상사고,0,0,1,0,차대차 - 추돌,안전운전불이행,건조,맑음,단일로 - 기타,화물,남,64세,상해없음,승용,여,41세,경상
2019030400100233,2019년 3월 4일 13시,월요일,광주광역시 동구 금남로5가,경상사고,0,0,1,0,차대차 - 기타,신호위반,건조,맑음,교차로 - 교차로안,자전거,남,78세,경상,승용,남,60세,상해없음
2019030400100234,2019년 3월 4일 13시,월요일,광주광역시 광산구 복룡동,경상사고,0,0,1,0,차대차 - 추돌,안전거리미확보,건조,맑음,단일로 - 기타,승용,여,52세,상해없음,승용,남,28세,경상
2019030400100306,2019년 3월 4일 15시,월요일,광주광역시 북구 연제동,경상사고,0,0,1,0,차대사람 - 기타,보행자보호의무위반,건조,맑음,교차로 - 교차로안,화물,남,56세,상해없음,보행자,여,9세,경상
2019030400100307,2019년 3월 4일 15시,월요일,광주광역시 북구 신안동,경상사고,0,0,2,0,차대차 - 측면충돌,안전거리미확보,건조,맑음,단일로 - 기타,승용,여,47세,경상,승용,남,35세,경상
2019030400100308,2019년 3월 4일 15시,월요일,광주광역시 광산구 비아동,경상사고,0,0,1,0,차대차 - 추돌,안전운전불이행,건조,맑음,교차로 - 교차로부근,승용,남,63세,상해없음,승용,남,46세,경상
2019030400100347,2019년 3월 4일 16시,월요일,광주광역시 북구 용봉동,경상사고,0,0,1,0,차대차 - 측면충돌,안전운전불이행,건조,맑음,교차로 - 교차로안,승용,남,58세,상해없음,승용,남,47세,경상
2019030400100382,2019년 3월 4일 17시,월요일,광주광역시 서구 광천동,경상사고,0,0,2,0,차대차 - 추돌,안전운전불이행,건조,맑음,단일로 - 기타,승용,남,72세,상해없음,승용,여,30세,경상
2019030400100383,2019년 3월 4일 17시,월요일,광주광역시 광산구 월곡동,경상사고,0,0,1,0,차대차 - 기타,안전운전불이행,건조,맑음,교차로 - 교차로안,승용,남,49세,상해없음,자전거,남,14세,경상
2019030400100427,2019년 3월 4일 18시,월요일,광주광역시 동구 황금동,경상사고,0,0,1,0,차대사람 - 기타,안전운전불이행,건조,맑음,단일로 - 기타,승용,남,65세,상해없음,보행자,남,20세,경상
2019030400100428,2019년 3월 4일 18시,월요일,광주광역시 서구 쌍촌동,경상사고,0,0,1,0,차대차 - 추돌,안전거리미확보,건조,맑음,단일로 - 기타,승용,남,20세,상해없음,승용,남,47세,경상
2019030400100429,2019년 3월 4일 18시,월요일,광주광역시 남구 주월동,중상사고,0,1,0,0,차대차 - 측면충돌,차로위반,건조,맑음,단일로 - 기타,승용,남,50세,상해없음,원동기,남,35세,중상
2019030400100430,2019년 3월 4일 18시,월요일,광주광역시 서구 풍암동,경상사고,0,0,1,0,차대차 - 측면충돌,안전거리미확보,건조,맑음,교차로 - 교차로횡단보도내,승용,남,44세,기타불명,승용,남,65세,상해없음
2019030400100431,2019년 3월 4일 18시,월요일,광주광역시 북구 운암동,경상사고,0,0,1,0,차대차 - 추돌,안전운전불이행,건조,맑음,교차로 - 교차로부근,승용,남,23세,상해없음,화물,남,38세,경상
2019030400100496,2019년 3월 4일 20시,월요일,광주광역시 서구 쌍촌동,부상신고사고,0,0,0,1,차대사람 - 기타,안전운전불이행,건조,맑음,단일로 - 기타,기타불명,기타불명,미분류,기타불명,보행자,여,44세,부상신고
2019030400100515,2019년 3월 4일 21시,월요일,광주광역시 서구 화정동,경상사고,0,0,1,0,차대차 - 기타,안전운전불이행,건조,맑음,교차로 - 교차로안,승용,남,33세,상해없음,이륜,남,18세,경상
2019030400100534,2019년 3월 4일 22시,월요일,광주광역시 남구 임암동,경상사고,0,0,1,0,차대차 - 기타,안전운전불이행,건조,맑음,단일로 - 기타,승합,남,43세,상해없음,승용,남,46세,경상
2019030500100035,2019년 3월 5일 00시,화요일,광주광역시 북구 중흥동,경상사고,0,0,4,0,차대차 - 측면충돌,신호위반,건조,맑음,교차로 - 교차로안,승용,남,31세,상해없음,승용,남,37세,경상
2019030500100079,2019년 3월 5일 06시,화요일,광주광역시 서구 양동,중상사고,0,1,0,0,차대사람 - 기타,안전운전불이행,건조,맑음,단일로 - 기타,화물,남,40세,상해없음,보행자,여,75세,중상
2019030500100080,2019년 3월 5일 06시,화요일,광주광역시 북구 신안동,경상사고,0,0,2,0,차대차 - 측면충돌,안전운전불이행,건조,맑음,단일로 - 기타,승용,남,34세,상해없음,승용,남,48세,기타불명
2019030500100099,2019년 3월 5일 07시,화요일,광주광역시 북구 용봉동,경상사고,0,0,1,0,차대차 - 정면충돌,안전운전불이행,건조,맑음,교차로 - 교차로안,이륜,남,23세,경상,승용,남,61세,상해없음
2019030500100143,2019년 3월 5일 08시,화요일,광주광역시 동구 학동,경상사고,0,0,3,0,차대차 - 측면충돌,안전운전불이행,건조,맑음,교차로 - 교차로부근,승용,여,60세,경상,승합,남,49세,상해없음
2019030500100144,2019년 3월 5일 08시,화요일,광주광역시 북구 두암동,경상사고,0,0,1,0,차대차 - 측면충돌,안전운전불이행,건조,맑음,교차로 - 교차로안,승용,여,42세,상해없음,승용,여,44세,경상
2019030500100236,2019년 3월 5일 11시,화요일,광주광역시 동구 금남로2가,경상사고,0,0,1,0,차대차 - 기타,중앙선침범,건조,맑음,단일로 - 기타,승용,여,51세,상해없음,승용,남,47세,경상
2019030500100237,2019년 3월 5일 11시,화요일,광주광역시 북구 연제동,중상사고,0,1,1,0,차대차 - 측면충돌,안전운전불이행,건조,맑음,교차로 - 교차로안,이륜,남,79세,중상,승용,남,73세,경상
2019030500100253,2019년 3월 5일 12시,화요일,광주광역시 서구 치평동,경상사고,0,0,2,0,차대차 - 후진중충돌,안전운전불이행,건조,맑음,단일로 - 기타,승용,남,46세,상해없음,승용,여,38세,경상
2019030500100254,2019년 3월 5일 12시,화요일,광주광역시 광산구 송정동,경상사고,0,0,2,0,차대차 - 측면충돌,안전운전불이행,건조,맑음,교차로 - 교차로안,승용,남,58세,경상,승용,여,46세,경상
2019030500100334,2019년 3월 5일 15시,화요일,광주광역시 서구 광천동,경상사고,0,0,1,0,차대차 - 측면충돌,안전거리미확보,건조,맑음,단일로 - 기타,승용,남,36세,상해없음,승용,남,53세,경상
2019030500100366,2019년 3월 5일 16시,화요일,광주광역시 북구 일곡동,경상사고,0,0,3,6,차대차 - 측면충돌,교차로운행방법위반,건조,맑음,교차로 - 교차로횡단보도내,승합,여,38세,경상,승용,여,35세,경상
2019030500100367,2019년 3월 5일 16시,화요일,광주광역시 광산구 신가동,경상사고,0,0,1,0,차대차 - 추돌,안전거리미확보,건조,맑음,단일로 - 기타,승용,남,54세,상해없음,승용,남,39세,경상
2019030500100418,2019년 3월 5일 18시,화요일,광주광역시 동구 금동,경상사고,0,0,1,0,차대차 - 후진중충돌,안전운전불이행,건조,맑음,단일로 - 기타,화물,남,42세,상해없음,이륜,남,18세,경상
2019030500100419,2019년 3월 5일 18시,화요일,광주광역시 북구 신안동,경상사고,0,0,1,0,차대차 - 기타,안전운전불이행,건조,맑음,단일로 - 기타,승용,여,46세,상해없음,자전거,남,54세,경상
2019030500100448,2019년 3월 5일 19시,화요일,광주광역시 남구 월산동,경상사고,0,0,2,0,차대차 - 측면충돌,안전운전불이행,건조,맑음,단일로 - 기타,승용,남,51세,상해없음,승용,남,28세,경상
2019030500100490,2019년 3월 5일 21시,화요일,광주광역시 광산구 도덕동,중상사고,0,1,0,0,차량단독 - 공작물충돌,안전운전불이행,건조,맑음,단일로 - 기타,승용,여,70세,중상,,,,
2019030500100512,2019년 3월 5일 22시,화요일,광주광역시 동구 대인동,경상사고,0,0,1,0,차대사람 - 기타,안전운전불이행,건조,맑음,교차로 - 교차로안,자전거,남,46세,상해없음,보행자,남,32세,경상
2019030500100529,2019년 3월 5일 23시,화요일,광주광역시 광산구 월계동,경상사고,0,0,2,0,차대차 - 측면충돌,안전운전불이행,건조,맑음,단일로 - 기타,승용,여,23세,상해없음,승용,여,65세,경상
2019030600100049,2019년 3월 6일 03시,수요일,광주광역시 광산구 송정동,부상신고사고,0,0,0,1,차량단독 - 공작물충돌,안전운전불이행,건조,맑음,교차로 - 교차로안,승용,남,28세,부상신고,,,,
2019030600100148,2019년 3월 6일 08시,수요일,광주광역시 서구 광천동,경상사고,0,0,1,0,차대차 - 측면충돌,차로위반,건조,맑음,단일로 - 기타,승용,남,27세,상해없음,승합,남,52세,상해없음
2019030600100149,2019년 3월 6일 08시,수요일,광주광역시 남구 백운동,경상사고,0,0,1,0,차대차 - 기타,안전운전불이행,건조,맑음,단일로 - 기타,기타불명,기타불명,미분류,기타불명,승용,남,46세,경상
2019030600100180,2019년 3월 6일 09시,수요일,광주광역시 북구 두암동,경상사고,0,0,1,0,차대차 - 측면충돌,차로위반,건조,맑음,단일로 - 기타,승용,남,72세,상해없음,승용,남,64세,경상
2019030600100237,2019년 3월 6일 11시,수요일,광주광역시 서구 농성동,경상사고,0,0,1,0,차대차 - 측면충돌,신호위반,건조,맑음,단일로 - 기타,승용,남,70세,상해없음,승용,여,61세,경상
2019030600100270,2019년 3월 6일 12시,수요일,광주광역시 서구 화정동,경상사고,0,0,1,0,차대차 - 측면충돌,불법유턴,건조,맑음,교차로 - 교차로안,승용,남,65세,상해없음,승용,남,37세,경상
2019030600100271,2019년 3월 6일 12시,수요일,광주광역시 남구 봉선동,경상사고,0,0,1,0,차대차 - 측면충돌,안전운전불이행,건조,맑음,교차로 - 교차로안,승용,남,42세,경상,승용,여,27세,상해없음
2019030600100329,2019년 3월 6일 14시,수요일,광주광역시 서구 동천동,중상사고,0,1,0,0,차대사람 - 횡단중,안전운전불이행,건조,맑음,교차로 - 교차로부근,승용,남,42세,상해없음,보행자,여,77세,중상
2019030600100382,2019년 3월 6일 16시,수요일,광주광역시 광산구 동림동,중상사고,0,1,1,1,차대차 - 추돌,안전운전불이행,건조,맑음,교차로 - 교차로안,승용,남,55세,부상신고,승용,남,35세,경상
2019030600100411,2019년 3월 6일 17시,수요일,광주광역시 동구 학동,경상사고,0,0,1,0,차대사람 - 횡단중,신호위반,건조,맑음,교차로 - 교차로안,승용,여,19세,상해없음,보행자,여,20세,경상
2019030600100448,2019년 3월 6일 18시,수요일,광주광역시 동구 서석동,경상사고,0,0,1,0,차대사람 - 길가장자리구역통행중,안전운전불이행,건조,맑음,단일로 - 기타,승용,남,26세,상해없음,보행자,여,18세,경상
2019030600100449,2019년 3월 6일 18시,수요일,광주광역시 북구 양산동,경상사고,0,0,1,0,차대차 - 기타,안전운전불이행,건조,맑음,교차로 - 교차로안,승용,남,27세,상해없음,승용,남,64세,경상
2019030600100498,2019년 3월 6일 19시,수요일,광주광역시 광산구 운남동,중상사고,0,1,0,0,차대사람 - 기타,안전운전불이행,건조,맑음,단일로 - 기타,승용,남,38세,상해없음,보행자,남,15세,중상
2019030600100590,2019년 3월 6일 23시,수요일,광주광역시 동구 광산동,부상신고사고,0,0,0,1,차대사람 - 횡단중,안전운전불이행,건조,맑음,단일로 - 기타,승용,여,26세,상해없음,보행자,여,17세,부상신고
2019030700100081,2019년 3월 7일 06시,목요일,광주광역시 서구 쌍촌동,경상사고,0,0,1,0,차대차 - 추돌,안전거리미확보,건조,맑음,교차로 - 교차로부근,승합,남,47세,상해없음,승용,남,49세,경상
2019030700100152,2019년 3월 7일 08시,목요일,광주광역시 서구 치평동,경상사고,0,0,1,0,차대차 - 측면충돌,교차로운행방법위반,건조,맑음,교차로 - 교차로안,승합,남,22세,상해없음,승용,여,52세,경상
2019030700100153,2019년 3월 7일 08시,목요일,광주광역시 남구 서동,경상사고,0,0,2,0,차량단독 - 기타,기타,건조,맑음,단일로 - 기타,승용,남,47세,상해없음,,,,
2019030700100230,2019년 3월 7일 11시,목요일,광주광역시 광산구 선암동,경상사고,0,0,1,0,차대차 - 추돌,안전운전불이행,건조,맑음,교차로 - 교차로부근,승합,남,50세,상해없음,승용,남,30세,경상
2019030700100289,2019년 3월 7일 13시,목요일,광주광역시 동구 궁동,경상사고,0,0,3,0,차대차 - 추돌,안전운전불이행,건조,맑음,단일로 - 기타,건설기계,남,56세,상해없음,승용,여,57세,경상
2019030700100318,2019년 3월 7일 14시,목요일,광주광역시 남구 주월동,경상사고,0,0,2,0,차대차 - 측면충돌,직진우회전진행방해,건조,맑음,교차로 - 교차로안,화물,남,47세,경상,승용,남,39세,경상
2019030700100319,2019년 3월 7일 14시,목요일,광주광역시 북구 신안동,경상사고,0,0,1,0,차대차 - 측면충돌,안전거리미확보,건조,맑음,단일로 - 기타,자전거,남,82세,경상,승용,남,37세,상해없음
2019030700100390,2019년 3월 7일 16시,목요일,광주광역시 북구 각화동,중상사고,0,1,0,0,차대사람 - 기타,신호위반,건조,흐림,단일로 - 기타,승용,남,48세,상해없음,보행자,여,56세,중상
2019030700100391,2019년 3월 7일 16시,목요일,광주광역시 북구 용봉동,경상사고,0,0,1,0,차대차 - 기타,안전운전불이행,건조,맑음,단일로 - 기타,자전거,남,22세,경상,승용,남,56세,상해없음
2019030700100424,2019년 3월 7일 17시,목요일,광주광역시 동구 학동,경상사고,0,0,1,0,차대사람 - 횡단중,보행자보호의무위반,건조,맑음,교차로 - 교차로안,승용,여,42세,상해없음,보행자,남,15세,경상
2019030700100425,2019년 3월 7일 17시,목요일,광주광역시 서구 치평동,부상신고사고,0,0,0,2,차대차 - 기타,안전거리미확보,건조,맑음,단일로 - 기타,승용,여,41세,부상신고,승용,남,30세,부상신고
2019030700100426,2019년 3월 7일 17시,목요일,광주광역시 남구 주월동,경상사고,0,0,4,0,차대차 - 추돌,안전운전불이행,건조,맑음,단일로 - 기타,승용,여,35세,경상,승용,남,49세,경상
2019030700100427,2019년 3월 7일 17시,목요일,광주광역시 북구 오치동,경상사고,0,0,1,0,차대차 - 측면충돌,신호위반,건조,맑음,교차로 - 교차로안,승용,여,58세,상해없음,화물,남,47세,경상
2019030700100428,2019년 3월 7일 17시,목요일,광주광역시 광산구 운수동,경상사고,0,0,1,0,차대차 - 측면충돌,신호위반,기타,맑음,미분류 - 미분류,화물,남,68세,상해없음,승용,여,45세,경상
2019030700100469,2019년 3월 7일 18시,목요일,광주광역시 남구 서동,경상사고,0,0,1,0,차량단독 - 기타,기타,건조,맑음,단일로 - 기타,기타불명,기타불명,미분류,기타불명,,,,
2019030700100470,2019년 3월 7일 18시,목요일,광주광역시 광산구 장덕동,경상사고,0,0,3,0,차대차 - 정면충돌,교차로운행방법위반,건조,맑음,교차로 - 교차로안,화물,남,62세,경상,승용,남,33세,경상
2019030700100520,2019년 3월 7일 19시,목요일,광주광역시 북구 운암동,중상사고,0,1,0,0,차대사람 - 기타,안전운전불이행,건조,맑음,단일로 - 기타,승용,남,28세,상해없음,보행자,여,69세,중상
2019030700100521,2019년 3월 7일 19시,목요일,광주광역시 광산구 하남동,중상사고,0,1,4,0,차대차 - 측면충돌,신호위반,건조,맑음,교차로 - 교차로안,승용,남,52세,중상,승용,남,59세,경상
2019030700100522,2019년 3월 7일 19시,목요일,광주광역시 광산구 산월동,경상사고,0,0,2,0,차대차 - 추돌,안전운전불이행,건조,맑음,단일로 - 교량,이륜,남,24세,경상,승용,여,49세,경상
2019030700100523,2019년 3월 7일 19시,목요일,광주광역시 광산구 산정동,중상사고,0,1,0,0,차대차 - 측면충돌,중앙선침범,건조,맑음,교차로 - 교차로부근,원동기,남,49세,중상,승용,남,59세,상해없음
2019030800100025,2019년 3월 8일 00시,금요일,광주광역시 동구 금남로1가,경상사고,0,0,3,0,차대차 - 측면충돌,안전운전불이행,건조,흐림,단일로 - 기타,승용,남,57세,상해없음,승용,남,45세,경상
2019030800100037,2019년 3월 8일 01시,금요일,광주광역시 서구 매월동,경상사고,0,0,1,0,차대차 - 측면충돌,신호위반,건조,맑음,교차로 - 교차로안,승합,남,60세,상해없음,승용,남,45세,경상
2019030800100044,2019년 3월 8일 03시,금요일,광주광역시 북구 일곡동,경상사고,0,0,1,0,차대차 - 정면충돌,중앙선침범,건조,맑음,단일로 - 기타,승용,남,18세,상해없음,승용,남,24세,경상
2019030800100050,2019년 3월 8일 04시,금요일,광주광역시 광산구 장덕동,중상사고,0,1,0,0,차량단독 - 전도전복 - 전복,안전운전불이행,건조,맑음,단일로 - 기타,승용,여,44세,중상,,,,
2019030800100111,2019년 3월 8일 07시,금요일,광주광역시 북구 양산동,부상신고사고,0,0,0,1,차대사람 - 횡단중,안전운전불이행,건조,흐림,교차로 - 교차로부근,기타불명,기타불명,미분류,기타불명,보행자,남,17세,부상신고
2019030800100164,2019년 3월 8일 08시,금요일,광주광역시 광산구 서봉동,경상사고,0,0,1,0,차대차 - 추돌,안전운전불이행,건조,맑음,교차로 - 교차로부근,건설기계,남,55세,상해없음,건설기계,남,60세,경상
2019030800100165,2019년 3월 8일 08시,금요일,광주광역시 광산구 운남동,경상사고,0,0,1,0,차대차 - 기타,교차로운행방법위반,건조,맑음,교차로 - 교차로안,승용,남,66세,기타불명,승용,여,26세,경상
2019030800100197,2019년 3월 8일 09시,금요일,광주광역시 북구 운암동,경상사고,0,0,2,0,차대차 - 측면충돌,안전거리미확보,건조,맑음,단일로 - 기타,승용,남,52세,경상,승용,남,51세,경상
2019030800100237,2019년 3월 8일 10시,금요일,광주광역시 광산구 송정동,경상사고,0,0,1,0,차대사람 - 기타,기타,건조,맑음,단일로 - 기타,승합,남,58세,상해없음,보행자,여,80세,경상
2019030800100278,2019년 3월 8일 11시,금요일,광주광역시 광산구 우산동,경상사고,0,0,3,0,차대차 - 측면충돌,교차로운행방법위반,건조,맑음,교차로 - 교차로안,승용,여,55세,경상,승용,남,28세,경상
2019030800100330,2019년 3월 8일 12시,금요일,광주광역시 광산구 소촌동,중상사고,0,1,2,0,차대차 - 기타,차로위반,건조,맑음,단일로 - 기타,화물,남,66세,기타불명,승용,남,27세,경상
2019030800100393,2019년 3월 8일 14시,금요일,광주광역시 서구 풍암동,중상사고,0,1,1,1,차대차 - 정면충돌,신호위반,건조,맑음,교차로 - 교차로안,승용,남,64세,부상신고,승용,남,83세,중상
2019030800100469,2019년 3월 8일 16시,금요일,광주광역시 서구 치평동,경상사고,0,0,1,0,차대차 - 기타,교차로운행방법위반,건조,맑음,교차로 - 교차로안,승용,남,63세,상해없음,화물,남,43세,경상
2019030800100470,2019년 3월 8일 16시,금요일,광주광역시 광산구 송촌동,경상사고,0,0,2,0,차대차 - 측면충돌,안전거리미확보,건조,맑음,단일로 - 기타,화물,남,48세,상해없음,승용,여,47세,경상
2019030800100513,2019년 3월 8일 17시,금요일,광주광역시 북구 임동,경상사고,0,0,1,0,차대차 - 측면충돌,안전거리미확보,건조,맑음,교차로 - 교차로부근,승용,남,76세,상해없음,화물,남,61세,경상
2019030800100514,2019년 3월 8일 17시,금요일,광주광역시 북구 연제동,경상사고,0,0,2,0,차대차 - 추돌,안전운전불이행,건조,맑음,교차로 - 교차로안,승용,여,68세,상해없음,승용,남,39세,경상
2019030800100572,2019년 3월 8일 18시,금요일,광주광역시 서구 풍암동,경상사고,0,0,6,0,차대차 - 측면충돌,안전운전불이행,건조,흐림,주차장 - 주차장,승용,여,37세,경상,승용,남,35세,경상
2019030800100573,2019년 3월 8일 18시,금요일,광주광역시 북구 오치동,경상사고,0,0,1,0,차대사람 - 기타,안전운전불이행,건조,맑음,단일로 - 기타,승용,여,60세,기타불명,보행자,남,59세,경상
2019030800100611,2019년 3월 8일 19시,금요일,광주광역시 광산구 동산동,경상사고,0,0,2,0,차대차 - 추돌,안전운전불이행,건조,맑음,단일로 - 기타,승용,남,33세,상해없음,승용,남,26세,경상
2019030800100623,2019년 3월 8일 19시,금요일,광주광역시 서구 화정동,경상사고,0,0,1,0,차대차 - 기타,안전운전불이행,건조,맑음,단일로 - 기타,이륜,남,18세,경상,승용,남,34세,상해없음
2019030800100662,2019년 3월 8일 20시,금요일,광주광역시 서구 유촌동,경상사고,0,0,1,0,차대차 - 추돌,안전거리미확보,건조,맑음,단일로 - 기타,승용,남,44세,상해없음,승용,남,35세,경상
2019030800100663,2019년 3월 8일 20시,금요일,광주광역시 남구 봉선동,사망사고,1,0,0,0,차대차 - 측면충돌,중앙선침범,건조,맑음,단일로 - 기타,승용,남,40세,상해없음,이륜,남,38세,사망
2019030800100664,2019년 3월 8일 20시,금요일,광주광역시 북구 임동,경상사고,0,0,1,0,차대사람 - 횡단중,안전운전불이행,건조,흐림,교차로 - 교차로안,승용,여,42세,상해없음,보행자,남,13세,경상
2019030900100052,2019년 3월 9일 01시,토요일,광주광역시 북구 중흥동,중상사고,0,1,0,0,차대사람 - 기타,안전운전불이행,건조,맑음,교차로 - 교차로부근,화물,남,18세,상해없음,보행자,남,30세,중상
2019030900100067,2019년 3월 9일 02시,토요일,광주광역시 북구 신안동,경상사고,0,0,1,0,차대차 - 기타,신호위반,건조,맑음,교차로 - 교차로횡단보도내,승용,남,58세,상해없음,자전거,남,21세,경상
2019030900100068,2019년 3월 9일 02시,토요일,광주광역시 광산구 신창동,경상사고,0,0,1,0,차대차 - 추돌,신호위반,건조,맑음,교차로 - 교차로안,개인형이동수단(PM),남,55세,경상,승용,남,42세,상해없음
2019030900100132,2019년 3월 9일 07시,토요일,광주광역시 서구 쌍촌동,경상사고,0,0,3,0,차대차 - 기타,신호위반,건조,맑음,교차로 - 교차로안,승용,남,50세,상해없음,승용,남,29세,경상
2019030900100133,2019년 3월 9일 07시,토요일,광주광역시 서구 쌍촌동,경상사고,0,0,1,0,차대차 - 추돌,안전운전불이행,건조,맑음,단일로 - 기타,승용,남,26세,상해없음,승용,남,63세,경상
2019030900100188,2019년 3월 9일 09시,토요일,광주광역시 북구 운암동,경상사고,0,0,1,0,차대차 - 측면충돌,안전거리미확보,건조,맑음,단일로 - 교량,승용,남,55세,상해없음,승용,남,31세,경상
2019030900100204,2019년 3월 9일 10시,토요일,광주광역시 북구 연제동,중상사고,0,1,0,0,차대차 - 측면충돌,안전운전불이행,건조,맑음,기타 - 기타,승합,남,49세,상해없음,승용,남,50세,상해없음
2019030900100216,2019년 3월 9일 10시,토요일,광주광역시 북구 오치동,경상사고,0,0,3,0,차대차 - 측면충돌,교차로운행방법위반,건조,맑음,교차로 - 교차로안,승용,여,46세,경상,승용,남,71세,경상
2019030900100266,2019년 3월 9일 12시,토요일,광주광역시 서구 금호동,중상사고,0,1,0,0,차대차 - 추돌,안전운전불이행,건조,맑음,교차로 - 교차로안,원동기,남,74세,중상,승용,남,60세,상해없음
2019030900100267,2019년 3월 9일 12시,토요일,광주광역시 남구 백운동,경상사고,0,0,3,0,차대차 - 측면충돌,안전운전불이행,건조,맑음,단일로 - 기타,승용,여,50세,상해없음,승용,남,49세,경상
2019030900100268,2019년 3월 9일 12시,토요일,광주광역시 광산구 신가동,경상사고,0,0,1,0,차대차 - 측면충돌,안전운전불이행,건조,맑음,교차로 - 교차로부근,화물,남,27세,상해없음,승용,남,52세,경상