사고번호,사고일시,요일,시군구,사고내용,사망자수,중상자수,경상자수,부상신고자수,사고유형,법규위반,노면상태,기상상태,도로형태,가해운전자 차종,가해운전자 성별,가해운전자 연령,가해운전자 상해정도,피해운전자 차종,피해운전자 성별,피해운전자 연령,피해운전자 상해정도
2019032600100331,2019년 3월 26일 14시,화요일,광주광역시 광산구 월곡동,경상사고,0,0,3,0,차대차 - 추돌,안전거리미확보,건조,맑음,단일로 - 기타,원동기,남,25세,경상,승합,남,46세,경상
2019032600100456,2019년 3월 26일 17시,화요일,광주광역시 광산구 월계동,경상사고,0,0,1,0,차대사람 - 횡단중,안전운전불이행,건조,맑음,교차로 - 교차로안,승용,여,60세,상해없음,보행자,여,33세,경상
2019032600100494,2019년 3월 26일 18시,화요일,광주광역시 동구 계림동,경상사고,0,0,1,0,차대차 - 측면충돌,안전운전불이행,건조,맑음,교차로 - 교차로부근,승용,남,19세,상해없음,승용,남,66세,상해없음
2019032600100495,2019년 3월 26일 18시,화요일,광주광역시 북구 북동,경상사고,0,0,2,0,차대차 - 추돌,안전운전불이행,건조,맑음,단일로 - 기타,승용,여,23세,상해없음,승용,남,31세,경상
2019032600100563,2019년 3월 26일 20시,화요일,광주광역시 북구 중흥동,경상사고,0,0,2,0,차대차 - 측면충돌,안전운전불이행,건조,맑음,교차로 - 교차로부근,이륜,남,24세,경상,승용,남,35세,상해없음
2019032600100612,2019년 3월 26일 22시,화요일,광주광역시 서구 쌍촌동,중상사고,0,1,0,0,차대차 - 측면충돌,기타,건조,맑음,기타 - 기타,승용,남,18세,상해없음,이륜,남,42세,중상
2019032600100613,2019년 3월 26일 22시,화요일,광주광역시 북구 신안동,부상신고사고,0,0,0,1,차대차 - 측면충돌,안전운전불이행,건조,맑음,교차로 - 교차로부근,이륜,남,19세,부상신고,승용,남,57세,상해없음
2019032600100614,2019년 3월 26일 22시,화요일,광주광역시 광산구 신가동,경상사고,0,0,1,0,차대차 - 측면충돌,교차로운행방법위반,건조,맑음,교차로 - 교차로안,승용,남,24세,상해없음,승용,남,53세,경상
2019032700100036,2019년 3월 27일 01시,수요일,광주광역시 광산구 하남동,경상사고,0,0,1,0,차대차 - 측면충돌,신호위반,건조,맑음,단일로 - 기타,승용,여,50세,상해없음,개인형이동수단(PM),남,24세,경상
2019032700100058,2019년 3월 27일 03시,수요일,광주광역시 북구 임동,경상사고,0,0,2,0,차대차 - 측면충돌,신호위반,건조,맑음,교차로 - 교차로안,승용,여,55세,상해없음,승용,남,61세,경상
2019032700100073,2019년 3월 27일 05시,수요일,광주광역시 광산구 산월동,경상사고,0,0,2,0,차대차 - 측면충돌,신호위반,건조,맑음,교차로 - 교차로안,승용,남,67세,상해없음,승용,남,49세,경상
2019032700100074,2019년 3월 27일 05시,수요일,광주광역시 광산구 우산동,경상사고,0,0,1,0,차대차 - 측면충돌,교차로운행방법위반,건조,맑음,교차로 - 교차로안,승용,남,38세,상해없음,승용,남,56세,상해없음
2019032700100114,2019년 3월 27일 07시,수요일,광주광역시 서구 화정동,경상사고,0,0,2,0,차대차 - 추돌,신호위반,건조,맑음,교차로 - 교차로안,화물,남,66세,상해없음,승용,남,62세,경상
2019032700100153,2019년 3월 27일 08시,수요일,광주광역시 서구 덕흥동,경상사고,0,0,3,0,차대차 - 추돌,안전운전불이행,건조,맑음,단일로 - 기타,승합,남,37세,상해없음,승용,여,31세,경상
2019032700100154,2019년 3월 27일 08시,수요일,광주광역시 남구 주월동,경상사고,0,0,1,0,차대차 - 측면충돌,안전운전불이행,건조,맑음,단일로 - 기타,승용,남,28세,기타불명,승용,여,35세,경상
2019032700100155,2019년 3월 27일 08시,수요일,광주광역시 광산구 수완동,경상사고,0,0,2,0,차대차 - 측면충돌,신호위반,건조,맑음,교차로 - 교차로안,승용,여,38세,상해없음,승용,남,22세,경상
2019032700100187,2019년 3월 27일 09시,수요일,광주광역시 북구 문흥동,중상사고,0,2,1,0,차대차 - 정면충돌,안전운전불이행,건조,맑음,교차로 - 교차로안,승용,여,58세,경상,승용,남,69세,상해없음
2019032700100215,2019년 3월 27일 10시,수요일,광주광역시 북구 중흥동,경상사고,0,0,2,0,차대차 - 측면충돌,차로위반,건조,맑음,단일로 - 기타,건설기계,남,63세,상해없음,승용,여,43세,경상
2019032700100236,2019년 3월 27일 11시,수요일,광주광역시 북구 중흥동,경상사고,0,0,5,0,차대사람 - 횡단중,안전운전불이행,건조,맑음,단일로 - 기타,승합,남,58세,상해없음,보행자,남,24세,경상
2019032700100237,2019년 3월 27일 11시,수요일,광주광역시 북구 운암동,경상사고,0,0,2,0,차대차 - 추돌,안전운전불이행,건조,맑음,교차로 - 교차로부근,승용,남,51세,상해없음,화물,남,62세,경상
2019032700100373,2019년 3월 27일 16시,수요일,광주광역시 남구 방림동,부상신고사고,0,0,0,1,차대차 - 측면충돌,안전거리미확보,건조,맑음,단일로 - 기타,승용,남,23세,상해없음,승합,남,63세,상해없음
2019032700100449,2019년 3월 27일 18시,수요일,광주광역시 북구 신안동,경상사고,0,0,1,0,차대차 - 후진중충돌,안전운전불이행,건조,맑음,단일로 - 기타,승용,남,61세,상해없음,승용,남,57세,경상
2019032700100510,2019년 3월 27일 20시,수요일,광주광역시 남구 진월동,경상사고,0,0,1,0,차대차 - 기타,안전거리미확보,건조,맑음,단일로 - 기타,승용,여,52세,상해없음,이륜,남,24세,경상
2019032700100511,2019년 3월 27일 20시,수요일,광주광역시 광산구 흑석동,부상신고사고,0,0,0,1,차대차 - 측면충돌,신호위반,건조,맑음,교차로 - 교차로안,이륜,남,18세,부상신고,승용,남,43세,상해없음
2019032700100536,2019년 3월 27일 21시,수요일,광주광역시 서구 쌍촌동,경상사고,0,0,2,0,차대차 - 측면충돌,안전운전불이행,건조,맑음,교차로 - 교차로안,승용,남,61세,상해없음,승용,남,58세,경상
2019032700100561,2019년 3월 27일 22시,수요일,광주광역시 서구 금호동,경상사고,0,0,1,0,차대차 - 추돌,안전운전불이행,건조,맑음,교차로 - 교차로부근,승용,남,49세,상해없음,승용,여,33세,경상
2019032700100562,2019년 3월 27일 22시,수요일,광주광역시 광산구 운남동,경상사고,0,0,2,0,차대차 - 측면충돌,안전운전불이행,건조,맑음,교차로 - 교차로안,승용,여,36세,기타불명,승합,남,43세,경상
2019032700100584,2019년 3월 27일 23시,수요일,광주광역시 북구 일곡동,경상사고,0,0,1,0,차대사람 - 기타,안전운전불이행,건조,맑음,기타 - 기타,승용,남,59세,상해없음,보행자,여,48세,경상
2019032800100103,2019년 3월 28일 07시,목요일,광주광역시 북구 두암동,경상사고,0,0,2,0,차대차 - 측면충돌,안전운전불이행,건조,맑음,교차로 - 교차로부근,승용,여,63세,경상,승용,남,39세,경상
2019032800100151,2019년 3월 28일 08시,목요일,광주광역시 남구 주월동,경상사고,0,0,1,0,차대사람 - 길가장자리구역통행중,안전운전불이행,건조,맑음,단일로 - 기타,승용,여,63세,상해없음,보행자,남,39세,경상
2019032800100152,2019년 3월 28일 08시,목요일,광주광역시 광산구 운수동,경상사고,0,0,3,0,차대차 - 추돌,안전운전불이행,건조,맑음,단일로 - 터널,화물,남,56세,상해없음,화물,남,40세,경상
2019032800100175,2019년 3월 28일 09시,목요일,광주광역시 북구 우산동,부상신고사고,0,0,0,1,차대차 - 후진중충돌,안전운전불이행,건조,맑음,단일로 - 기타,승용,여,62세,상해없음,승용,여,47세,기타불명
2019032800100176,2019년 3월 28일 09시,목요일,광주광역시 북구 신안동,경상사고,0,0,2,0,차대차 - 측면충돌,직진우회전진행방해,건조,맑음,교차로 - 교차로안,승용,남,63세,경상,승용,여,37세,경상
2019032800100250,2019년 3월 28일 11시,목요일,광주광역시 광산구 우산동,경상사고,0,0,1,0,차대차 - 기타,불법유턴,건조,맑음,교차로 - 교차로부근,승용,남,36세,상해없음,승용,남,37세,경상
2019032800100293,2019년 3월 28일 13시,목요일,광주광역시 북구 운암동,경상사고,0,0,2,0,차대차 - 측면충돌,교차로운행방법위반,건조,맑음,교차로 - 교차로안,승합,여,59세,경상,승용,남,36세,경상
2019032800100294,2019년 3월 28일 13시,목요일,광주광역시 북구 신안동,경상사고,0,0,2,0,차대차 - 추돌,안전운전불이행,건조,맑음,단일로 - 기타,승용,남,33세,상해없음,승용,남,37세,경상
2019032800100328,2019년 3월 28일 14시,목요일,광주광역시 북구 두암동,경상사고,0,0,1,0,차대차 - 측면충돌,안전운전불이행,건조,맑음,단일로 - 기타,승용,남,47세,상해없음,이륜,남,76세,경상
2019032800100457,2019년 3월 28일 17시,목요일,광주광역시 북구 운암동,부상신고사고,0,0,0,1,차대사람 - 기타,안전운전불이행,건조,맑음,단일로 - 기타,승합,남,55세,상해없음,보행자,남,65세,부상신고
2019032800100458,2019년 3월 28일 17시,목요일,광주광역시 광산구 운남동,중상사고,0,1,0,0,차대사람 - 횡단중,안전운전불이행,건조,맑음,단일로 - 기타,승용,여,35세,상해없음,보행자,남,4세,중상
2019032800100459,2019년 3월 28일 17시,목요일,광주광역시 광산구 월계동,경상사고,0,0,1,0,차대차 - 측면충돌,안전운전불이행,건조,맑음,단일로 - 기타,화물,남,53세,상해없음,승용,남,37세,경상
2019032800100499,2019년 3월 28일 18시,목요일,광주광역시 북구 신안동,경상사고,0,0,1,0,차대차 - 기타,안전운전불이행,건조,맑음,단일로 - 기타,승합,남,54세,상해없음,승용,여,32세,경상
2019032800100574,2019년 3월 28일 20시,목요일,광주광역시 광산구 흑석동,경상사고,0,0,1,0,차대차 - 추돌,안전거리미확보,건조,맑음,단일로 - 기타,승용,여,55세,상해없음,승용,여,36세,경상
2019032800100605,2019년 3월 28일 21시,목요일,광주광역시 북구 신안동,경상사고,0,0,1,0,차대사람 - 횡단중,신호위반,건조,맑음,교차로 - 교차로부근,이륜,남,60세,상해없음,보행자,여,53세,경상
2019032800100628,2019년 3월 28일 22시,목요일,광주광역시 북구 용봉동,경상사고,0,0,3,0,차대차 - 정면충돌,신호위반,건조,맑음,교차로 - 교차로안,이륜,남,30세,경상,승용,여,46세,경상
2019032900100101,2019년 3월 29일 07시,금요일,광주광역시 북구 동림동,경상사고,0,0,1,0,차대차 - 기타,안전운전불이행,건조,맑음,단일로 - 기타,승합,남,56세,상해없음,승용,남,37세,경상
2019032900100142,2019년 3월 29일 08시,금요일,광주광역시 남구 봉선동,경상사고,0,0,1,0,차대차 - 측면충돌,안전거리미확보,건조,맑음,교차로 - 교차로부근,승용,남,53세,상해없음,승용,여,43세,경상
2019032900100143,2019년 3월 29일 08시,금요일,광주광역시 광산구 신창동,경상사고,0,0,1,0,차대차 - 측면충돌,안전운전불이행,건조,맑음,기타 - 기타,승용,여,45세,상해없음,승용,남,64세,경상
2019032900100171,2019년 3월 29일 09시,금요일,광주광역시 북구 연제동,경상사고,0,0,1,0,차대사람 - 기타,안전운전불이행,건조,맑음,주차장 - 주차장,승용,여,49세,상해없음,보행자,여,56세,경상
2019032900100172,2019년 3월 29일 09시,금요일,광주광역시 광산구 장덕동,경상사고,0,0,2,0,차대차 - 추돌,안전운전불이행,건조,맑음,단일로 - 기타,승용,여,47세,경상,승용,남,37세,경상
2019032900100215,2019년 3월 29일 10시,금요일,광주광역시 남구 백운동,중상사고,0,1,0,0,차대사람 - 기타,안전운전불이행,건조,맑음,단일로 - 기타,승용,여,57세,상해없음,보행자,여,72세,중상
2019032900100255,2019년 3월 29일 11시,금요일,광주광역시 북구 삼각동,경상사고,0,0,1,0,차대차 - 측면충돌,안전운전불이행,건조,맑음,교차로 - 교차로안,승용,여,57세,상해없음,승용,남,27세,경상
2019032900100323,2019년 3월 29일 13시,금요일,광주광역시 남구 진월동,경상사고,0,0,3,0,차대차 - 측면충돌,안전거리미확보,건조,맑음,단일로 - 기타,화물,남,38세,경상,승용,남,65세,경상
2019032900100366,2019년 3월 29일 14시,금요일,광주광역시 북구 각화동,경상사고,0,0,1,0,차량단독 - 기타,안전운전불이행,건조,맑음,단일로 - 기타,승합,남,60세,상해없음,,,,
2019032900100367,2019년 3월 29일 14시,금요일,광주광역시 광산구 도천동,경상사고,0,0,1,0,차대차 - 측면충돌,안전운전불이행,건조,맑음,단일로 - 교량,화물,남,72세,상해없음,승용,여,31세,경상
2019032900100398,2019년 3월 29일 15시,금요일,광주광역시 북구 두암동,중상사고,0,1,0,0,차대차 - 측면충돌,안전운전불이행,건조,맑음,교차로 - 교차로횡단보도내,자전거,남,76세,중상,승용,남,36세,상해없음
2019032900100503,2019년 3월 29일 17시,금요일,광주광역시 남구 방림동,경상사고,0,0,1,0,차대사람 - 기타,안전운전불이행,건조,맑음,교차로 - 교차로부근,승용,여,54세,상해없음,보행자,여,17세,경상
2019032900100591,2019년 3월 29일 19시,금요일,광주광역시 남구 주월동,경상사고,0,0,1,0,차대차 - 기타,안전거리미확보,건조,맑음,교차로 - 교차로안,승용,여,63세,상해없음,승용,남,51세,경상
2019032900100592,2019년 3월 29일 19시,금요일,광주광역시 북구 용봉동,경상사고,0,0,1,0,차대사람 - 차도통행중,안전운전불이행,건조,맑음,교차로 - 교차로안,승용,남,58세,상해없음,보행자,남,57세,경상
2019032900100593,2019년 3월 29일 19시,금요일,광주광역시 북구 월출동,사망사고,1,0,1,0,차대사람 - 기타,안전운전불이행,건조,흐림,단일로 - 기타,승용,여,50세,상해없음,보행자,남,73세,사망
2019032900100594,2019년 3월 29일 19시,금요일,광주광역시 광산구 송정동,경상사고,0,0,1,0,차대사람 - 횡단중,안전운전불이행,건조,맑음,교차로 - 교차로부근,승용,여,66세,상해없음,보행자,여,27세,경상
2019032900100623,2019년 3월 29일 20시,금요일,광주광역시 서구 쌍촌동,경상사고,0,0,1,0,차대차 - 추돌,안전운전불이행,건조,맑음,단일로 - 기타,화물,남,53세,상해없음,승합,남,40세,경상
2019032900100624,2019년 3월 29일 20시,금요일,광주광역시 서구 치평동,중상사고,0,1,0,0,차대차 - 기타,기타,건조,맑음,단일로 - 기타,승용,남,49세,상해없음,이륜,남,24세,중상
2019032900100625,2019년 3월 29일 20시,금요일,광주광역시 북구 운암동,경상사고,0,0,2,0,차대차 - 측면충돌,안전거리미확보,건조,맑음,단일로 - 기타,승용,여,27세,경상,승용,여,24세,경상
2019032900100626,2019년 3월 29일 20시,금요일,광주광역시 광산구 운남동,경상사고,0,0,2,0,차대차 - 후진중충돌,안전운전불이행,건조,맑음,단일로 - 기타,승용,남,49세,상해없음,승용,여,33세,경상
2019032900100665,2019년 3월 29일 21시,금요일,광주광역시 북구 중흥동,경상사고,0,0,5,0,차대차 - 추돌,안전운전불이행,건조,맑음,교차로 - 교차로부근,승용,남,38세,상해없음,승용,남,26세,경상
2019032900100666,2019년 3월 29일 21시,금요일,광주광역시 북구 용봉동,경상사고,0,0,2,0,차대차 - 기타,안전운전불이행,건조,맑음,단일로 - 기타,승용,여,50세,상해없음,승용,남,23세,경상
2019032900100667,2019년 3월 29일 21시,금요일,광주광역시 광산구 월계동,경상사고,0,0,1,0,차대차 - 기타,안전거리미확보,건조,맑음,단일로 - 기타,승용,남,60세,상해없음,이륜,남,19세,경상
2019032900100691,2019년 3월 29일 22시,금요일,광주광역시 서구 치평동,경상사고,0,0,2,0,차대차 - 후진중충돌,안전운전불이행,건조,맑음,단일로 - 기타,승용,남,37세,상해없음,승용,남,29세,경상
2019032900100692,2019년 3월 29일 22시,금요일,광주광역시 북구 양산동,중상사고,0,1,0,0,차대차 - 기타,안전운전불이행,건조,맑음,교차로 - 교차로안,승용,남,43세,상해없음,이륜,남,28세,중상
2019032900100717,2019년 3월 29일 23시,금요일,광주광역시 서구 금호동,경상사고,0,0,1,0,차대차 - 기타,안전거리미확보,건조,맑음,단일로 - 기타,승용,남,52세,상해없음,승용,여,42세,경상
2019033000100041,2019년 3월 30일 00시,토요일,광주광역시 서구 유촌동,경상사고,0,0,1,0,차대차 - 측면충돌,안전운전불이행,건조,맑음,교차로 - 교차로부근,승용,여,47세,상해없음,화물,남,53세,경상
2019033000100075,2019년 3월 30일 01시,토요일,광주광역시 남구 백운동,중상사고,0,2,2,0,차대차 - 기타,기타,건조,맑음,교차로 - 교차로부근,승용,남,17세,중상,승용,남,25세,경상
2019033000100076,2019년 3월 30일 01시,토요일,광주광역시 북구 동림동,경상사고,0,0,1,0,차량단독 - 공작물충돌,안전운전불이행,건조,맑음,단일로 - 기타,화물,남,52세,경상,,,,
2019033000100098,2019년 3월 30일 02시,토요일,광주광역시 광산구 월계동,경상사고,0,0,1,0,차대차 - 기타,안전운전불이행,건조,맑음,교차로 - 교차로안,승용,남,27세,상해없음,기타불명,남,51세,경상
2019033000100123,2019년 3월 30일 03시,토요일,광주광역시 북구 동림동,경상사고,0,0,1,0,차량단독 - 기타,안전운전불이행,건조,맑음,단일로 - 기타,승용,남,51세,상해없음,,,,
2019033000100163,2019년 3월 30일 06시,토요일,광주광역시 남구 노대동,경상사고,0,0,1,0,차대차 - 측면충돌,신호위반,건조,맑음,교차로 - 교차로안,승용,남,31세,상해없음,승용,남,31세,경상
2019033000100255,2019년 3월 30일 10시,토요일,광주광역시 남구 주월동,경상사고,0,0,1,0,차대차 - 측면충돌,신호위반,건조,맑음,교차로 - 교차로안,승용,남,24세,상해없음,승용,여,54세,경상
2019033000100303,2019년 3월 30일 11시,토요일,광주광역시 동구 수기동,경상사고,0,0,1,0,차대차 - 측면충돌,안전운전불이행,건조,맑음,교차로 - 교차로부근,승용,남,73세,상해없음,승용,여,37세,경상
2019033000100345,2019년 3월 30일 12시,토요일,광주광역시 남구 백운동,경상사고,0,0,1,0,차대차 - 추돌,안전거리미확보,건조,맑음,단일로 - 기타,이륜,남,31세,상해없음,승용,여,30세,경상
2019033000100346,2019년 3월 30일 12시,토요일,광주광역시 남구 방림동,경상사고,0,0,1,0,차대차 - 측면충돌,교차로운행방법위반,건조,맑음,교차로 - 교차로안,승용,남,82세,상해없음,승용,남,34세,경상
2019033000100383,2019년 3월 30일 13시,토요일,광주광역시 서구 쌍촌동,경상사고,0,0,1,0,차대차 - 측면충돌,안전운전불이행,건조,맑음,교차로 - 교차로안,승용,남,34세,상해없음,승용,남,33세,경상
2019033000100418,2019년 3월 30일 14시,토요일,광주광역시 북구 각화동,경상사고,0,0,1,0,차대차 - 추돌,안전운전불이행,건조,맑음,단일로 - 기타,승용,남,73세,상해없음,원동기,남,36세,경상
2019033000100494,2019년 3월 30일 16시,토요일,광주광역시 북구 연제동,경상사고,0,0,1,0,차대사람 - 기타,안전운전불이행,젖음/습기,비,단일로 - 지하차도(도로)내,승용,여,55세,상해없음,보행자,남,48세,경상
2019033000100495,2019년 3월 30일 16시,토요일,광주광역시 북구 삼각동,중상사고,0,1,0,0,차대사람 - 기타,안전운전불이행,젖음/습기,비,교차로 - 교차로안,승용,남,29세,상해없음,보행자,남,26세,중상
2019033000100562,2019년 3월 30일 18시,토요일,광주광역시 광산구 장덕동,경상사고,0,0,1,0,차대차 - 추돌,안전거리미확보,건조,맑음,교차로 - 교차로부근,승용,남,28세,상해없음,승용,남,28세,상해없음
2019033000100593,2019년 3월 30일 19시,토요일,광주광역시 서구 벽진동,경상사고,0,0,2,0,차대차 - 측면충돌,신호위반,건조,맑음,교차로 - 교차로안,승합,남,34세,상해없음,화물,남,45세,경상
2019033000100594,2019년 3월 30일 19시,토요일,광주광역시 북구 대촌동,경상사고,0,0,1,0,차대차 - 추돌,안전운전불이행,젖음/습기,비,단일로 - 기타,승용,남,47세,상해없음,승용,남,27세,경상
2019033000100595,2019년 3월 30일 19시,토요일,광주광역시 북구 오치동,중상사고,0,1,0,0,차대사람 - 기타,중앙선침범,건조,맑음,단일로 - 기타,승용,남,56세,상해없음,보행자,여,64세,중상
2019033000100596,2019년 3월 30일 19시,토요일,광주광역시 북구 용봉동,중상사고,0,1,0,0,차대사람 - 차도통행중,교차로운행방법위반,건조,맑음,단일로 - 기타,승용,남,42세,상해없음,보행자,남,62세,중상
2019033000100630,2019년 3월 30일 20시,토요일,광주광역시 북구 문흥동,경상사고,0,0,1,0,차대차 - 측면충돌,안전거리미확보,건조,맑음,단일로 - 기타,승용,남,70세,상해없음,승용,여,45세,경상
2019033000100631,2019년 3월 30일 20시,토요일,광주광역시 북구 신안동,중상사고,0,1,0,0,차대사람 - 기타,안전운전불이행,건조,맑음,교차로 - 교차로안,승용,남,60세,상해없음,보행자,남,47세,중상
2019033000100632,2019년 3월 30일 20시,토요일,광주광역시 광산구 신창동,경상사고,0,0,2,0,차대차 - 기타,안전거리미확보,건조,맑음,교차로 - 교차로안,승용,남,47세,상해없음,승용,남,29세,경상
2019033000100633,2019년 3월 30일 20시,토요일,광주광역시 광산구 쌍암동,경상사고,0,0,1,0,차대차 - 측면충돌,안전운전불이행,건조,맑음,단일로 - 기타,화물,남,69세,경상,승용,남,25세,기타불명
2019033000100684,2019년 3월 30일 22시,토요일,광주광역시 북구 용두동,경상사고,0,0,3,0,차대차 - 기타,안전운전불이행,젖음/습기,흐림,단일로 - 기타,승용,남,40세,상해없음,승용,남,69세,경상
2019033100100038,2019년 3월 31일 00시,일요일,광주광역시 북구 임동,경상사고,0,0,1,0,차대차 - 추돌,안전운전불이행,건조,맑음,교차로 - 교차로부근,승용,남,58세,상해없음,승용,여,35세,경상
2019033100100074,2019년 3월 31일 03시,일요일,광주광역시 북구 운정동,중상사고,0,4,2,0,차량단독 - 기타,안전운전불이행,젖음/습기,비,단일로 - 기타,승용,남,18세,경상,,,,
2019033100100082,2019년 3월 31일 04시,일요일,광주광역시 서구 내방동,중상사고,0,1,0,0,차대차 - 추돌,안전거리미확보,건조,맑음,교차로 - 교차로부근,승용,남,25세,상해없음,승용,남,52세,중상
2019033100100095,2019년 3월 31일 06시,일요일,광주광역시 남구 압촌동,경상사고,0,0,1,0,차대차 - 측면충돌,안전운전불이행,건조,맑음,단일로 - 기타,화물,남,55세,상해없음,원동기,남,68세,경상
2019033100100118,2019년 3월 31일 09시,일요일,광주광역시 서구 쌍촌동,경상사고,0,0,1,0,차대사람 - 기타,안전운전불이행,건조,맑음,교차로 - 교차로안,승용,남,59세,상해없음,보행자,여,46세,경상
2019033100100119,2019년 3월 31일 09시,일요일,광주광역시 서구 양동,경상사고,0,0,3,0,차대차 - 측면충돌,안전운전불이행,건조,맑음,단일로 - 기타,승용,남,46세,상해없음,승용,남,64세,경상
2019033100100162,2019년 3월 31일 11시,일요일,광주광역시 북구 일곡동,중상사고,0,1,0,0,차대차 - 측면충돌,신호위반,건조,맑음,교차로 - 교차로안,자전거,남,22세,중상,화물,남,53세,상해없음
2019033100100186,2019년 3월 31일 12시,일요일,광주광역시 남구 진월동,경상사고,0,0,1,0,차대사람 - 기타,보행자보호의무위반,건조,맑음,교차로 - 교차로횡단보도내,승용,여,47세,상해없음,보행자,남,7세,경상
2019033100100187,2019년 3월 31일 12시,일요일,광주광역시 광산구 월계동,경상사고,0,0,3,0,차대차 - 측면충돌,신호위반,건조,맑음,교차로 - 교차로안,승용,여,50세,경상,승용,남,63세,경상
2019033100100219,2019년 3월 31일 13시,일요일,광주광역시 남구 주월동,경상사고,0,0,1,0,차대차 - 측면충돌,교차로운행방법위반,건조,맑음,교차로 - 교차로부근,승용,여,63세,상해없음,승합,남,53세,상해없음
2019033100100310,2019년 3월 31일 16시,일요일,광주광역시 동구 소태동,부상신고사고,0,0,0,1,차대차 - 측면충돌,안전거리미확보,건조,맑음,단일로 - 기타,승용,여,68세,상해없음,승용,여,22세,상해없음
2019033100100311,2019년 3월 31일 16시,일요일,광주광역시 북구 양산동,경상사고,0,0,1,0,차대차 - 추돌,안전운전불이행,건조,맑음,단일로 - 기타,승용,여,47세,상해없음,승용,여,26세,경상
2019033100100341,2019년 3월 31일 17시,일요일,광주광역시 동구 궁동,경상사고,0,0,3,0,차대차 - 측면충돌,안전운전불이행,건조,맑음,단일로 - 기타,승용,남,61세,경상,승용,남,53세,경상
2019033100100342,2019년 3월 31일 17시,일요일,광주광역시 북구 두암동,경상사고,0,0,1,0,차대차 - 측면충돌,안전운전불이행,건조,맑음,단일로 - 기타,승용,남,76세,상해없음,승용,남,26세,경상
2019033100100365,2019년 3월 31일 18시,일요일,광주광역시 남구 송하동,중상사고,0,1,0,0,차대차 - 정면충돌,중앙선침범,건조,맑음,단일로 - 기타,화물,남,67세,상해없음,이륜,남,27세,중상
2019033100100396,2019년 3월 31일 19시,일요일,광주광역시 서구 광천동,경상사고,0,0,3,0,차대차 - 측면충돌,안전거리미확보,건조,맑음,교차로 - 교차로안,승용,남,22세,상해없음,승용,남,22세,상해없음
2019033100100397,2019년 3월 31일 19시,일요일,광주광역시 광산구 산정동,부상신고사고,0,0,0,1,차량단독 - 공작물충돌,안전운전불이행,건조,맑음,주차장 - 주차장,승용,여,71세,상해없음,,,,
2019033100100426,2019년 3월 31일 20시,일요일,광주광역시 광산구 월곡동,부상신고사고,0,0,0,3,차대차 - 측면충돌,교차로운행방법위반,건조,맑음,교차로 - 교차로안,승용,남,42세,상해없음,승용,남,25세,부상신고
2019040100100034,2019년 4월 1일 00시,월요일,광주광역시 서구 쌍촌동,경상사고,0,0,1,0,차대차 - 추돌,안전운전불이행,건조,맑음,교차로 - 교차로부근,승용,남,34세,상해없음,승용,남,29세,경상
2019040100100035,2019년 4월 1일 00시,월요일,광주광역시 북구 오치동,경상사고,0,0,1,0,차대사람 - 기타,안전운전불이행,건조,맑음,단일로 - 기타,승용,남,61세,상해없음,보행자,남,67세,경상
2019040100100053,2019년 4월 1일 03시,월요일,광주광역시 남구 진월동,경상사고,0,0,1,0,차량단독 - 기타,안전운전불이행,건조,맑음,단일로 - 기타,승용,남,49세,상해없음,,,,
2019040100100089,2019년 4월 1일 06시,월요일,광주광역시 광산구 선암동,경상사고,0,0,1,0,차대차 - 기타,안전거리미확보,건조,맑음,단일로 - 터널,화물,남,58세,상해없음,승용,여,48세,경상
2019040100100125,2019년 4월 1일 07시,월요일,광주광역시 북구 각화동,경상사고,0,0,1,0,차대차 - 기타,차로위반,건조,맑음,단일로 - 기타,화물,남,45세,상해없음,승용,여,23세,경상
2019040100100172,2019년 4월 1일 08시,월요일,광주광역시 남구 월산동,경상사고,0,0,1,0,차대사람 - 길가장자리구역통행중,안전운전불이행,건조,맑음,단일로 - 기타,기타불명,기타불명,미분류,기타불명,보행자,남,55세,경상
2019040100100173,2019년 4월 1일 08시,월요일,광주광역시 남구 봉선동,경상사고,0,0,1,0,차량단독 - 기타,기타,건조,맑음,단일로 - 기타,승합,남,59세,상해없음,,,,
2019040100100174,2019년 4월 1일 08시,월요일,광주광역시 광산구 신촌동,경상사고,0,0,1,0,차대차 - 측면충돌,신호위반,건조,맑음,교차로 - 교차로안,승용,남,62세,기타불명,승용,여,47세,경상
2019040100100175,2019년 4월 1일 08시,월요일,광주광역시 광산구 하산동,중상사고,0,1,0,0,차대차 - 추돌,교차로운행방법위반,건조,맑음,교차로 - 교차로안,승용,여,54세,상해없음,원동기,여,71세,중상
2019040100100218,2019년 4월 1일 09시,월요일,광주광역시 남구 방림동,경상사고,0,0,1,0,차대사람 - 횡단중,보행자보호의무위반,건조,맑음,교차로 - 교차로횡단보도내,승용,여,58세,상해없음,보행자,여,19세,경상
2019040100100281,2019년 4월 1일 11시,월요일,광주광역시 북구 우산동,경상사고,0,0,1,0,차대차 - 기타,안전운전불이행,건조,맑음,교차로 - 교차로부근,자전거,남,72세,경상,승용,남,51세,상해없음
2019040100100314,2019년 4월 1일 12시,월요일,광주광역시 서구 쌍촌동,경상사고,0,0,1,0,차대차 - 측면충돌,교차로운행방법위반,건조,맑음,교차로 - 교차로안,승용,여,33세,상해없음,승용,남,36세,경상