사고번호,사고일시,요일,시군구,사고내용,사망자수,중상자수,경상자수,부상신고자수,사고유형,법규위반,노면상태,기상상태,도로형태,가해운전자 차종,가해운전자 성별,가해운전자 연령,가해운전자 상해정도,피해운전자 차종,피해운전자 성별,피해운전자 연령,피해운전자 상해정도
2019040600100372,2019년 4월 6일 14시,토요일,광주광역시 남구 진월동,경상사고,0,0,1,0,차대차 - 측면충돌,신호위반,건조,맑음,교차로 - 교차로안,화물,남,70세,상해없음,승용,남,34세,경상
2019040600100402,2019년 4월 6일 15시,토요일,광주광역시 북구 풍향동,경상사고,0,0,1,0,차대차 - 측면충돌,안전운전불이행,건조,맑음,단일로 - 기타,승용,남,52세,상해없음,승용,여,66세,경상
2019040600100403,2019년 4월 6일 15시,토요일,광주광역시 광산구 운수동,경상사고,0,0,8,0,차대차 - 측면충돌,신호위반,건조,맑음,교차로 - 교차로안,승용,여,45세,상해없음,승용,남,39세,경상
2019040600100443,2019년 4월 6일 16시,토요일,광주광역시 남구 송하동,중상사고,0,1,1,0,차대차 - 기타,안전운전불이행,건조,맑음,기타 - 기타,이륜,여,53세,중상,승용,남,59세,경상
2019040600100444,2019년 4월 6일 16시,토요일,광주광역시 북구 용봉동,경상사고,0,0,2,0,차대차 - 기타,안전운전불이행,건조,맑음,단일로 - 기타,승용,여,55세,상해없음,승용,남,31세,상해없음
2019040600100480,2019년 4월 6일 17시,토요일,광주광역시 서구 동천동,경상사고,0,0,1,0,차대차 - 추돌,안전거리미확보,건조,맑음,단일로 - 교량,승용,남,63세,상해없음,승용,남,33세,경상
2019040600100481,2019년 4월 6일 17시,토요일,광주광역시 북구 두암동,경상사고,0,0,1,0,차대사람 - 기타,안전운전불이행,건조,맑음,단일로 - 기타,승용,여,40세,상해없음,보행자,여,68세,경상
2019040600100508,2019년 4월 6일 18시,토요일,광주광역시 서구 치평동,중상사고,0,1,0,0,차대차 - 측면충돌,안전운전불이행,건조,맑음,교차로 - 교차로횡단보도내,승용,남,59세,상해없음,이륜,남,44세,중상
2019040600100548,2019년 4월 6일 19시,토요일,광주광역시 북구 용봉동,경상사고,0,0,1,0,차대사람 - 횡단중,보행자보호의무위반,건조,맑음,교차로 - 교차로횡단보도내,승용,남,55세,상해없음,보행자,여,58세,경상
2019040600100549,2019년 4월 6일 19시,토요일,광주광역시 광산구 송정동,경상사고,0,0,4,0,차대차 - 측면충돌,안전운전불이행,건조,맑음,교차로 - 교차로안,승용,남,60세,경상,승용,남,24세,경상
2019040600100576,2019년 4월 6일 20시,토요일,광주광역시 서구 쌍촌동,경상사고,0,0,2,0,차대차 - 기타,안전운전불이행,건조,맑음,단일로 - 기타,승용,여,26세,경상,승용,남,26세,기타불명
2019040600100631,2019년 4월 6일 22시,토요일,광주광역시 광산구 운남동,경상사고,0,0,1,0,차대차 - 측면충돌,안전운전불이행,건조,맑음,교차로 - 교차로횡단보도내,승용,남,57세,상해없음,자전거,남,15세,경상
2019040600100653,2019년 4월 6일 23시,토요일,광주광역시 북구 삼각동,경상사고,0,0,3,0,차대차 - 측면충돌,신호위반,건조,맑음,교차로 - 교차로안,이륜,남,17세,경상,승용,남,57세,경상
2019040700100104,2019년 4월 7일 06시,일요일,광주광역시 서구 금호동,경상사고,0,0,3,0,차대차 - 기타,과속,건조,맑음,교차로 - 교차로부근,승용,남,38세,상해없음,화물,남,52세,경상
2019040700100165,2019년 4월 7일 10시,일요일,광주광역시 광산구 산월동,경상사고,0,0,2,0,차대차 - 기타,신호위반,건조,맑음,교차로 - 교차로안,승용,남,72세,기타불명,승용,남,32세,경상
2019040700100215,2019년 4월 7일 12시,일요일,광주광역시 동구 대인동,경상사고,0,0,5,0,차대차 - 측면충돌,안전운전불이행,건조,맑음,교차로 - 교차로안,승용,남,21세,상해없음,승용,남,38세,경상
2019040700100216,2019년 4월 7일 12시,일요일,광주광역시 광산구 산정동,경상사고,0,0,2,0,차량단독 - 기타,안전운전불이행,건조,맑음,단일로 - 기타,승용,남,17세,상해없음,,,,
2019040700100249,2019년 4월 7일 13시,일요일,광주광역시 북구 신용동,경상사고,0,0,7,0,차대차 - 측면충돌,중앙선침범,건조,맑음,단일로 - 기타,승용,남,39세,경상,승용,남,45세,경상
2019040700100250,2019년 4월 7일 13시,일요일,광주광역시 북구 양산동,경상사고,0,0,1,0,차대차 - 기타,신호위반,건조,맑음,교차로 - 교차로안,승용,남,29세,상해없음,승용,남,35세,경상
2019040700100283,2019년 4월 7일 14시,일요일,광주광역시 북구 양산동,경상사고,0,0,2,0,차대차 - 기타,안전운전불이행,젖음/습기,비,단일로 - 기타,승용,남,35세,상해없음,승용,여,39세,경상
2019040700100356,2019년 4월 7일 16시,일요일,광주광역시 서구 풍암동,중상사고,0,1,2,0,차대차 - 측면충돌,신호위반,젖음/습기,비,교차로 - 교차로안,승용,남,57세,상해없음,승용,남,47세,경상
2019040700100357,2019년 4월 7일 16시,일요일,광주광역시 서구 화정동,중상사고,0,1,0,0,차대차 - 측면충돌,직진우회전진행방해,젖음/습기,비,교차로 - 교차로안,승용,여,35세,상해없음,이륜,남,49세,중상
2019040700100358,2019년 4월 7일 16시,일요일,광주광역시 광산구 하남동,경상사고,0,0,2,0,차대차 - 추돌,안전운전불이행,건조,맑음,교차로 - 교차로부근,승용,남,37세,상해없음,승용,남,64세,경상
2019040800100035,2019년 4월 8일 00시,월요일,광주광역시 남구 진월동,경상사고,0,0,1,0,차대차 - 측면충돌,안전운전불이행,건조,맑음,단일로 - 기타,승용,남,61세,상해없음,원동기,남,22세,경상
2019040800100036,2019년 4월 8일 00시,월요일,광주광역시 광산구 월계동,경상사고,0,0,1,1,차대차 - 추돌,중앙선침범,건조,맑음,단일로 - 기타,승용,남,29세,상해없음,승용,남,24세,경상
2019040800100041,2019년 4월 8일 01시,월요일,광주광역시 동구 학동,경상사고,0,0,2,0,차대차 - 측면충돌,신호위반,건조,맑음,교차로 - 교차로안,승용,남,33세,상해없음,승용,남,41세,경상
2019040800100084,2019년 4월 8일 06시,월요일,광주광역시 광산구 흑석동,중상사고,0,1,0,0,차대차 - 측면충돌,신호위반,건조,맑음,교차로 - 교차로안,승용,남,44세,상해없음,승용,남,57세,중상
2019040800100163,2019년 4월 8일 08시,월요일,광주광역시 서구 매월동,경상사고,0,0,1,0,차대차 - 추돌,안전거리미확보,건조,맑음,단일로 - 기타,승용,남,61세,상해없음,승용,남,40세,경상
2019040800100164,2019년 4월 8일 08시,월요일,광주광역시 남구 주월동,중상사고,0,1,0,0,차대차 - 측면충돌,안전운전불이행,건조,맑음,교차로 - 교차로안,승용,남,57세,상해없음,자전거,남,77세,중상
2019040800100165,2019년 4월 8일 08시,월요일,광주광역시 남구 봉선동,경상사고,0,0,1,0,차대사람 - 횡단중,안전운전불이행,건조,맑음,단일로 - 기타,승용,여,55세,상해없음,보행자,남,68세,경상
2019040800100212,2019년 4월 8일 09시,월요일,광주광역시 서구 쌍촌동,중상사고,0,1,2,0,차대차 - 측면충돌,안전운전불이행,건조,맑음,교차로 - 교차로안,승용,남,27세,상해없음,승합,남,50세,경상
2019040800100272,2019년 4월 8일 11시,월요일,광주광역시 북구 운암동,경상사고,0,0,1,0,차대차 - 측면충돌,교차로운행방법위반,건조,맑음,교차로 - 교차로안,화물,남,67세,상해없음,승용,여,56세,경상
2019040800100273,2019년 4월 8일 11시,월요일,광주광역시 북구 운암동,경상사고,0,0,1,0,차대차 - 기타,안전거리미확보,건조,맑음,교차로 - 교차로부근,승용,여,48세,기타불명,승용,남,59세,경상
2019040800100303,2019년 4월 8일 12시,월요일,광주광역시 서구 매월동,경상사고,0,0,1,0,차대차 - 측면충돌,신호위반,건조,맑음,교차로 - 교차로안,화물,남,28세,상해없음,화물,남,49세,경상
2019040800100366,2019년 4월 8일 14시,월요일,광주광역시 북구 문흥동,경상사고,0,0,1,0,차대차 - 측면충돌,안전거리미확보,건조,맑음,단일로 - 기타,승용,여,31세,상해없음,이륜,남,23세,경상
2019040800100399,2019년 4월 8일 15시,월요일,광주광역시 북구 임동,경상사고,0,0,1,0,차대차 - 측면충돌,안전거리미확보,건조,맑음,단일로 - 기타,승용,여,49세,상해없음,승용,여,45세,경상
2019040800100477,2019년 4월 8일 17시,월요일,광주광역시 서구 금호동,중상사고,0,1,0,0,차대사람 - 차도통행중,안전운전불이행,건조,맑음,교차로 - 교차로부근,승용,남,38세,상해없음,보행자,여,67세,중상
2019040800100478,2019년 4월 8일 17시,월요일,광주광역시 서구 쌍촌동,경상사고,0,0,1,0,차대차 - 측면충돌,안전거리미확보,건조,맑음,단일로 - 기타,승합,남,63세,상해없음,승용,여,35세,경상
2019040800100479,2019년 4월 8일 17시,월요일,광주광역시 광산구 수완동,경상사고,0,0,1,0,차대차 - 측면충돌,안전운전불이행,건조,맑음,교차로 - 교차로횡단보도내,승용,여,39세,상해없음,자전거,남,17세,경상
2019040800100480,2019년 4월 8일 17시,월요일,광주광역시 광산구 운남동,경상사고,0,0,1,0,차대차 - 측면충돌,차로위반,건조,맑음,교차로 - 교차로안,승합,남,50세,상해없음,이륜,남,48세,경상
2019040800100481,2019년 4월 8일 17시,월요일,광주광역시 광산구 신가동,경상사고,0,0,1,0,차대차 - 측면충돌,신호위반,건조,맑음,교차로 - 교차로안,승용,남,24세,상해없음,이륜,남,31세,경상
2019040800100482,2019년 4월 8일 17시,월요일,광주광역시 광산구 월계동,경상사고,0,0,1,0,차대차 - 측면충돌,차로위반,건조,맑음,단일로 - 기타,화물,남,60세,상해없음,승용,여,44세,경상
2019040800100523,2019년 4월 8일 18시,월요일,광주광역시 서구 쌍촌동,부상신고사고,0,0,0,1,차대사람 - 횡단중,안전운전불이행,건조,맑음,단일로 - 기타,기타불명,기타불명,미분류,기타불명,보행자,여,44세,부상신고
2019040800100656,2019년 4월 8일 23시,월요일,광주광역시 서구 화정동,경상사고,0,0,1,0,차대차 - 측면충돌,신호위반,건조,맑음,교차로 - 교차로안,승용,남,42세,상해없음,승용,여,56세,경상
2019040900100034,2019년 4월 9일 00시,화요일,광주광역시 서구 벽진동,경상사고,0,0,1,2,차량단독 - 공작물충돌,안전운전불이행,건조,맑음,단일로 - 기타,승용,남,19세,경상,,,,
2019040900100046,2019년 4월 9일 01시,화요일,광주광역시 북구 용봉동,경상사고,0,0,3,0,차대사람 - 기타,안전운전불이행,건조,맑음,단일로 - 기타,승용,여,35세,상해없음,보행자,남,46세,경상
2019040900100141,2019년 4월 9일 08시,화요일,광주광역시 서구 치평동,경상사고,0,0,2,0,차대차 - 측면충돌,안전거리미확보,건조,맑음,단일로 - 기타,승용,여,29세,경상,화물,남,44세,경상
2019040900100142,2019년 4월 9일 08시,화요일,광주광역시 남구 주월동,경상사고,0,0,1,0,차대차 - 기타,안전거리미확보,건조,맑음,단일로 - 기타,승용,여,39세,상해없음,승합,남,59세,상해없음
2019040900100143,2019년 4월 9일 08시,화요일,광주광역시 북구 본촌동,경상사고,0,0,1,0,차대차 - 측면충돌,교차로운행방법위반,건조,맑음,교차로 - 교차로안,승용,여,44세,상해없음,승용,남,50세,경상
2019040900100173,2019년 4월 9일 09시,화요일,광주광역시 북구 운암동,경상사고,0,0,2,0,차대차 - 추돌,안전운전불이행,건조,맑음,교차로 - 교차로안,승용,남,19세,상해없음,승용,남,62세,경상
2019040900100174,2019년 4월 9일 09시,화요일,광주광역시 광산구 우산동,경상사고,0,0,1,0,차대사람 - 횡단중,안전운전불이행,건조,맑음,교차로 - 교차로안,화물,남,44세,상해없음,보행자,여,60세,경상
2019040900100224,2019년 4월 9일 11시,화요일,광주광역시 북구 누문동,경상사고,0,0,4,0,차대차 - 추돌,안전운전불이행,건조,맑음,단일로 - 기타,승용,남,79세,경상,승용,여,29세,경상
2019040900100225,2019년 4월 9일 11시,화요일,광주광역시 서구 농성동,경상사고,0,0,1,0,차대차 - 추돌,안전운전불이행,건조,맑음,단일로 - 기타,승용,남,55세,상해없음,승용,여,30세,경상
2019040900100226,2019년 4월 9일 11시,화요일,광주광역시 광산구 월계동,경상사고,0,0,1,0,차대차 - 측면충돌,안전운전불이행,건조,맑음,단일로 - 기타,자전거,여,19세,경상,승용,여,49세,상해없음
2019040900100253,2019년 4월 9일 12시,화요일,광주광역시 남구 진월동,경상사고,0,0,3,0,차대차 - 측면충돌,교차로운행방법위반,건조,맑음,교차로 - 교차로안,승용,남,46세,경상,승용,여,44세,경상
2019040900100307,2019년 4월 9일 14시,화요일,광주광역시 광산구 수완동,경상사고,0,0,2,0,차대차 - 기타,안전운전불이행,젖음/습기,비,단일로 - 기타,승용,남,26세,경상,승용,남,23세,경상
2019040900100373,2019년 4월 9일 16시,화요일,광주광역시 남구 봉선동,경상사고,0,0,1,0,차대차 - 기타,안전운전불이행,젖음/습기,비,교차로 - 교차로안,승용,여,50세,상해없음,이륜,남,40세,경상
2019040900100374,2019년 4월 9일 16시,화요일,광주광역시 광산구 신가동,경상사고,0,0,2,0,차대차 - 기타,안전거리미확보,젖음/습기,비,단일로 - 기타,승용,남,24세,경상,승용,여,55세,경상
2019040900100412,2019년 4월 9일 17시,화요일,광주광역시 광산구 신가동,경상사고,0,0,1,0,차대차 - 추돌,안전거리미확보,젖음/습기,비,교차로 - 교차로부근,승용,여,51세,상해없음,승용,여,33세,경상
2019040900100413,2019년 4월 9일 17시,화요일,광주광역시 광산구 우산동,경상사고,0,0,1,1,차대차 - 측면충돌,신호위반,젖음/습기,비,단일로 - 기타,승용,남,55세,상해없음,건설기계,남,51세,부상신고
2019040900100632,2019년 4월 9일 21시,화요일,광주광역시 서구 화정동,경상사고,0,0,2,0,차대차 - 추돌,안전거리미확보,젖음/습기,비,단일로 - 기타,승용,남,56세,상해없음,승용,여,58세,경상
2019040900100633,2019년 4월 9일 21시,화요일,광주광역시 남구 봉선동,경상사고,0,0,1,0,차대차 - 측면충돌,차로위반,젖음/습기,비,단일로 - 기타,승용,남,69세,상해없음,이륜,남,16세,경상
2019040900100634,2019년 4월 9일 21시,화요일,광주광역시 남구 주월동,경상사고,0,0,2,0,차대차 - 측면충돌,차로위반,건조,맑음,단일로 - 기타,화물,남,64세,상해없음,승용,여,61세,경상
2019040900100694,2019년 4월 9일 22시,화요일,광주광역시 서구 금호동,중상사고,0,1,0,0,차대사람 - 횡단중,신호위반,젖음/습기,비,교차로 - 교차로안,이륜,남,53세,상해없음,보행자,여,52세,중상
2019040900100695,2019년 4월 9일 22시,화요일,광주광역시 북구 운암동,경상사고,0,0,1,0,차대사람 - 횡단중,보행자보호의무위반,젖음/습기,비,교차로 - 교차로안,기타불명,기타불명,미분류,기타불명,보행자,여,39세,경상
2019040900100753,2019년 4월 9일 23시,화요일,광주광역시 북구 동림동,경상사고,0,0,3,0,차대차 - 측면충돌,중앙선침범,젖음/습기,비,단일로 - 기타,승용,남,57세,상해없음,승용,남,46세,경상
2019040900100754,2019년 4월 9일 23시,화요일,광주광역시 광산구 송정동,경상사고,0,0,2,0,차대차 - 추돌,안전운전불이행,젖음/습기,비,단일로 - 기타,승용,남,29세,상해없음,승용,여,33세,경상
2019040900100755,2019년 4월 9일 23시,화요일,광주광역시 광산구 신가동,경상사고,0,0,4,0,차대차 - 추돌,교차로운행방법위반,젖음/습기,비,교차로 - 교차로안,승용,남,61세,경상,승용,남,46세,상해없음
2019041000100159,2019년 4월 10일 08시,수요일,광주광역시 서구 화정동,경상사고,0,0,2,0,차대차 - 측면충돌,신호위반,건조,맑음,교차로 - 교차로안,승용,여,49세,경상,승용,여,24세,경상
2019041000100160,2019년 4월 10일 08시,수요일,광주광역시 북구 일곡동,중상사고,0,1,2,0,차대차 - 기타,교차로운행방법위반,건조,맑음,교차로 - 교차로안,화물,남,56세,중상,승합,남,46세,상해없음
2019041000100161,2019년 4월 10일 08시,수요일,광주광역시 북구 운암동,경상사고,0,0,2,0,차대차 - 측면충돌,교차로운행방법위반,건조,맑음,교차로 - 교차로안,승용,여,72세,상해없음,승용,남,38세,경상
2019041000100162,2019년 4월 10일 08시,수요일,광주광역시 광산구 비아동,중상사고,0,1,1,0,차대차 - 측면충돌,신호위반,건조,맑음,단일로 - 기타,승용,여,46세,기타불명,승용,남,68세,중상
2019041000100195,2019년 4월 10일 09시,수요일,광주광역시 북구 중흥동,경상사고,0,0,1,0,차대차 - 기타,교차로운행방법위반,건조,맑음,교차로 - 교차로안,승용,남,77세,상해없음,승용,남,35세,경상
2019041000100227,2019년 4월 10일 10시,수요일,광주광역시 남구 주월동,중상사고,0,1,0,0,차대사람 - 횡단중,보행자보호의무위반,건조,맑음,단일로 - 기타,화물,남,47세,상해없음,보행자,여,63세,중상
2019041000100228,2019년 4월 10일 10시,수요일,광주광역시 북구 유동,경상사고,0,0,1,0,차대차 - 측면충돌,안전운전불이행,건조,맑음,단일로 - 기타,승용,여,49세,상해없음,승용,남,61세,경상
2019041000100267,2019년 4월 10일 11시,수요일,광주광역시 남구 송하동,경상사고,0,0,1,0,차대차 - 기타,신호위반,건조,맑음,단일로 - 기타,승용,여,49세,상해없음,자전거,남,74세,경상
2019041000100347,2019년 4월 10일 14시,수요일,광주광역시 서구 치평동,경상사고,0,0,3,0,차대차 - 기타,신호위반,건조,맑음,교차로 - 교차로안,승용,여,31세,경상,승용,남,62세,경상
2019041000100411,2019년 4월 10일 16시,수요일,광주광역시 서구 쌍촌동,경상사고,0,0,3,0,차대차 - 측면충돌,안전거리미확보,건조,맑음,단일로 - 기타,승용,남,22세,경상,화물,남,31세,경상
2019041000100412,2019년 4월 10일 16시,수요일,광주광역시 북구 신안동,부상신고사고,0,0,0,1,차대사람 - 기타,안전운전불이행,건조,맑음,단일로 - 기타,기타불명,기타불명,미분류,기타불명,보행자,여,21세,부상신고
2019041000100456,2019년 4월 10일 17시,수요일,광주광역시 서구 광천동,경상사고,0,0,2,0,차대차 - 추돌,안전운전불이행,건조,맑음,교차로 - 교차로부근,승용,남,49세,상해없음,승용,여,35세,경상
2019041000100457,2019년 4월 10일 17시,수요일,광주광역시 북구 오치동,경상사고,0,0,3,0,차대차 - 측면충돌,안전운전불이행,건조,맑음,교차로 - 교차로안,승용,남,70세,경상,승용,남,62세,경상
2019041000100495,2019년 4월 10일 18시,수요일,광주광역시 남구 봉선동,경상사고,0,0,1,0,차대차 - 측면충돌,교차로운행방법위반,건조,맑음,교차로 - 교차로안,승용,여,58세,상해없음,승용,남,38세,경상
2019041000100496,2019년 4월 10일 18시,수요일,광주광역시 광산구 장덕동,경상사고,0,0,2,0,차대차 - 측면충돌,교차로운행방법위반,건조,맑음,교차로 - 교차로안,승용,여,33세,경상,화물,남,51세,경상
2019041000100497,2019년 4월 10일 18시,수요일,광주광역시 광산구 소촌동,중상사고,0,1,0,0,차대차 - 측면충돌,교차로운행방법위반,건조,맑음,교차로 - 교차로안,원동기,남,64세,중상,승용,남,35세,상해없음
2019041000100535,2019년 4월 10일 19시,수요일,광주광역시 서구 유촌동,경상사고,0,0,3,0,차대차 - 측면충돌,안전운전불이행,건조,맑음,교차로 - 교차로안,승용,남,37세,경상,승용,남,69세,경상
2019041000100536,2019년 4월 10일 19시,수요일,광주광역시 북구 일곡동,경상사고,0,0,1,0,차대차 - 측면충돌,신호위반,건조,맑음,교차로 - 교차로안,승용,남,63세,상해없음,승용,여,41세,경상
2019041000100568,2019년 4월 10일 20시,수요일,광주광역시 서구 치평동,경상사고,0,0,7,0,차대차 - 측면충돌,교차로운행방법위반,건조,맑음,교차로 - 교차로안,승용,여,25세,경상,승용,여,25세,경상
2019041000100569,2019년 4월 10일 20시,수요일,광주광역시 북구 일곡동,경상사고,0,0,2,0,차대차 - 기타,안전운전불이행,건조,맑음,단일로 - 기타,승용,남,57세,상해없음,승용,여,28세,경상
2019041000100594,2019년 4월 10일 21시,수요일,광주광역시 서구 유촌동,경상사고,0,0,1,0,차대차 - 추돌,안전운전불이행,건조,맑음,교차로 - 교차로부근,승용,여,49세,상해없음,승용,남,50세,경상
2019041000100595,2019년 4월 10일 21시,수요일,광주광역시 북구 용봉동,경상사고,0,0,1,0,차대차 - 기타,신호위반,건조,맑음,교차로 - 교차로안,승용,남,39세,상해없음,승용,남,38세,경상
2019041000100621,2019년 4월 10일 22시,수요일,광주광역시 남구 칠석동,중상사고,0,2,4,0,차대차 - 추돌,안전운전불이행,건조,맑음,교차로 - 교차로부근,화물,남,58세,상해없음,승용,남,24세,중상
2019041000100622,2019년 4월 10일 22시,수요일,광주광역시 남구 백운동,경상사고,0,0,1,0,차량단독 - 기타,안전운전불이행,젖음/습기,비,단일로 - 기타,승합,남,45세,상해없음,,,,
2019041000100623,2019년 4월 10일 22시,수요일,광주광역시 광산구 신가동,중상사고,0,1,0,0,차대차 - 측면충돌,안전운전불이행,건조,맑음,단일로 - 기타,승용,남,20세,상해없음,이륜,남,19세,중상
2019041000100651,2019년 4월 10일 23시,수요일,광주광역시 광산구 산정동,경상사고,0,0,2,0,차대차 - 정면충돌,안전운전불이행,건조,맑음,교차로 - 교차로안,승용,남,64세,상해없음,승용,남,27세,경상
2019041100100060,2019년 4월 11일 04시,목요일,광주광역시 남구 주월동,경상사고,0,0,1,0,차대차 - 측면충돌,신호위반,건조,맑음,교차로 - 교차로안,승용,여,55세,상해없음,승용,남,35세,경상
2019041100100061,2019년 4월 11일 04시,목요일,광주광역시 남구 월산동,경상사고,0,0,1,0,차대차 - 기타,신호위반,건조,맑음,교차로 - 교차로안,승용,남,28세,상해없음,승용,남,27세,경상
2019041100100077,2019년 4월 11일 05시,목요일,광주광역시 서구 치평동,경상사고,0,0,1,0,차대차 - 정면충돌,안전운전불이행,건조,맑음,단일로 - 기타,승용,남,23세,상해없음,승용,남,37세,기타불명
2019041100100092,2019년 4월 11일 06시,목요일,광주광역시 북구 일곡동,경상사고,0,0,1,0,차대차 - 추돌,안전운전불이행,건조,맑음,단일로 - 기타,화물,남,69세,경상,특수,남,56세,상해없음
2019041100100160,2019년 4월 11일 08시,목요일,광주광역시 서구 풍암동,경상사고,0,0,2,0,차대차 - 기타,안전운전불이행,건조,맑음,기타 - 기타,승용,남,68세,경상,화물,남,27세,경상
2019041100100219,2019년 4월 11일 10시,목요일,광주광역시 북구 운암동,경상사고,0,0,1,0,차대차 - 추돌,안전거리미확보,건조,맑음,교차로 - 교차로부근,화물,남,68세,상해없음,승용,남,51세,경상
2019041100100306,2019년 4월 11일 13시,목요일,광주광역시 서구 치평동,경상사고,0,0,2,0,차대차 - 측면충돌,신호위반,건조,맑음,교차로 - 교차로안,승용,여,70세,상해없음,승용,여,36세,경상
2019041100100307,2019년 4월 11일 13시,목요일,광주광역시 광산구 신가동,중상사고,0,1,0,0,차대사람 - 기타,안전운전불이행,건조,맑음,단일로 - 기타,승용,남,60세,상해없음,보행자,남,53세,중상
2019041100100418,2019년 4월 11일 17시,목요일,광주광역시 북구 용두동,경상사고,0,0,1,0,차대차 - 측면충돌,안전운전불이행,건조,맑음,교차로 - 교차로부근,승용,남,68세,상해없음,승용,여,67세,경상
2019041100100455,2019년 4월 11일 18시,목요일,광주광역시 서구 쌍촌동,경상사고,0,0,1,0,차대차 - 측면충돌,안전거리미확보,건조,맑음,단일로 - 기타,승용,남,39세,상해없음,승용,남,30세,경상
2019041100100456,2019년 4월 11일 18시,목요일,광주광역시 서구 치평동,경상사고,0,0,1,0,차대차 - 기타,기타,건조,맑음,교차로 - 교차로안,승용,여,48세,상해없음,승용,남,41세,경상
2019041100100457,2019년 4월 11일 18시,목요일,광주광역시 남구 송하동,경상사고,0,0,1,0,차대차 - 측면충돌,안전거리미확보,건조,맑음,단일로 - 기타,승용,남,27세,상해없음,승용,여,42세,경상
2019041100100495,2019년 4월 11일 19시,목요일,광주광역시 서구 풍암동,경상사고,0,0,2,0,차대차 - 추돌,안전운전불이행,건조,맑음,단일로 - 기타,승용,남,28세,상해없음,승용,남,46세,경상
2019041100100496,2019년 4월 11일 19시,목요일,광주광역시 남구 주월동,경상사고,0,0,1,0,차대사람 - 횡단중,안전운전불이행,건조,맑음,교차로 - 교차로안,승용,남,72세,상해없음,보행자,여,16세,경상
2019041100100497,2019년 4월 11일 19시,목요일,광주광역시 광산구 수완동,경상사고,0,0,1,0,차대차 - 측면충돌,중앙선침범,건조,맑음,단일로 - 기타,승용,남,22세,상해없음,이륜,남,17세,경상
2019041100100523,2019년 4월 11일 20시,목요일,광주광역시 남구 봉선동,경상사고,0,0,1,0,차대차 - 측면충돌,안전거리미확보,건조,맑음,단일로 - 기타,승용,남,51세,상해없음,원동기,남,18세,경상
2019041100100524,2019년 4월 11일 20시,목요일,광주광역시 광산구 소촌동,경상사고,0,0,1,0,차대차 - 기타,중앙선침범,건조,맑음,교차로 - 교차로부근,승용,남,54세,상해없음,이륜,남,56세,경상
2019041100100525,2019년 4월 11일 20시,목요일,광주광역시 광산구 수완동,경상사고,0,0,2,0,차대차 - 기타,안전거리미확보,건조,맑음,교차로 - 교차로부근,승용,남,57세,상해없음,승용,여,38세,경상
2019041100100557,2019년 4월 11일 21시,목요일,광주광역시 서구 쌍촌동,경상사고,0,0,1,0,차대차 - 기타,중앙선침범,건조,맑음,단일로 - 기타,승용,여,61세,상해없음,이륜,남,22세,경상
2019041100100558,2019년 4월 11일 21시,목요일,광주광역시 북구 오치동,경상사고,0,0,1,0,차대사람 - 기타,보행자보호의무위반,건조,맑음,교차로 - 교차로횡단보도내,승용,여,47세,상해없음,보행자,남,39세,경상
2019041100100580,2019년 4월 11일 22시,목요일,광주광역시 북구 운암동,경상사고,0,0,1,0,차대차 - 측면충돌,안전운전불이행,건조,맑음,교차로 - 교차로안,기타불명,기타불명,미분류,기타불명,승용,여,56세,경상
2019041100100581,2019년 4월 11일 22시,목요일,광주광역시 광산구 운남동,경상사고,0,0,1,0,차대차 - 측면충돌,신호위반,건조,맑음,교차로 - 교차로안,기타불명,기타불명,미분류,기타불명,이륜,남,30세,경상
2019041100100582,2019년 4월 11일 22시,목요일,광주광역시 광산구 소촌동,경상사고,0,0,2,0,차대차 - 측면충돌,안전거리미확보,건조,맑음,교차로 - 교차로안,승용,여,37세,경상,승용,남,23세,경상
2019041200100028,2019년 4월 12일 00시,금요일,광주광역시 북구 두암동,경상사고,0,0,1,0,차대차 - 측면충돌,차로위반,건조,맑음,단일로 - 기타,승용,남,61세,상해없음,이륜,남,18세,경상
2019041200100029,2019년 4월 12일 00시,금요일,광주광역시 북구 삼각동,경상사고,0,0,1,0,차대차 - 기타,안전운전불이행,건조,맑음,단일로 - 기타,승용,남,57세,경상,승용,남,36세,상해없음
2019041200100030,2019년 4월 12일 00시,금요일,광주광역시 광산구 신창동,중상사고,0,1,2,0,차대차 - 정면충돌,신호위반,건조,맑음,교차로 - 교차로안,승용,남,42세,경상,승용,남,48세,중상
2019041200100049,2019년 4월 12일 02시,금요일,광주광역시 동구 대인동,경상사고,0,0,1,0,차대차 - 정면충돌,신호위반,건조,맑음,교차로 - 교차로안,승용,남,31세,상해없음,승용,여,48세,경상
2019041200100053,2019년 4월 12일 03시,금요일,광주광역시 서구 쌍촌동,경상사고,0,0,1,0,차대차 - 추돌,안전운전불이행,건조,맑음,교차로 - 교차로부근,승용,남,35세,상해없음,승용,남,65세,경상
2019041200100109,2019년 4월 12일 07시,금요일,광주광역시 남구 대지동,중상사고,0,1,1,0,차대차 - 추돌,안전거리미확보,건조,맑음,단일로 - 기타,승용,남,71세,상해없음,승용,여,52세,중상
2019041200100110,2019년 4월 12일 07시,금요일,광주광역시 광산구 송정동,경상사고,0,0,1,0,차대차 - 측면충돌,안전운전불이행,건조,맑음,단일로 - 기타,승용,여,51세,상해없음,승용,남,41세,경상
2019041200100151,2019년 4월 12일 08시,금요일,광주광역시 서구 벽진동,경상사고,0,0,1,0,차대차 - 추돌,안전운전불이행,건조,맑음,단일로 - 기타,승용,여,47세,상해없음,승용,여,48세,경상