사고번호,사고일시,요일,시군구,사고내용,사망자수,중상자수,경상자수,부상신고자수,사고유형,법규위반,노면상태,기상상태,도로형태,가해운전자 차종,가해운전자 성별,가해운전자 연령,가해운전자 상해정도,피해운전자 차종,피해운전자 성별,피해운전자 연령,피해운전자 상해정도
2019041200100152,2019년 4월 12일 08시,금요일,광주광역시 서구 치평동,경상사고,0,0,2,1,차대차 - 측면충돌,직진우회전진행방해,건조,맑음,교차로 - 교차로안,승용,남,56세,경상,승용,여,33세,경상
2019041200100153,2019년 4월 12일 08시,금요일,광주광역시 북구 매곡동,경상사고,0,0,1,0,차대사람 - 차도통행중,신호위반,건조,맑음,단일로 - 기타,승용,여,72세,상해없음,보행자,남,59세,경상
2019041200100154,2019년 4월 12일 08시,금요일,광주광역시 북구 양산동,경상사고,0,0,3,0,차대차 - 기타,안전운전불이행,건조,맑음,교차로 - 교차로안,승용,남,71세,경상,승용,남,58세,경상
2019041200100191,2019년 4월 12일 09시,금요일,광주광역시 서구 쌍촌동,경상사고,0,0,1,0,차대차 - 측면충돌,안전거리미확보,건조,맑음,단일로 - 기타,승용,남,55세,상해없음,승용,남,36세,경상
2019041200100192,2019년 4월 12일 09시,금요일,광주광역시 북구 본촌동,경상사고,0,0,1,0,차대차 - 측면충돌,교차로운행방법위반,건조,맑음,교차로 - 교차로부근,승용,여,48세,기타불명,승용,여,50세,경상
2019041200100227,2019년 4월 12일 10시,금요일,광주광역시 서구 치평동,경상사고,0,0,1,0,차대차 - 기타,안전운전불이행,건조,맑음,교차로 - 교차로부근,승용,여,53세,상해없음,이륜,남,48세,경상
2019041200100307,2019년 4월 12일 13시,금요일,광주광역시 북구 두암동,중상사고,0,1,0,0,차량단독 - 기타,안전운전불이행,건조,맑음,단일로 - 기타,승용,여,55세,상해없음,,,,
2019041200100373,2019년 4월 12일 15시,금요일,광주광역시 서구 치평동,경상사고,0,0,1,0,차대차 - 측면충돌,교차로운행방법위반,건조,맑음,교차로 - 교차로안,승용,여,52세,상해없음,승용,남,67세,경상
2019041200100374,2019년 4월 12일 15시,금요일,광주광역시 광산구 신가동,경상사고,0,0,1,0,차대차 - 측면충돌,신호위반,건조,맑음,교차로 - 교차로안,이륜,남,34세,경상,화물,남,55세,상해없음
2019041200100412,2019년 4월 12일 16시,금요일,광주광역시 북구 동림동,경상사고,0,0,1,0,차대차 - 측면충돌,차로위반,건조,맑음,단일로 - 기타,승용,남,36세,상해없음,승용,남,30세,경상
2019041200100413,2019년 4월 12일 16시,금요일,광주광역시 북구 유동,경상사고,0,0,3,0,차대차 - 측면충돌,안전거리미확보,건조,맑음,교차로 - 교차로안,승합,남,63세,상해없음,승용,남,24세,경상
2019041200100414,2019년 4월 12일 16시,금요일,광주광역시 북구 동림동,경상사고,0,0,1,0,차대차 - 기타,안전운전불이행,건조,맑음,교차로 - 교차로부근,승용,여,49세,상해없음,승용,여,57세,경상
2019041200100459,2019년 4월 12일 17시,금요일,광주광역시 서구 양동,중상사고,0,1,0,0,차대사람 - 기타,안전운전불이행,건조,맑음,단일로 - 기타,승용,여,57세,상해없음,보행자,여,52세,중상
2019041200100460,2019년 4월 12일 17시,금요일,광주광역시 광산구 월전동,경상사고,0,0,1,0,차대차 - 측면충돌,신호위반,건조,맑음,단일로 - 기타,화물,남,49세,상해없음,승용,남,25세,경상
2019041200100619,2019년 4월 12일 21시,금요일,광주광역시 서구 치평동,경상사고,0,0,1,0,차대차 - 기타,안전운전불이행,건조,맑음,교차로 - 교차로안,승용,여,26세,상해없음,승용,남,55세,상해없음
2019041200100645,2019년 4월 12일 22시,금요일,광주광역시 북구 두암동,중상사고,0,1,0,0,차대사람 - 보도통행중,보행자보호의무위반,건조,맑음,교차로 - 교차로부근,승용,여,44세,상해없음,보행자,여,63세,중상
2019041200100646,2019년 4월 12일 22시,금요일,광주광역시 광산구 하남동,중상사고,0,1,0,0,차대사람 - 횡단중,신호위반,건조,맑음,단일로 - 기타,화물,남,48세,상해없음,보행자,남,19세,중상
2019041200100647,2019년 4월 12일 22시,금요일,광주광역시 광산구 신촌동,경상사고,0,0,1,0,차대차 - 추돌,안전운전불이행,건조,맑음,단일로 - 기타,승용,남,63세,상해없음,승용,남,47세,상해없음
2019041300100051,2019년 4월 13일 01시,토요일,광주광역시 북구 풍향동,경상사고,0,0,1,0,차대차 - 측면충돌,안전운전불이행,건조,맑음,교차로 - 교차로부근,승용,남,40세,상해없음,승용,남,52세,경상
2019041300100075,2019년 4월 13일 02시,토요일,광주광역시 서구 광천동,경상사고,0,0,1,0,차대차 - 측면충돌,신호위반,건조,맑음,교차로 - 교차로안,승용,남,25세,상해없음,승용,남,23세,경상
2019041300100076,2019년 4월 13일 02시,토요일,광주광역시 서구 쌍촌동,중상사고,0,1,1,0,차대차 - 추돌,안전운전불이행,건조,맑음,단일로 - 기타,승용,남,45세,상해없음,승용,남,67세,경상
2019041300100077,2019년 4월 13일 02시,토요일,광주광역시 남구 봉선동,중상사고,0,1,2,0,차대차 - 기타,신호위반,건조,맑음,교차로 - 교차로안,승용,남,58세,상해없음,승용,남,65세,경상
2019041300100160,2019년 4월 13일 08시,토요일,광주광역시 남구 방림동,경상사고,0,0,1,0,차대차 - 측면충돌,교차로운행방법위반,건조,맑음,교차로 - 교차로안,승용,여,29세,상해없음,승용,남,64세,경상
2019041300100186,2019년 4월 13일 09시,토요일,광주광역시 북구 신안동,경상사고,0,0,1,0,차대차 - 측면충돌,안전운전불이행,건조,맑음,단일로 - 기타,승용,남,29세,상해없음,이륜,남,55세,경상
2019041300100221,2019년 4월 13일 10시,토요일,광주광역시 광산구 도천동,경상사고,0,0,5,0,차대차 - 측면충돌,안전거리미확보,건조,맑음,단일로 - 기타,승용,여,42세,상해없음,승합,남,42세,경상
2019041300100263,2019년 4월 13일 11시,토요일,광주광역시 동구 동명동,경상사고,0,0,1,0,차대차 - 추돌,안전거리미확보,건조,맑음,교차로 - 교차로부근,승용,남,42세,상해없음,승용,남,32세,경상
2019041300100264,2019년 4월 13일 11시,토요일,광주광역시 북구 운암동,경상사고,0,0,2,0,차대차 - 추돌,안전거리미확보,건조,맑음,단일로 - 기타,승용,남,59세,상해없음,승용,남,66세,경상
2019041300100303,2019년 4월 13일 12시,토요일,광주광역시 북구 우산동,중상사고,0,1,0,0,차대차 - 측면충돌,교차로운행방법위반,건조,맑음,교차로 - 교차로안,승용,남,28세,상해없음,이륜,남,71세,중상
2019041300100304,2019년 4월 13일 12시,토요일,광주광역시 광산구 비아동,경상사고,0,0,2,0,차대차 - 추돌,신호위반,건조,맑음,단일로 - 기타,승용,남,35세,경상,승용,남,32세,경상
2019041300100353,2019년 4월 13일 13시,토요일,광주광역시 남구 진월동,경상사고,0,0,7,0,차대차 - 기타,차로위반,건조,맑음,단일로 - 기타,이륜,남,36세,경상,화물,남,57세,경상
2019041300100463,2019년 4월 13일 16시,토요일,광주광역시 서구 풍암동,중상사고,0,1,0,0,차대사람 - 기타,안전운전불이행,건조,맑음,단일로 - 기타,승용,남,68세,상해없음,보행자,여,51세,중상
2019041300100685,2019년 4월 13일 22시,토요일,광주광역시 남구 진월동,경상사고,0,0,2,0,차대차 - 기타,안전거리미확보,건조,맑음,단일로 - 기타,승합,남,53세,상해없음,승용,남,24세,경상
2019041300100686,2019년 4월 13일 22시,토요일,광주광역시 남구 방림동,경상사고,0,0,2,0,차대차 - 측면충돌,안전운전불이행,건조,흐림,단일로 - 기타,승용,여,23세,상해없음,승용,남,32세,경상
2019041300100687,2019년 4월 13일 22시,토요일,광주광역시 북구 오치동,경상사고,0,0,1,0,차대차 - 측면충돌,신호위반,건조,맑음,교차로 - 교차로안,승용,여,28세,상해없음,이륜,남,64세,경상
2019041300100688,2019년 4월 13일 22시,토요일,광주광역시 광산구 수완동,경상사고,0,0,1,0,차대차 - 측면충돌,안전거리미확보,건조,맑음,단일로 - 기타,승용,남,24세,상해없음,승용,남,48세,경상
2019041300100700,2019년 4월 13일 23시,토요일,광주광역시 서구 매월동,부상신고사고,0,0,0,1,차량단독 - 공작물충돌,안전운전불이행,건조,맑음,단일로 - 기타,화물,남,24세,부상신고,,,,
2019041400100034,2019년 4월 14일 00시,일요일,광주광역시 북구 용봉동,경상사고,0,0,2,0,차대차 - 측면충돌,차로위반,건조,맑음,교차로 - 교차로부근,승용,남,39세,상해없음,승용,남,50세,경상
2019041400100035,2019년 4월 14일 00시,일요일,광주광역시 광산구 월곡동,경상사고,0,0,1,0,차대차 - 측면충돌,안전운전불이행,건조,맑음,단일로 - 기타,승용,남,51세,상해없음,승용,남,30세,경상
2019041400100050,2019년 4월 14일 01시,일요일,광주광역시 동구 산수동,경상사고,0,0,1,0,차대사람 - 횡단중,보행자보호의무위반,건조,맑음,단일로 - 기타,기타불명,기타불명,미분류,기타불명,보행자,남,52세,경상
2019041400100066,2019년 4월 14일 03시,일요일,광주광역시 서구 치평동,경상사고,0,0,3,0,차대차 - 측면충돌,교차로운행방법위반,건조,맑음,교차로 - 교차로안,승용,남,44세,상해없음,승용,남,19세,경상
2019041400100067,2019년 4월 14일 03시,일요일,광주광역시 남구 백운동,경상사고,0,0,1,0,차대차 - 측면충돌,신호위반,건조,맑음,교차로 - 교차로안,승용,남,61세,상해없음,승용,남,62세,상해없음
2019041400100086,2019년 4월 14일 05시,일요일,광주광역시 서구 화정동,경상사고,0,0,1,0,차대사람 - 기타,신호위반,건조,맑음,교차로 - 교차로횡단보도내,승용,남,65세,상해없음,보행자,여,37세,경상
2019041400100103,2019년 4월 14일 07시,일요일,광주광역시 서구 유촌동,경상사고,0,0,1,1,차대차 - 측면충돌,안전거리미확보,건조,맑음,단일로 - 기타,승용,남,58세,상해없음,승용,남,29세,경상
2019041400100104,2019년 4월 14일 07시,일요일,광주광역시 광산구 우산동,경상사고,0,0,2,0,차대차 - 측면충돌,신호위반,건조,맑음,교차로 - 교차로안,승용,남,63세,상해없음,승용,남,49세,경상
2019041400100113,2019년 4월 14일 08시,일요일,광주광역시 북구 양산동,경상사고,0,0,2,0,차대차 - 측면충돌,교차로운행방법위반,건조,맑음,교차로 - 교차로안,승용,여,49세,상해없음,승용,남,60세,경상
2019041400100149,2019년 4월 14일 10시,일요일,광주광역시 서구 농성동,경상사고,0,0,1,0,차대차 - 기타,안전운전불이행,건조,맑음,단일로 - 기타,이륜,남,50세,경상,승용,여,42세,상해없음
2019041400100168,2019년 4월 14일 11시,일요일,광주광역시 서구 광천동,경상사고,0,0,4,0,차대차 - 측면충돌,교차로운행방법위반,건조,맑음,교차로 - 교차로안,이륜,남,49세,경상,승용,여,38세,경상
2019041400100185,2019년 4월 14일 12시,일요일,광주광역시 광산구 용봉동,중상사고,0,1,1,0,차대차 - 측면충돌,안전운전불이행,젖음/습기,비,단일로 - 기타,화물,남,50세,상해없음,승용,여,42세,중상
2019041400100323,2019년 4월 14일 17시,일요일,광주광역시 광산구 비아동,경상사고,0,0,1,1,차대차 - 측면충돌,신호위반,건조,맑음,교차로 - 교차로안,승용,남,25세,부상신고,승용,남,49세,경상
2019041400100424,2019년 4월 14일 21시,일요일,광주광역시 남구 진월동,경상사고,0,0,2,0,차대차 - 측면충돌,안전운전불이행,건조,맑음,교차로 - 교차로부근,승용,남,56세,상해없음,이륜,남,31세,경상
2019041400100459,2019년 4월 14일 23시,일요일,광주광역시 북구 우산동,경상사고,0,0,1,0,차대사람 - 횡단중,신호위반,건조,맑음,단일로 - 기타,승용,남,47세,상해없음,보행자,여,18세,경상
2019041500100043,2019년 4월 15일 02시,월요일,광주광역시 광산구 신창동,경상사고,0,0,1,0,차대차 - 측면충돌,신호위반,건조,맑음,교차로 - 교차로안,승용,남,21세,상해없음,승용,남,54세,경상
2019041500100096,2019년 4월 15일 07시,월요일,광주광역시 서구 유촌동,경상사고,0,0,1,0,차대차 - 기타,안전운전불이행,건조,맑음,교차로 - 교차로안,건설기계,남,61세,상해없음,건설기계,남,65세,경상
2019041500100097,2019년 4월 15일 07시,월요일,광주광역시 북구 운암동,경상사고,0,0,1,0,차대차 - 측면충돌,안전거리미확보,건조,맑음,단일로 - 기타,승용,남,32세,상해없음,승용,남,51세,상해없음
2019041500100156,2019년 4월 15일 08시,월요일,광주광역시 북구 운암동,경상사고,0,0,1,1,차대차 - 추돌,안전운전불이행,건조,맑음,단일로 - 기타,승용,여,56세,상해없음,승용,여,52세,경상
2019041500100157,2019년 4월 15일 08시,월요일,광주광역시 광산구 수완동,중상사고,0,1,0,0,차대차 - 측면충돌,안전거리미확보,건조,맑음,단일로 - 기타,승용,여,22세,상해없음,이륜,여,74세,중상
2019041500100196,2019년 4월 15일 09시,월요일,광주광역시 북구 연제동,경상사고,0,0,2,0,차대차 - 추돌,안전거리미확보,건조,맑음,단일로 - 기타,승용,여,58세,상해없음,승용,남,36세,경상
2019041500100234,2019년 4월 15일 10시,월요일,광주광역시 서구 풍암동,경상사고,0,0,1,1,차대차 - 측면충돌,기타,건조,맑음,교차로 - 교차로안,승용,남,21세,부상신고,승용,남,56세,경상
2019041500100256,2019년 4월 15일 11시,월요일,광주광역시 남구 진월동,경상사고,0,0,2,0,차대차 - 추돌,안전거리미확보,건조,맑음,단일로 - 기타,화물,남,69세,상해없음,화물,남,62세,경상
2019041500100283,2019년 4월 15일 12시,월요일,광주광역시 동구 계림동,경상사고,0,0,1,0,차대사람 - 길가장자리구역통행중,안전운전불이행,건조,맑음,단일로 - 기타,화물,남,59세,상해없음,보행자,남,59세,경상
2019041500100284,2019년 4월 15일 12시,월요일,광주광역시 동구 지산동,경상사고,0,0,2,0,차대차 - 측면충돌,차로위반,건조,맑음,단일로 - 기타,승용,여,25세,상해없음,승용,여,64세,경상
2019041500100285,2019년 4월 15일 12시,월요일,광주광역시 남구 구동,경상사고,0,0,1,0,차대차 - 추돌,안전운전불이행,건조,맑음,단일로 - 기타,화물,남,57세,상해없음,승용,남,54세,경상
2019041500100330,2019년 4월 15일 13시,월요일,광주광역시 광산구 산정동,경상사고,0,0,4,0,차대차 - 측면충돌,안전거리미확보,건조,맑음,단일로 - 기타,승용,여,39세,경상,승용,남,34세,경상
2019041500100331,2019년 4월 15일 13시,월요일,광주광역시 광산구 수완동,중상사고,0,1,0,0,차대차 - 추돌,안전운전불이행,건조,맑음,단일로 - 기타,승용,남,34세,기타불명,승용,여,45세,중상
2019041500100375,2019년 4월 15일 14시,월요일,광주광역시 서구 농성동,경상사고,0,0,1,0,차대차 - 추돌,안전거리미확보,건조,맑음,교차로 - 교차로횡단보도내,승합,남,34세,상해없음,승용,남,38세,경상
2019041500100423,2019년 4월 15일 15시,월요일,광주광역시 동구 산수동,경상사고,0,0,1,0,차대차 - 측면충돌,안전운전불이행,건조,맑음,기타 - 기타,승용,여,39세,상해없음,승용,여,66세,경상
2019041500100424,2019년 4월 15일 15시,월요일,광주광역시 북구 운암동,중상사고,0,1,0,0,차대차 - 기타,안전거리미확보,건조,맑음,단일로 - 기타,이륜,남,78세,중상,화물,남,40세,상해없음
2019041500100425,2019년 4월 15일 15시,월요일,광주광역시 북구 용두동,경상사고,0,0,3,0,차대차 - 측면충돌,안전거리미확보,건조,맑음,단일로 - 기타,승용,여,47세,경상,승용,남,49세,경상
2019041500100426,2019년 4월 15일 15시,월요일,광주광역시 광산구 송정동,중상사고,0,2,0,0,차대차 - 측면충돌,교차로운행방법위반,건조,맑음,교차로 - 교차로안,화물,남,63세,상해없음,이륜,남,62세,중상
2019041500100480,2019년 4월 15일 16시,월요일,광주광역시 북구 용봉동,경상사고,0,0,1,0,차대차 - 측면충돌,교차로운행방법위반,건조,맑음,교차로 - 교차로안,승용,여,60세,상해없음,자전거,남,24세,경상
2019041500100481,2019년 4월 15일 16시,월요일,광주광역시 북구 운암동,경상사고,0,0,1,0,차대사람 - 횡단중,안전운전불이행,건조,맑음,교차로 - 교차로횡단보도내,승용,남,74세,상해없음,보행자,남,37세,경상
2019041500100534,2019년 4월 15일 17시,월요일,광주광역시 광산구 소촌동,경상사고,0,0,1,0,차대사람 - 기타,안전운전불이행,건조,맑음,단일로 - 기타,승합,여,53세,상해없음,보행자,여,22세,경상
2019041500100570,2019년 4월 15일 18시,월요일,광주광역시 북구 장등동,경상사고,0,0,6,0,차대차 - 추돌,안전운전불이행,건조,맑음,기타 - 기타,승용,남,50세,경상,승용,남,37세,경상
2019041500100587,2019년 4월 15일 18시,월요일,광주광역시 서구 화정동,경상사고,0,0,1,0,차대차 - 측면충돌,불법유턴,건조,맑음,단일로 - 기타,승용,여,45세,상해없음,승용,여,59세,경상
2019041500100704,2019년 4월 15일 22시,월요일,광주광역시 북구 오치동,중상사고,0,1,0,0,차대사람 - 횡단중,중앙선침범,건조,맑음,교차로 - 교차로부근,승용,남,39세,상해없음,보행자,남,54세,중상
2019041600100032,2019년 4월 16일 00시,화요일,광주광역시 북구 용봉동,경상사고,0,0,1,0,차대차 - 측면충돌,기타,건조,맑음,단일로 - 기타,승용,여,25세,상해없음,승용,남,71세,경상
2019041600100058,2019년 4월 16일 04시,화요일,광주광역시 북구 풍향동,중상사고,0,1,0,0,차대사람 - 횡단중,보행자보호의무위반,건조,맑음,교차로 - 교차로횡단보도내,승용,남,65세,상해없음,보행자,여,54세,중상
2019041600100083,2019년 4월 16일 06시,화요일,광주광역시 서구 금호동,경상사고,0,0,1,0,차대차 - 측면충돌,안전운전불이행,건조,맑음,단일로 - 기타,승용,남,31세,상해없음,이륜,남,77세,경상
2019041600100084,2019년 4월 16일 06시,화요일,광주광역시 서구 내방동,경상사고,0,0,4,0,차대차 - 측면충돌,직진우회전진행방해,건조,맑음,교차로 - 교차로안,승용,남,52세,경상,승용,남,59세,경상
2019041600100085,2019년 4월 16일 06시,화요일,광주광역시 광산구 월전동,경상사고,0,0,1,0,차대차 - 측면충돌,신호위반,건조,맑음,교차로 - 교차로안,승합,남,66세,상해없음,승용,남,33세,경상
2019041600100113,2019년 4월 16일 07시,화요일,광주광역시 북구 두암동,경상사고,0,0,1,0,차대차 - 측면충돌,안전운전불이행,건조,맑음,교차로 - 교차로안,승용,여,56세,상해없음,승용,여,23세,경상
2019041600100169,2019년 4월 16일 08시,화요일,광주광역시 동구 운림동,경상사고,0,0,1,0,차대차 - 기타,안전운전불이행,건조,맑음,단일로 - 기타,승용,남,72세,상해없음,승용,여,38세,경상
2019041600100170,2019년 4월 16일 08시,화요일,광주광역시 동구 학동,경상사고,0,0,2,0,차대차 - 추돌,안전거리미확보,건조,맑음,단일로 - 고가도로위,승용,남,61세,상해없음,승용,남,65세,경상
2019041600100171,2019년 4월 16일 08시,화요일,광주광역시 북구 문흥동,경상사고,0,0,1,0,차대사람 - 기타,안전운전불이행,건조,맑음,단일로 - 기타,승용,여,43세,상해없음,보행자,여,18세,경상
2019041600100215,2019년 4월 16일 09시,화요일,광주광역시 북구 운암동,경상사고,0,0,1,1,차대차 - 측면충돌,교차로운행방법위반,건조,맑음,교차로 - 교차로안,승용,남,60세,부상신고,승용,남,37세,경상
2019041600100216,2019년 4월 16일 09시,화요일,광주광역시 광산구 서봉동,중상사고,0,1,0,0,차량단독 - 기타,안전운전불이행,건조,맑음,단일로 - 기타,승합,여,53세,상해없음,,,,
2019041600100245,2019년 4월 16일 10시,화요일,광주광역시 서구 치평동,경상사고,0,0,1,0,차대사람 - 기타,안전운전불이행,건조,맑음,단일로 - 기타,승용,남,59세,상해없음,보행자,남,37세,경상
2019041600100283,2019년 4월 16일 11시,화요일,광주광역시 동구 대의동,중상사고,0,1,0,0,차대차 - 측면충돌,안전운전불이행,건조,맑음,단일로 - 기타,자전거,남,71세,중상,이륜,남,25세,상해없음
2019041600100284,2019년 4월 16일 11시,화요일,광주광역시 서구 매월동,경상사고,0,0,1,0,차대차 - 기타,안전운전불이행,건조,맑음,단일로 - 기타,이륜,남,55세,경상,기타불명,기타불명,미분류,기타불명
2019041600100285,2019년 4월 16일 11시,화요일,광주광역시 북구 일곡동,경상사고,0,0,2,0,차대차 - 추돌,안전운전불이행,건조,맑음,교차로 - 교차로부근,화물,남,56세,상해없음,승용,남,44세,경상
2019041600100459,2019년 4월 16일 16시,화요일,광주광역시 동구 용산동,경상사고,0,0,2,0,차대차 - 기타,안전거리미확보,건조,맑음,단일로 - 기타,화물,남,26세,상해없음,화물,남,53세,경상
2019041600100460,2019년 4월 16일 16시,화요일,광주광역시 북구 용봉동,경상사고,0,0,1,0,차대차 - 측면충돌,안전운전불이행,건조,맑음,교차로 - 교차로안,승용,남,49세,상해없음,승용,여,55세,경상
2019041600100514,2019년 4월 16일 17시,화요일,광주광역시 서구 쌍촌동,경상사고,0,0,1,0,차대차 - 추돌,안전운전불이행,건조,맑음,교차로 - 교차로부근,이륜,남,54세,상해없음,승용,여,43세,경상
2019041600100556,2019년 4월 16일 18시,화요일,광주광역시 북구 신안동,경상사고,0,0,2,0,차대차 - 측면충돌,안전운전불이행,건조,맑음,교차로 - 교차로안,승용,여,56세,상해없음,승용,남,41세,경상
2019041600100590,2019년 4월 16일 19시,화요일,광주광역시 동구 동명동,경상사고,0,0,1,0,차대사람 - 기타,안전운전불이행,건조,맑음,단일로 - 기타,이륜,남,19세,상해없음,보행자,남,11세,경상
2019041600100591,2019년 4월 16일 19시,화요일,광주광역시 북구 용봉동,부상신고사고,0,0,0,1,차대사람 - 횡단중,안전운전불이행,건조,맑음,단일로 - 기타,기타불명,기타불명,미분류,기타불명,보행자,남,11세,부상신고
2019041600100592,2019년 4월 16일 19시,화요일,광주광역시 북구 일곡동,경상사고,0,0,1,0,차대차 - 측면충돌,교차로운행방법위반,건조,맑음,교차로 - 교차로안,이륜,남,18세,상해없음,승용,남,59세,상해없음
2019041600100593,2019년 4월 16일 19시,화요일,광주광역시 광산구 소촌동,중상사고,0,1,5,0,차대차 - 측면충돌,안전운전불이행,건조,맑음,단일로 - 기타,승용,남,26세,상해없음,승용,여,51세,경상
2019041600100594,2019년 4월 16일 19시,화요일,광주광역시 광산구 산정동,중상사고,0,1,0,0,차대사람 - 기타,안전운전불이행,건조,맑음,단일로 - 기타,자전거,남,26세,상해없음,보행자,남,54세,중상
2019041600100624,2019년 4월 16일 20시,화요일,광주광역시 서구 치평동,경상사고,0,0,1,0,차대차 - 측면충돌,직진우회전진행방해,건조,맑음,교차로 - 교차로안,승용,남,22세,상해없음,승용,남,40세,경상
2019041600100625,2019년 4월 16일 20시,화요일,광주광역시 북구 각화동,경상사고,0,0,1,0,차대차 - 추돌,안전운전불이행,건조,맑음,단일로 - 기타,화물,남,51세,상해없음,화물,남,63세,경상
2019041600100655,2019년 4월 16일 21시,화요일,광주광역시 서구 치평동,경상사고,0,0,1,0,차대사람 - 횡단중,신호위반,건조,맑음,교차로 - 교차로안,승용,남,49세,상해없음,보행자,남,19세,경상
2019041600100699,2019년 4월 16일 23시,화요일,광주광역시 서구 금호동,경상사고,0,0,1,0,차대차 - 기타,안전운전불이행,건조,맑음,단일로 - 기타,승용,남,31세,상해없음,승용,남,59세,경상
2019041700100081,2019년 4월 17일 06시,수요일,광주광역시 북구 동림동,경상사고,0,0,3,0,차대차 - 측면충돌,교차로운행방법위반,건조,맑음,교차로 - 교차로안,승용,여,50세,경상,승용,남,48세,경상
2019041700100158,2019년 4월 17일 08시,수요일,광주광역시 북구 용두동,경상사고,0,0,1,0,차대차 - 측면충돌,안전거리미확보,건조,맑음,단일로 - 기타,승용,여,40세,상해없음,승용,남,34세,경상
2019041700100159,2019년 4월 17일 08시,수요일,광주광역시 광산구 우산동,경상사고,0,0,1,0,차대차 - 측면충돌,안전운전불이행,건조,맑음,교차로 - 교차로안,승용,남,19세,상해없음,승용,여,51세,경상
2019041700100195,2019년 4월 17일 09시,수요일,광주광역시 북구 운암동,경상사고,0,0,1,0,차대사람 - 기타,안전운전불이행,건조,맑음,단일로 - 기타,승용,여,46세,상해없음,보행자,여,77세,경상
2019041700100196,2019년 4월 17일 09시,수요일,광주광역시 북구 용봉동,경상사고,0,0,3,0,차대차 - 측면충돌,안전거리미확보,건조,맑음,단일로 - 기타,승용,남,20세,경상,승용,여,65세,경상
2019041700100225,2019년 4월 17일 10시,수요일,광주광역시 광산구 신촌동,경상사고,0,0,2,0,차대차 - 측면충돌,안전운전불이행,건조,맑음,교차로 - 교차로부근,승용,여,39세,경상,승용,여,51세,경상
2019041700100255,2019년 4월 17일 11시,수요일,광주광역시 광산구 월곡동,경상사고,0,0,1,0,차대차 - 측면충돌,안전거리미확보,건조,맑음,단일로 - 기타,승용,여,39세,상해없음,원동기,남,34세,경상
2019041700100256,2019년 4월 17일 11시,수요일,광주광역시 광산구 신가동,중상사고,0,1,1,0,차대차 - 측면충돌,신호위반,건조,맑음,교차로 - 교차로안,이륜,여,75세,중상,화물,남,37세,경상
2019041700100257,2019년 4월 17일 11시,수요일,광주광역시 광산구 송정동,중상사고,0,1,0,0,차대사람 - 기타,기타,건조,맑음,단일로 - 기타,자전거,여,81세,상해없음,보행자,여,84세,중상
2019041700100283,2019년 4월 17일 12시,수요일,광주광역시 남구 백운동,부상신고사고,0,0,0,1,차대차 - 측면충돌,안전운전불이행,건조,맑음,단일로 - 기타,자전거,여,58세,부상신고,화물,남,19세,상해없음
2019041700100317,2019년 4월 17일 13시,수요일,광주광역시 서구 광천동,경상사고,0,0,1,0,차대차 - 기타,교차로운행방법위반,건조,맑음,교차로 - 교차로안,승용,남,72세,상해없음,승용,여,52세,경상
2019041700100318,2019년 4월 17일 13시,수요일,광주광역시 북구 일곡동,경상사고,0,0,1,0,차대차 - 기타,안전운전불이행,건조,맑음,단일로 - 기타,기타불명,기타불명,미분류,기타불명,승용,남,68세,경상
2019041700100319,2019년 4월 17일 13시,수요일,광주광역시 광산구 하산동,중상사고,0,1,0,0,차대차 - 측면충돌,안전운전불이행,건조,맑음,단일로 - 기타,화물,남,60세,상해없음,원동기,남,76세,중상
2019041700100393,2019년 4월 17일 15시,수요일,광주광역시 동구 산수동,중상사고,0,1,0,0,차대차 - 기타,신호위반,건조,맑음,교차로 - 교차로안,승용,남,26세,상해없음,이륜,남,23세,중상
2019041700100426,2019년 4월 17일 16시,수요일,광주광역시 동구 소태동,경상사고,0,0,1,0,차대사람 - 횡단중,안전운전불이행,건조,맑음,단일로 - 기타,승용,여,61세,상해없음,보행자,여,8세,경상
2019041700100470,2019년 4월 17일 17시,수요일,광주광역시 북구 일곡동,경상사고,0,0,1,0,차대차 - 측면충돌,안전운전불이행,건조,맑음,교차로 - 교차로안,승용,여,56세,상해없음,이륜,남,19세,경상
2019041700100471,2019년 4월 17일 17시,수요일,광주광역시 광산구 서봉동,경상사고,0,0,2,0,차대차 - 추돌,안전운전불이행,건조,맑음,단일로 - 기타,승용,남,67세,상해없음,화물,여,67세,경상
2019041700100512,2019년 4월 17일 18시,수요일,광주광역시 광산구 용봉동,경상사고,0,0,1,0,차대사람 - 기타,불법유턴,건조,맑음,교차로 - 교차로안,승용,남,59세,상해없음,보행자,남,50세,경상
2019041700100558,2019년 4월 17일 19시,수요일,광주광역시 서구 쌍촌동,중상사고,0,1,0,0,차대사람 - 횡단중,안전운전불이행,건조,맑음,단일로 - 기타,승용,남,69세,기타불명,보행자,남,63세,중상
2019041700100559,2019년 4월 17일 19시,수요일,광주광역시 북구 동림동,경상사고,0,0,1,0,차대차 - 측면충돌,안전운전불이행,건조,맑음,교차로 - 교차로부근,승용,여,38세,상해없음,승용,여,23세,경상
2019041700100560,2019년 4월 17일 19시,수요일,광주광역시 광산구 소촌동,경상사고,0,0,1,0,차대차 - 측면충돌,안전운전불이행,건조,맑음,단일로 - 기타,화물,남,57세,상해없음,승용,남,46세,경상