사고번호,사고일시,요일,시군구,사고내용,사망자수,중상자수,경상자수,부상신고자수,사고유형,법규위반,노면상태,기상상태,도로형태,가해운전자 차종,가해운전자 성별,가해운전자 연령,가해운전자 상해정도,피해운전자 차종,피해운전자 성별,피해운전자 연령,피해운전자 상해정도
2019042200100641,2019년 4월 22일 20시,월요일,광주광역시 광산구 두정동,중상사고,0,1,0,0,차대사람 - 기타,안전운전불이행,건조,맑음,단일로 - 기타,승용,남,44세,상해없음,보행자,여,76세,중상
2019042200100667,2019년 4월 22일 21시,월요일,광주광역시 북구 두암동,경상사고,0,0,1,0,차량단독 - 기타,안전운전불이행,건조,맑음,단일로 - 기타,승용,여,64세,경상,,,,
2019042200100705,2019년 4월 22일 23시,월요일,광주광역시 서구 화정동,중상사고,0,2,0,0,차대차 - 측면충돌,신호위반,건조,맑음,교차로 - 교차로안,승용,남,43세,상해없음,승용,남,51세,중상
2019042300100038,2019년 4월 23일 02시,화요일,광주광역시 광산구 황룡동,중상사고,0,2,2,0,차량단독 - 기타,안전운전불이행,건조,맑음,단일로 - 고가도로위,이륜,남,17세,경상,,,,
2019042300100051,2019년 4월 23일 05시,화요일,광주광역시 서구 광천동,경상사고,0,0,1,0,차량단독 - 기타,안전운전불이행,건조,맑음,교차로 - 교차로부근,승용,남,68세,상해없음,,,,
2019042300100132,2019년 4월 23일 08시,화요일,광주광역시 광산구 소촌동,경상사고,0,0,1,0,차대사람 - 횡단중,신호위반,건조,흐림,교차로 - 교차로횡단보도내,승용,남,32세,상해없음,보행자,남,47세,경상
2019042300100172,2019년 4월 23일 09시,화요일,광주광역시 서구 화정동,경상사고,0,0,2,0,차대차 - 기타,신호위반,건조,맑음,교차로 - 교차로안,승용,여,60세,상해없음,승용,여,60세,경상
2019042300100173,2019년 4월 23일 09시,화요일,광주광역시 광산구 송정동,경상사고,0,0,1,0,차대차 - 기타,안전운전불이행,건조,맑음,교차로 - 교차로횡단보도내,승용,남,29세,상해없음,자전거,남,78세,경상
2019042300100201,2019년 4월 23일 10시,화요일,광주광역시 북구 양산동,경상사고,0,0,1,0,차대차 - 측면충돌,안전운전불이행,건조,맑음,단일로 - 기타,승용,남,58세,경상,승용,남,46세,기타불명
2019042300100225,2019년 4월 23일 11시,화요일,광주광역시 광산구 하남동,경상사고,0,0,2,1,차대차 - 측면충돌,안전운전불이행,건조,맑음,교차로 - 교차로부근,승용,남,25세,부상신고,승합,남,59세,경상
2019042300100252,2019년 4월 23일 12시,화요일,광주광역시 동구 동명동,경상사고,0,0,5,0,차대차 - 추돌,안전거리미확보,건조,맑음,교차로 - 교차로부근,승용,여,22세,상해없음,승용,남,31세,경상
2019042300100280,2019년 4월 23일 13시,화요일,광주광역시 동구 소태동,경상사고,0,0,1,0,차대차 - 측면충돌,안전거리미확보,젖음/습기,비,단일로 - 기타,건설기계,남,61세,상해없음,승용,여,44세,경상
2019042300100281,2019년 4월 23일 13시,화요일,광주광역시 서구 치평동,경상사고,0,0,2,0,차대차 - 기타,차로위반,젖음/습기,비,단일로 - 기타,승용,남,72세,상해없음,승용,여,38세,경상
2019042300100319,2019년 4월 23일 14시,화요일,광주광역시 동구 용산동,경상사고,0,0,3,0,차대차 - 기타,안전운전불이행,건조,맑음,단일로 - 기타,화물,남,48세,상해없음,승용,남,53세,경상
2019042300100320,2019년 4월 23일 14시,화요일,광주광역시 북구 동림동,경상사고,0,0,1,0,차대차 - 측면충돌,안전운전불이행,젖음/습기,비,교차로 - 교차로안,승용,여,56세,상해없음,이륜,남,37세,경상
2019042300100321,2019년 4월 23일 14시,화요일,광주광역시 광산구 장덕동,경상사고,0,0,1,0,차대차 - 측면충돌,안전운전불이행,젖음/습기,비,교차로 - 교차로부근,화물,남,40세,경상,승용,남,29세,기타불명
2019042300100353,2019년 4월 23일 15시,화요일,광주광역시 서구 화정동,경상사고,0,0,1,0,차대차 - 기타,기타,젖음/습기,비,단일로 - 기타,화물,남,42세,상해없음,이륜,남,24세,경상
2019042300100397,2019년 4월 23일 16시,화요일,광주광역시 광산구 신촌동,경상사고,0,0,1,0,차대차 - 측면충돌,안전운전불이행,건조,맑음,단일로 - 기타,승용,남,25세,상해없음,화물,남,38세,경상
2019042300100483,2019년 4월 23일 18시,화요일,광주광역시 남구 방림동,경상사고,0,0,1,0,차대사람 - 기타,안전운전불이행,건조,흐림,교차로 - 교차로안,승용,여,42세,상해없음,보행자,남,58세,경상
2019042300100484,2019년 4월 23일 18시,화요일,광주광역시 북구 중흥동,경상사고,0,0,1,0,차대차 - 측면충돌,신호위반,젖음/습기,비,교차로 - 교차로안,승용,여,29세,상해없음,원동기,남,37세,경상
2019042300100485,2019년 4월 23일 18시,화요일,광주광역시 북구 연제동,경상사고,0,0,1,0,차대차 - 추돌,안전운전불이행,젖음/습기,비,단일로 - 기타,화물,남,50세,상해없음,승용,여,34세,경상
2019042300100486,2019년 4월 23일 18시,화요일,광주광역시 북구 운암동,경상사고,0,0,1,0,차대차 - 측면충돌,안전거리미확보,건조,맑음,교차로 - 교차로부근,승용,여,26세,경상,승용,여,30세,상해없음
2019042300100523,2019년 4월 23일 19시,화요일,광주광역시 서구 쌍촌동,경상사고,0,0,3,0,차대차 - 기타,안전운전불이행,건조,맑음,교차로 - 교차로부근,승용,남,60세,상해없음,승용,여,34세,경상
2019042300100524,2019년 4월 23일 19시,화요일,광주광역시 북구 용두동,경상사고,0,0,1,0,차대차 - 기타,신호위반,젖음/습기,흐림,교차로 - 교차로부근,이륜,남,51세,경상,승합,남,55세,상해없음
2019042300100561,2019년 4월 23일 20시,화요일,광주광역시 남구 진월동,경상사고,0,0,1,0,차대차 - 기타,안전운전불이행,건조,맑음,단일로 - 기타,승용,여,55세,상해없음,이륜,남,38세,경상
2019042300100562,2019년 4월 23일 20시,화요일,광주광역시 북구 월출동,경상사고,0,0,1,0,차대차 - 측면충돌,교차로운행방법위반,젖음/습기,흐림,교차로 - 교차로안,승용,여,50세,상해없음,화물,남,51세,경상
2019042400100040,2019년 4월 24일 00시,수요일,광주광역시 남구 사동,경상사고,0,0,4,0,차대차 - 측면충돌,안전운전불이행,건조,맑음,교차로 - 교차로안,승용,남,19세,상해없음,승용,남,34세,경상
2019042400100065,2019년 4월 24일 01시,수요일,광주광역시 광산구 쌍암동,경상사고,0,0,1,0,차대차 - 추돌,안전운전불이행,젖음/습기,비,교차로 - 교차로부근,승용,남,38세,상해없음,승용,남,67세,경상
2019042400100097,2019년 4월 24일 04시,수요일,광주광역시 북구 용두동,경상사고,0,0,1,0,차대차 - 측면충돌,안전운전불이행,건조,맑음,교차로 - 교차로부근,건설기계,남,56세,상해없음,승용,남,33세,경상
2019042400100198,2019년 4월 24일 08시,수요일,광주광역시 북구 문흥동,경상사고,0,0,1,0,차대차 - 측면충돌,안전운전불이행,건조,맑음,교차로 - 교차로부근,승용,여,41세,상해없음,자전거,남,60세,경상
2019042400100236,2019년 4월 24일 09시,수요일,광주광역시 광산구 오선동,경상사고,0,0,3,0,차대차 - 측면충돌,차로위반,건조,맑음,교차로 - 교차로부근,승용,남,57세,경상,승용,남,34세,경상
2019042400100259,2019년 4월 24일 10시,수요일,광주광역시 북구 청풍동,중상사고,0,1,0,0,차대차 - 측면충돌,직진우회전진행방해,건조,맑음,교차로 - 교차로안,승용,여,64세,상해없음,이륜,남,58세,중상
2019042400100285,2019년 4월 24일 11시,수요일,광주광역시 남구 구동,중상사고,0,1,0,0,차대사람 - 횡단중,보행자보호의무위반,건조,맑음,단일로 - 기타,승용,남,27세,상해없음,보행자,여,70세,중상
2019042400100414,2019년 4월 24일 15시,수요일,광주광역시 북구 오치동,경상사고,0,0,3,0,차대차 - 측면충돌,안전운전불이행,건조,맑음,단일로 - 기타,승용,남,64세,상해없음,승용,여,33세,경상
2019042400100449,2019년 4월 24일 16시,수요일,광주광역시 서구 벽진동,중상사고,0,1,0,0,차대차 - 측면충돌,신호위반,건조,맑음,교차로 - 교차로안,승용,여,43세,상해없음,승용,여,38세,중상
2019042400100450,2019년 4월 24일 16시,수요일,광주광역시 북구 두암동,경상사고,0,0,1,0,차대사람 - 횡단중,보행자보호의무위반,건조,맑음,단일로 - 기타,승용,여,61세,상해없음,보행자,남,49세,경상
2019042400100451,2019년 4월 24일 16시,수요일,광주광역시 광산구 월계동,경상사고,0,0,2,0,차대차 - 측면충돌,직진우회전진행방해,건조,맑음,교차로 - 교차로안,승용,남,49세,경상,승용,여,60세,경상
2019042400100498,2019년 4월 24일 17시,수요일,광주광역시 서구 동천동,경상사고,0,0,1,0,차대차 - 측면충돌,안전거리미확보,건조,맑음,단일로 - 기타,승용,남,23세,상해없음,승용,여,37세,경상
2019042400100499,2019년 4월 24일 17시,수요일,광주광역시 북구 운암동,경상사고,0,0,1,0,차대차 - 기타,신호위반,건조,맑음,단일로 - 기타,승용,남,47세,상해없음,승합,남,55세,상해없음
2019042400100541,2019년 4월 24일 18시,수요일,광주광역시 서구 동천동,경상사고,0,0,1,0,차대차 - 측면충돌,안전운전불이행,건조,맑음,단일로 - 기타,승용,여,58세,상해없음,승용,여,40세,경상
2019042400100542,2019년 4월 24일 18시,수요일,광주광역시 서구 유촌동,경상사고,0,0,2,0,차대차 - 추돌,안전운전불이행,건조,맑음,교차로 - 교차로부근,승용,남,63세,상해없음,승용,남,58세,경상
2019042400100543,2019년 4월 24일 18시,수요일,광주광역시 남구 월산동,경상사고,0,0,1,0,차대차 - 기타,안전운전불이행,건조,맑음,단일로 - 기타,승용,여,28세,상해없음,승용,남,38세,경상
2019042400100544,2019년 4월 24일 18시,수요일,광주광역시 광산구 하남동,경상사고,0,0,2,0,차대차 - 측면충돌,신호위반,건조,맑음,교차로 - 교차로횡단보도내,승합,남,51세,상해없음,승합,남,43세,경상
2019042400100585,2019년 4월 24일 19시,수요일,광주광역시 북구 두암동,부상신고사고,0,0,0,1,차대차 - 추돌,안전운전불이행,건조,흐림,단일로 - 기타,기타불명,기타불명,미분류,기타불명,원동기,남,19세,부상신고
2019042400100617,2019년 4월 24일 20시,수요일,광주광역시 서구 광천동,경상사고,0,0,2,0,차대차 - 측면충돌,안전거리미확보,건조,맑음,단일로 - 기타,승용,남,58세,상해없음,승용,남,59세,경상
2019042400100636,2019년 4월 24일 21시,수요일,광주광역시 광산구 월곡동,경상사고,0,0,1,0,차대사람 - 횡단중,안전운전불이행,건조,맑음,교차로 - 교차로안,승용,남,23세,상해없음,보행자,여,15세,경상
2019042400100657,2019년 4월 24일 22시,수요일,광주광역시 동구 금남로5가,경상사고,0,0,2,0,차대차 - 기타,신호위반,건조,맑음,교차로 - 교차로안,승용,남,57세,상해없음,승용,남,23세,경상
2019042400100676,2019년 4월 24일 23시,수요일,광주광역시 서구 쌍촌동,중상사고,0,1,1,0,차대차 - 측면충돌,안전운전불이행,건조,맑음,단일로 - 기타,승용,남,56세,중상,승용,남,66세,경상
2019042400100677,2019년 4월 24일 23시,수요일,광주광역시 북구 신용동,경상사고,0,0,1,0,차대차 - 추돌,안전운전불이행,건조,맑음,단일로 - 기타,이륜,남,40세,경상,승용,남,70세,상해없음
2019042500100065,2019년 4월 25일 05시,목요일,광주광역시 남구 월산동,경상사고,0,0,1,1,차대차 - 측면충돌,안전거리미확보,건조,맑음,단일로 - 기타,화물,남,31세,상해없음,승용,남,64세,경상
2019042500100146,2019년 4월 25일 08시,목요일,광주광역시 서구 풍암동,경상사고,0,0,1,0,차대차 - 측면충돌,안전운전불이행,건조,맑음,교차로 - 교차로안,승용,남,58세,상해없음,승용,여,60세,경상
2019042500100147,2019년 4월 25일 08시,목요일,광주광역시 북구 용봉동,경상사고,0,0,1,0,차대차 - 추돌,안전운전불이행,건조,맑음,단일로 - 기타,승용,여,46세,상해없음,승용,여,27세,경상
2019042500100177,2019년 4월 25일 09시,목요일,광주광역시 북구 풍향동,부상신고사고,0,0,0,1,차량단독 - 공작물충돌,안전운전불이행,건조,맑음,단일로 - 기타,이륜,남,67세,부상신고,,,,
2019042500100178,2019년 4월 25일 09시,목요일,광주광역시 북구 신안동,경상사고,0,0,2,0,차대차 - 측면충돌,차로위반,건조,맑음,단일로 - 기타,승합,남,46세,상해없음,승용,남,39세,경상
2019042500100275,2019년 4월 25일 12시,목요일,광주광역시 서구 쌍촌동,경상사고,0,0,1,0,차대사람 - 길가장자리구역통행중,안전운전불이행,건조,맑음,단일로 - 기타,승용,여,51세,상해없음,보행자,남,29세,경상
2019042500100337,2019년 4월 25일 14시,목요일,광주광역시 광산구 장덕동,경상사고,0,0,1,0,차대차 - 측면충돌,안전거리미확보,건조,맑음,단일로 - 기타,화물,남,51세,상해없음,승용,여,32세,경상
2019042500100405,2019년 4월 25일 16시,목요일,광주광역시 동구 지산동,경상사고,0,0,1,0,차대사람 - 횡단중,안전운전불이행,젖음/습기,비,교차로 - 교차로부근,승용,남,78세,상해없음,보행자,여,11세,경상
2019042500100445,2019년 4월 25일 17시,목요일,광주광역시 남구 임암동,중상사고,0,1,0,1,차대차 - 측면충돌,안전운전불이행,건조,맑음,교차로 - 교차로안,승용,남,52세,부상신고,화물,남,55세,중상
2019042500100446,2019년 4월 25일 17시,목요일,광주광역시 남구 주월동,경상사고,0,0,1,0,차대차 - 기타,안전거리미확보,젖음/습기,비,교차로 - 교차로부근,승용,여,42세,상해없음,승용,남,24세,경상
2019042500100447,2019년 4월 25일 17시,목요일,광주광역시 광산구 소촌동,경상사고,0,0,1,0,차대차 - 측면충돌,신호위반,건조,맑음,교차로 - 교차로안,승용,여,55세,상해없음,승용,남,66세,경상
2019042500100448,2019년 4월 25일 17시,목요일,광주광역시 광산구 하남동,경상사고,0,0,1,0,차대사람 - 횡단중,안전운전불이행,젖음/습기,비,단일로 - 기타,승용,남,28세,상해없음,보행자,남,26세,경상
2019042500100549,2019년 4월 25일 19시,목요일,광주광역시 서구 치평동,중상사고,0,1,0,0,차대차 - 기타,안전운전불이행,건조,맑음,단일로 - 기타,승용,남,20세,상해없음,이륜,남,56세,중상
2019042500100550,2019년 4월 25일 19시,목요일,광주광역시 광산구 월곡동,경상사고,0,0,1,0,차대사람 - 횡단중,보행자보호의무위반,젖음/습기,흐림,교차로 - 교차로안,승용,여,52세,상해없음,보행자,여,12세,경상
2019042500100643,2019년 4월 25일 21시,목요일,광주광역시 광산구 쌍암동,부상신고사고,0,0,0,1,차대차 - 추돌,안전운전불이행,젖음/습기,비,교차로 - 교차로부근,이륜,남,17세,부상신고,승용,남,48세,상해없음
2019042500100675,2019년 4월 25일 22시,목요일,광주광역시 서구 치평동,경상사고,0,0,6,0,차대차 - 측면충돌,안전운전불이행,건조,맑음,교차로 - 교차로안,승용,남,50세,상해없음,승용,남,41세,경상
2019042500100676,2019년 4월 25일 22시,목요일,광주광역시 남구 주월동,경상사고,0,0,1,0,차대차 - 측면충돌,안전운전불이행,젖음/습기,비,단일로 - 기타,승용,여,45세,상해없음,화물,남,68세,경상
2019042500100677,2019년 4월 25일 22시,목요일,광주광역시 북구 용봉동,경상사고,0,0,1,0,차대차 - 추돌,안전운전불이행,젖음/습기,비,교차로 - 교차로부근,승용,남,67세,상해없음,승용,남,53세,경상
2019042500100699,2019년 4월 25일 23시,목요일,광주광역시 남구 백운동,경상사고,0,0,1,0,차대차 - 기타,중앙선침범,젖음/습기,비,단일로 - 기타,승용,남,34세,상해없음,승용,여,48세,경상
2019042500100700,2019년 4월 25일 23시,목요일,광주광역시 북구 삼각동,중상사고,0,1,0,0,차대사람 - 차도통행중,중앙선침범,젖음/습기,비,단일로 - 기타,승용,여,43세,상해없음,보행자,남,51세,중상
2019042500100701,2019년 4월 25일 23시,목요일,광주광역시 북구 월출동,경상사고,0,0,1,0,차량단독 - 공작물충돌,안전거리미확보,젖음/습기,흐림,교차로 - 교차로안,화물,남,56세,경상,,,,
2019042500100702,2019년 4월 25일 23시,목요일,광주광역시 광산구 소촌동,경상사고,0,0,1,0,차대차 - 기타,안전운전불이행,젖음/습기,비,단일로 - 기타,승용,남,32세,경상,승용,남,23세,상해없음
2019042600100137,2019년 4월 26일 07시,금요일,광주광역시 남구 양림동,중상사고,0,1,0,0,차대사람 - 횡단중,안전운전불이행,건조,맑음,교차로 - 교차로안,승용,여,41세,상해없음,보행자,여,65세,중상
2019042600100209,2019년 4월 26일 09시,금요일,광주광역시 북구 운암동,경상사고,0,0,1,0,차대차 - 측면충돌,안전거리미확보,건조,맑음,단일로 - 기타,화물,남,70세,상해없음,승용,남,54세,경상
2019042600100235,2019년 4월 26일 10시,금요일,광주광역시 북구 운암동,경상사고,0,0,1,0,차대차 - 추돌,안전거리미확보,건조,맑음,교차로 - 교차로안,승용,남,47세,상해없음,승용,여,46세,경상
2019042600100259,2019년 4월 26일 11시,금요일,광주광역시 서구 마륵동,중상사고,0,1,3,0,차대차 - 측면충돌,중앙선침범,건조,맑음,교차로 - 교차로부근,승용,남,65세,기타불명,승용,남,67세,경상
2019042600100260,2019년 4월 26일 11시,금요일,광주광역시 서구 마륵동,경상사고,0,0,2,0,차대차 - 추돌,안전운전불이행,건조,흐림,단일로 - 기타,승용,남,61세,상해없음,승용,여,47세,경상
2019042600100261,2019년 4월 26일 11시,금요일,광주광역시 남구 백운동,중상사고,0,1,0,0,차대사람 - 횡단중,안전운전불이행,건조,맑음,교차로 - 교차로부근,승용,남,31세,상해없음,보행자,남,74세,중상
2019042600100325,2019년 4월 26일 13시,금요일,광주광역시 서구 쌍촌동,경상사고,0,0,1,0,차대차 - 기타,안전운전불이행,젖음/습기,비,단일로 - 기타,이륜,남,33세,경상,승용,남,36세,상해없음
2019042600100326,2019년 4월 26일 13시,금요일,광주광역시 북구 신안동,경상사고,0,0,1,0,차대차 - 기타,안전운전불이행,젖음/습기,비,교차로 - 교차로부근,기타불명,기타불명,미분류,기타불명,이륜,남,31세,경상
2019042600100363,2019년 4월 26일 14시,금요일,광주광역시 광산구 도천동,경상사고,0,0,1,0,차대차 - 측면충돌,차로위반,건조,맑음,단일로 - 기타,승용,남,31세,상해없음,승용,여,32세,경상
2019042600100403,2019년 4월 26일 15시,금요일,광주광역시 남구 주월동,경상사고,0,0,1,0,차대사람 - 기타,기타,건조,맑음,단일로 - 기타,승합,남,58세,상해없음,보행자,여,62세,경상
2019042600100443,2019년 4월 26일 16시,금요일,광주광역시 광산구 도산동,경상사고,0,0,1,0,차대사람 - 기타,안전운전불이행,건조,맑음,단일로 - 기타,승합,남,43세,상해없음,보행자,여,69세,경상
2019042600100483,2019년 4월 26일 17시,금요일,광주광역시 서구 매월동,경상사고,0,0,5,0,차대차 - 측면충돌,교차로운행방법위반,건조,맑음,교차로 - 교차로안,승용,여,52세,경상,승용,남,26세,경상
2019042600100484,2019년 4월 26일 17시,금요일,광주광역시 광산구 오선동,경상사고,0,0,2,0,차대차 - 측면충돌,차로위반,건조,맑음,단일로 - 기타,승용,여,58세,경상,화물,남,40세,경상
2019042600100520,2019년 4월 26일 18시,금요일,광주광역시 북구 문흥동,경상사고,0,0,4,0,차대차 - 추돌,안전운전불이행,젖음/습기,비,단일로 - 고가도로위,승용,여,29세,상해없음,승용,남,36세,경상
2019042600100540,2019년 4월 26일 18시,금요일,광주광역시 북구 오룡동,경상사고,0,0,2,0,차대차 - 측면충돌,안전운전불이행,건조,맑음,교차로 - 교차로안,화물,여,27세,상해없음,승용,남,25세,경상
2019042600100541,2019년 4월 26일 18시,금요일,광주광역시 북구 동림동,경상사고,0,0,1,0,차대차 - 추돌,안전운전불이행,건조,맑음,단일로 - 교량,승용,남,58세,상해없음,화물,남,28세,경상
2019042600100589,2019년 4월 26일 19시,금요일,광주광역시 남구 주월동,경상사고,0,0,1,0,차대사람 - 길가장자리구역통행중,안전운전불이행,건조,맑음,단일로 - 기타,승용,남,46세,상해없음,보행자,남,36세,경상
2019042600100590,2019년 4월 26일 19시,금요일,광주광역시 북구 연제동,경상사고,0,0,1,0,차대차 - 측면충돌,신호위반,건조,맑음,교차로 - 교차로안,이륜,남,46세,상해없음,승용,여,45세,경상
2019042600100591,2019년 4월 26일 19시,금요일,광주광역시 북구 동림동,경상사고,0,0,1,0,차대차 - 기타,안전운전불이행,건조,맑음,단일로 - 기타,승용,여,54세,상해없음,이륜,남,41세,경상
2019042600100592,2019년 4월 26일 19시,금요일,광주광역시 광산구 쌍암동,경상사고,0,0,1,0,차대차 - 추돌,안전운전불이행,건조,맑음,단일로 - 기타,승용,여,52세,상해없음,이륜,남,22세,경상
2019042600100643,2019년 4월 26일 20시,금요일,광주광역시 남구 주월동,경상사고,0,0,3,0,차대차 - 추돌,안전거리미확보,건조,맑음,단일로 - 기타,승용,남,59세,상해없음,승용,남,63세,경상
2019042600100644,2019년 4월 26일 20시,금요일,광주광역시 광산구 산정동,경상사고,0,0,1,0,차대차 - 추돌,안전운전불이행,건조,맑음,단일로 - 기타,승용,남,54세,경상,승합,남,62세,상해없음
2019042600100708,2019년 4월 26일 22시,금요일,광주광역시 북구 동림동,경상사고,0,0,1,0,차대차 - 추돌,안전운전불이행,건조,맑음,단일로 - 기타,승용,남,41세,상해없음,승용,남,34세,경상
2019042600100731,2019년 4월 26일 23시,금요일,광주광역시 북구 오치동,경상사고,0,0,2,0,차대차 - 측면충돌,신호위반,건조,맑음,교차로 - 교차로안,승합,남,50세,상해없음,승용,남,41세,경상
2019042700100044,2019년 4월 27일 00시,토요일,광주광역시 북구 운암동,경상사고,0,0,2,0,차대차 - 추돌,안전운전불이행,건조,맑음,교차로 - 교차로부근,승용,남,35세,상해없음,승용,남,52세,경상
2019042700100136,2019년 4월 27일 07시,토요일,광주광역시 광산구 수완동,경상사고,0,0,1,0,차대차 - 정면충돌,안전운전불이행,건조,맑음,단일로 - 기타,승용,남,47세,상해없음,승용,남,44세,경상
2019042700100160,2019년 4월 27일 08시,토요일,광주광역시 서구 내방동,경상사고,0,0,1,0,차대차 - 측면충돌,안전운전불이행,건조,맑음,단일로 - 기타,승용,남,32세,상해없음,승용,여,46세,경상
2019042700100194,2019년 4월 27일 09시,토요일,광주광역시 광산구 오운동,중상사고,0,1,1,0,차대차 - 기타,안전운전불이행,건조,맑음,단일로 - 기타,농기계,남,79세,경상,화물,남,56세,상해없음
2019042700100288,2019년 4월 27일 11시,토요일,광주광역시 동구 계림동,경상사고,0,0,1,0,차대사람 - 기타,안전운전불이행,건조,맑음,단일로 - 기타,승용,남,41세,상해없음,보행자,남,54세,경상
2019042700100289,2019년 4월 27일 11시,토요일,광주광역시 서구 치평동,경상사고,0,0,1,0,차대차 - 측면충돌,안전운전불이행,건조,맑음,단일로 - 기타,승용,여,53세,기타불명,승용,여,35세,경상
2019042700100290,2019년 4월 27일 11시,토요일,광주광역시 남구 진월동,경상사고,0,0,3,0,차대차 - 측면충돌,교차로운행방법위반,건조,맑음,교차로 - 교차로안,승용,여,39세,경상,승용,여,28세,경상
2019042700100291,2019년 4월 27일 11시,토요일,광주광역시 북구 두암동,경상사고,0,0,1,0,차대사람 - 기타,안전운전불이행,건조,맑음,단일로 - 기타,승용,여,31세,상해없음,보행자,여,4세,경상
2019042700100292,2019년 4월 27일 11시,토요일,광주광역시 광산구 비아동,중상사고,0,1,0,0,차대사람 - 횡단중,보행자보호의무위반,건조,맑음,교차로 - 교차로횡단보도내,화물,남,62세,상해없음,보행자,여,61세,중상
2019042700100362,2019년 4월 27일 13시,토요일,광주광역시 동구 대의동,경상사고,0,0,1,0,차대사람 - 길가장자리구역통행중,안전운전불이행,건조,맑음,단일로 - 기타,승용,여,27세,상해없음,보행자,남,48세,경상
2019042700100363,2019년 4월 27일 13시,토요일,광주광역시 서구 매월동,경상사고,0,0,5,0,차대차 - 추돌,안전운전불이행,건조,맑음,단일로 - 기타,승용,여,63세,경상,승용,여,48세,경상
2019042700100364,2019년 4월 27일 13시,토요일,광주광역시 서구 농성동,경상사고,0,0,1,0,차대차 - 측면충돌,중앙선침범,건조,맑음,단일로 - 기타,승용,여,25세,상해없음,승용,남,64세,경상
2019042700100365,2019년 4월 27일 13시,토요일,광주광역시 남구 백운동,경상사고,0,0,1,0,차대차 - 측면충돌,안전운전불이행,건조,맑음,단일로 - 기타,승합,남,29세,상해없음,원동기,남,65세,경상
2019042700100406,2019년 4월 27일 14시,토요일,광주광역시 북구 오치동,경상사고,0,0,1,0,차대사람 - 기타,안전운전불이행,건조,맑음,단일로 - 기타,이륜,남,48세,상해없음,보행자,남,5세,경상
2019042700100443,2019년 4월 27일 15시,토요일,광주광역시 동구 수기동,경상사고,0,0,1,0,차대차 - 측면충돌,신호위반,건조,맑음,단일로 - 기타,승용,남,64세,상해없음,승용,남,30세,경상
2019042700100629,2019년 4월 27일 20시,토요일,광주광역시 광산구 선암동,경상사고,0,0,1,0,차대차 - 추돌,안전거리미확보,건조,맑음,단일로 - 기타,승용,남,52세,상해없음,이륜,남,19세,경상
2019042700100662,2019년 4월 27일 21시,토요일,광주광역시 북구 삼각동,경상사고,0,0,1,0,차대차 - 측면충돌,교차로운행방법위반,건조,맑음,교차로 - 교차로안,원동기,남,20세,경상,승용,남,61세,상해없음
2019042700100663,2019년 4월 27일 21시,토요일,광주광역시 광산구 도산동,경상사고,0,0,1,0,차대사람 - 기타,안전운전불이행,건조,맑음,교차로 - 교차로부근,승용,남,54세,상해없음,보행자,남,43세,경상
2019042700100716,2019년 4월 27일 23시,토요일,광주광역시 서구 동천동,중상사고,0,1,0,0,차대사람 - 횡단중,안전운전불이행,건조,맑음,단일로 - 기타,승용,남,50세,상해없음,보행자,남,57세,중상
2019042800100096,2019년 4월 28일 06시,일요일,광주광역시 서구 동천동,경상사고,0,0,4,0,차대차 - 추돌,안전거리미확보,건조,흐림,단일로 - 지하차도(도로)내,승용,남,24세,상해없음,승용,남,63세,경상
2019042800100125,2019년 4월 28일 08시,일요일,광주광역시 남구 방림동,경상사고,0,0,1,0,차대차 - 추돌,안전거리미확보,기타,흐림,교차로 - 교차로부근,승용,남,32세,상해없음,승용,남,43세,경상
2019042800100126,2019년 4월 28일 08시,일요일,광주광역시 북구 일곡동,경상사고,0,0,1,0,차대차 - 기타,안전운전불이행,건조,맑음,단일로 - 기타,화물,남,55세,상해없음,승용,남,50세,경상
2019042800100144,2019년 4월 28일 09시,일요일,광주광역시 광산구 수완동,경상사고,0,0,4,0,차대차 - 측면충돌,신호위반,젖음/습기,비,교차로 - 교차로안,승용,여,45세,상해없음,승용,여,37세,경상
2019042800100157,2019년 4월 28일 10시,일요일,광주광역시 광산구 수완동,경상사고,0,0,5,0,차대차 - 측면충돌,차로위반,젖음/습기,비,단일로 - 기타,승용,남,44세,상해없음,승용,남,37세,경상
2019042800100172,2019년 4월 28일 11시,일요일,광주광역시 동구 금남로1가,중상사고,0,1,0,0,차대차 - 측면충돌,안전운전불이행,건조,맑음,단일로 - 기타,승합,남,31세,상해없음,승용,남,30세,기타불명
2019042800100259,2019년 4월 28일 14시,일요일,광주광역시 북구 매곡동,경상사고,0,0,2,0,차대차 - 추돌,안전운전불이행,건조,맑음,단일로 - 기타,승용,여,53세,상해없음,승용,남,44세,경상
2019042800100260,2019년 4월 28일 14시,일요일,광주광역시 광산구 신창동,경상사고,0,0,1,0,차대차 - 측면충돌,신호위반,건조,맑음,교차로 - 교차로안,이륜,남,38세,경상,승용,남,40세,상해없음
2019042800100320,2019년 4월 28일 16시,일요일,광주광역시 서구 금호동,중상사고,0,1,0,0,차대사람 - 기타,안전운전불이행,건조,맑음,단일로 - 기타,승용,남,46세,상해없음,보행자,여,61세,중상