사고번호,사고일시,요일,시군구,사고내용,사망자수,중상자수,경상자수,부상신고자수,사고유형,법규위반,노면상태,기상상태,도로형태,가해운전자 차종,가해운전자 성별,가해운전자 연령,가해운전자 상해정도,피해운전자 차종,피해운전자 성별,피해운전자 연령,피해운전자 상해정도
2019051000100531,2019년 5월 10일 17시,금요일,광주광역시 광산구 월곡동,중상사고,0,1,0,0,차대사람 - 기타,안전운전불이행,건조,맑음,기타 - 기타,승용,남,60세,상해없음,보행자,남,9세,중상
2019051000100616,2019년 5월 10일 19시,금요일,광주광역시 남구 주월동,경상사고,0,0,10,0,차대차 - 측면충돌,신호위반,건조,맑음,교차로 - 교차로안,승용,여,22세,상해없음,승합,남,56세,경상
2019051000100683,2019년 5월 10일 21시,금요일,광주광역시 서구 풍암동,부상신고사고,0,0,0,2,차대차 - 측면충돌,직진우회전진행방해,건조,맑음,교차로 - 교차로안,승용,여,46세,부상신고,승용,여,45세,부상신고
2019051000100744,2019년 5월 10일 23시,금요일,광주광역시 북구 용봉동,경상사고,0,0,1,0,차대차 - 측면충돌,안전운전불이행,건조,맑음,교차로 - 교차로부근,이륜,남,20세,경상,승용,남,64세,상해없음
2019051000100745,2019년 5월 10일 23시,금요일,광주광역시 광산구 산월동,경상사고,0,0,1,0,차대차 - 측면충돌,안전운전불이행,건조,맑음,단일로 - 기타,기타불명,기타불명,미분류,기타불명,승용,남,69세,상해없음
2019051100100086,2019년 5월 11일 03시,토요일,광주광역시 광산구 신창동,경상사고,0,0,1,0,차대차 - 기타,안전운전불이행,건조,맑음,교차로 - 교차로안,승용,남,38세,상해없음,승용,남,28세,경상
2019051100100141,2019년 5월 11일 07시,토요일,광주광역시 북구 청풍동,중상사고,0,3,2,0,차대차 - 기타,중앙선침범,건조,맑음,단일로 - 기타,승용,남,28세,상해없음,승용,남,61세,경상
2019051100100284,2019년 5월 11일 11시,토요일,광주광역시 북구 동림동,중상사고,0,1,0,0,차대차 - 추돌,안전거리미확보,건조,맑음,단일로 - 기타,승용,남,26세,기타불명,승용,남,33세,중상
2019051100100333,2019년 5월 11일 12시,토요일,광주광역시 서구 농성동,경상사고,0,0,1,0,차대사람 - 기타,안전운전불이행,건조,맑음,단일로 - 기타,승용,여,57세,상해없음,보행자,여,31세,경상
2019051100100380,2019년 5월 11일 13시,토요일,광주광역시 북구 유동,중상사고,0,1,0,0,차대사람 - 횡단중,안전운전불이행,건조,맑음,단일로 - 기타,승용,남,24세,상해없음,보행자,여,72세,중상
2019051100100432,2019년 5월 11일 14시,토요일,광주광역시 서구 화정동,경상사고,0,0,1,0,차대사람 - 보도통행중,신호위반,건조,맑음,교차로 - 교차로횡단보도내,승용,남,67세,상해없음,보행자,여,19세,경상
2019051100100470,2019년 5월 11일 15시,토요일,광주광역시 광산구 쌍암동,경상사고,0,0,2,0,차대차 - 측면충돌,안전운전불이행,건조,맑음,교차로 - 교차로안,승용,여,46세,경상,승용,남,37세,경상
2019051100100509,2019년 5월 11일 16시,토요일,광주광역시 북구 용봉동,경상사고,0,0,3,0,차대차 - 정면충돌,신호위반,건조,맑음,교차로 - 교차로안,승용,남,64세,상해없음,승용,여,53세,경상
2019051100100555,2019년 5월 11일 17시,토요일,광주광역시 남구 백운동,경상사고,0,0,2,0,차대차 - 측면충돌,안전운전불이행,건조,맑음,단일로 - 기타,승용,남,36세,상해없음,승용,여,63세,경상
2019051100100597,2019년 5월 11일 18시,토요일,광주광역시 동구 산수동,경상사고,0,0,1,0,차대차 - 기타,안전거리미확보,건조,맑음,단일로 - 기타,승용,남,63세,상해없음,승용,기타불명,미분류,기타불명
2019051100100598,2019년 5월 11일 18시,토요일,광주광역시 서구 치평동,경상사고,0,0,1,0,차대차 - 측면충돌,안전운전불이행,건조,맑음,단일로 - 기타,승용,여,53세,상해없음,이륜,남,22세,경상
2019051100100665,2019년 5월 11일 20시,토요일,광주광역시 서구 풍암동,중상사고,0,1,0,0,차대사람 - 횡단중,보행자보호의무위반,건조,맑음,교차로 - 교차로횡단보도내,승용,남,62세,상해없음,보행자,여,15세,중상
2019051100100689,2019년 5월 11일 21시,토요일,광주광역시 서구 쌍촌동,경상사고,0,0,2,0,차대차 - 정면충돌,직진우회전진행방해,건조,맑음,교차로 - 교차로안,승용,남,42세,경상,승용,남,63세,경상
2019051100100722,2019년 5월 11일 22시,토요일,광주광역시 동구 용산동,경상사고,0,0,1,0,차량단독 - 공작물충돌,안전운전불이행,건조,맑음,단일로 - 기타,화물,남,64세,경상,,,,
2019051100100723,2019년 5월 11일 22시,토요일,광주광역시 서구 화정동,경상사고,0,0,1,0,차대사람 - 기타,안전운전불이행,건조,맑음,교차로 - 교차로안,승용,남,22세,상해없음,보행자,남,18세,경상
2019051100100724,2019년 5월 11일 22시,토요일,광주광역시 북구 운암동,경상사고,0,0,1,0,차대차 - 측면충돌,안전운전불이행,건조,맑음,단일로 - 기타,원동기,남,19세,상해없음,자전거,여,36세,경상
2019051100100725,2019년 5월 11일 22시,토요일,광주광역시 광산구 하남동,중상사고,0,1,1,0,차대차 - 측면충돌,신호위반,건조,맑음,교차로 - 교차로안,이륜,남,32세,중상,승용,남,22세,경상
2019051100100746,2019년 5월 11일 23시,토요일,광주광역시 광산구 월계동,경상사고,0,0,1,0,차대차 - 추돌,안전운전불이행,건조,맑음,단일로 - 기타,승용,남,35세,상해없음,승용,남,48세,경상
2019051200100105,2019년 5월 12일 06시,일요일,광주광역시 북구 연제동,경상사고,0,0,1,0,차대차 - 기타,교차로운행방법위반,건조,맑음,교차로 - 교차로안,승용,남,32세,상해없음,승용,남,29세,경상
2019051200100135,2019년 5월 12일 08시,일요일,광주광역시 북구 삼각동,경상사고,0,0,1,0,차대차 - 기타,안전운전불이행,건조,맑음,교차로 - 교차로안,자전거,남,71세,경상,이륜,남,26세,상해없음
2019051200100155,2019년 5월 12일 09시,일요일,광주광역시 광산구 수완동,경상사고,0,0,1,0,차대차 - 측면충돌,안전운전불이행,건조,맑음,단일로 - 기타,승용,여,58세,상해없음,승용,여,45세,경상
2019051200100214,2019년 5월 12일 11시,일요일,광주광역시 서구 유촌동,경상사고,0,0,3,0,차대차 - 측면충돌,교차로운행방법위반,건조,맑음,교차로 - 교차로안,승용,남,36세,상해없음,승용,여,36세,경상
2019051200100215,2019년 5월 12일 11시,일요일,광주광역시 남구 양림동,경상사고,0,0,2,0,차대차 - 측면충돌,신호위반,건조,맑음,교차로 - 교차로안,승용,여,28세,상해없음,승용,남,48세,경상
2019051200100216,2019년 5월 12일 11시,일요일,광주광역시 북구 동림동,경상사고,0,0,8,0,차대차 - 추돌,안전운전불이행,건조,맑음,단일로 - 기타,승용,남,36세,경상,승용,남,49세,경상
2019051200100251,2019년 5월 12일 12시,일요일,광주광역시 남구 양림동,경상사고,0,0,6,0,차대차 - 기타,교차로운행방법위반,건조,맑음,교차로 - 교차로안,승용,여,64세,경상,승용,여,36세,경상
2019051200100252,2019년 5월 12일 12시,일요일,광주광역시 광산구 신창동,경상사고,0,0,1,0,차대차 - 기타,안전운전불이행,건조,맑음,교차로 - 교차로안,승용,남,55세,상해없음,자전거,여,6세,경상
2019051200100345,2019년 5월 12일 15시,일요일,광주광역시 북구 신안동,경상사고,0,0,1,0,차대차 - 기타,안전운전불이행,건조,맑음,단일로 - 기타,화물,남,43세,상해없음,자전거,남,10세,경상
2019051200100380,2019년 5월 12일 16시,일요일,광주광역시 광산구 신창동,경상사고,0,0,4,0,차대차 - 측면충돌,신호위반,건조,맑음,교차로 - 교차로안,승용,남,40세,경상,승용,남,31세,경상
2019051200100417,2019년 5월 12일 17시,일요일,광주광역시 서구 화정동,경상사고,0,0,2,1,차대차 - 추돌,안전운전불이행,건조,맑음,교차로 - 교차로부근,승용,남,42세,상해없음,승용,여,61세,경상
2019051200100418,2019년 5월 12일 17시,일요일,광주광역시 북구 용봉동,경상사고,0,0,1,0,차대사람 - 횡단중,안전운전불이행,건조,맑음,교차로 - 교차로안,승용,여,24세,상해없음,보행자,여,74세,경상
2019051200100419,2019년 5월 12일 17시,일요일,광주광역시 광산구 도천동,경상사고,0,0,1,0,차대차 - 측면충돌,안전운전불이행,건조,맑음,교차로 - 교차로안,승용,남,16세,상해없음,승용,여,51세,경상
2019051200100474,2019년 5월 12일 19시,일요일,광주광역시 서구 쌍촌동,경상사고,0,0,1,0,차대차 - 측면충돌,안전운전불이행,건조,맑음,단일로 - 기타,승용,여,47세,기타불명,승용,남,56세,경상
2019051200100475,2019년 5월 12일 19시,일요일,광주광역시 서구 벽진동,중상사고,0,1,2,0,차대차 - 측면충돌,불법유턴,건조,맑음,교차로 - 교차로부근,승용,남,64세,경상,승용,남,55세,경상
2019051300100040,2019년 5월 13일 01시,월요일,광주광역시 북구 용강동,경상사고,0,0,1,0,차대차 - 측면충돌,안전운전불이행,건조,맑음,단일로 - 기타,승용,남,61세,경상,화물,남,55세,기타불명
2019051300100049,2019년 5월 13일 03시,월요일,광주광역시 북구 동림동,경상사고,0,0,2,0,차대차 - 기타,신호위반,건조,맑음,교차로 - 교차로안,승용,여,26세,상해없음,승용,여,38세,경상
2019051300100101,2019년 5월 13일 07시,월요일,광주광역시 서구 화정동,경상사고,0,0,1,0,차대차 - 측면충돌,안전운전불이행,건조,맑음,교차로 - 교차로안,승용,남,27세,상해없음,승용,여,45세,경상
2019051300100102,2019년 5월 13일 07시,월요일,광주광역시 서구 치평동,경상사고,0,0,1,0,차대차 - 기타,교차로운행방법위반,건조,맑음,교차로 - 교차로부근,승용,여,41세,상해없음,승용,남,55세,경상
2019051300100103,2019년 5월 13일 07시,월요일,광주광역시 남구 양촌동,경상사고,0,0,1,0,차대차 - 측면충돌,교차로운행방법위반,건조,맑음,교차로 - 교차로안,화물,남,70세,상해없음,화물,남,64세,경상
2019051300100143,2019년 5월 13일 08시,월요일,광주광역시 서구 쌍촌동,경상사고,0,0,1,0,차대차 - 추돌,안전거리미확보,건조,맑음,교차로 - 교차로부근,승용,남,58세,상해없음,승용,남,47세,경상
2019051300100182,2019년 5월 13일 09시,월요일,광주광역시 남구 봉선동,중상사고,0,1,0,0,차대사람 - 횡단중,안전운전불이행,건조,맑음,단일로 - 기타,승용,여,33세,상해없음,보행자,여,78세,중상
2019051300100183,2019년 5월 13일 09시,월요일,광주광역시 남구 월산동,경상사고,0,0,1,0,차대차 - 측면충돌,교차로운행방법위반,건조,맑음,교차로 - 교차로안,승용,남,25세,상해없음,승용,남,59세,경상
2019051300100184,2019년 5월 13일 09시,월요일,광주광역시 북구 양산동,중상사고,0,1,0,0,차대사람 - 횡단중,안전운전불이행,건조,맑음,단일로 - 기타,승용,남,34세,상해없음,보행자,남,27세,중상
2019051300100249,2019년 5월 13일 11시,월요일,광주광역시 서구 금호동,경상사고,0,0,1,0,차대차 - 측면충돌,안전거리미확보,건조,맑음,단일로 - 기타,승용,여,47세,상해없음,승용,남,43세,경상
2019051300100250,2019년 5월 13일 11시,월요일,광주광역시 북구 용두동,부상신고사고,0,0,0,1,차대차 - 측면충돌,안전운전불이행,건조,맑음,단일로 - 기타,승용,여,30세,부상신고,화물,남,45세,기타불명
2019051300100286,2019년 5월 13일 12시,월요일,광주광역시 광산구 도천동,경상사고,0,0,2,0,차대차 - 측면충돌,교차로운행방법위반,건조,맑음,교차로 - 교차로안,이륜,남,59세,경상,이륜,남,47세,경상
2019051300100317,2019년 5월 13일 13시,월요일,광주광역시 북구 오치동,경상사고,0,0,1,0,차대사람 - 횡단중,안전운전불이행,건조,맑음,단일로 - 기타,이륜,남,45세,상해없음,보행자,여,68세,경상
2019051300100318,2019년 5월 13일 13시,월요일,광주광역시 북구 신안동,경상사고,0,0,3,0,차대차 - 측면충돌,교차로운행방법위반,건조,맑음,교차로 - 교차로안,승용,남,64세,경상,승합,남,70세,경상
2019051300100361,2019년 5월 13일 14시,월요일,광주광역시 서구 쌍촌동,경상사고,0,0,1,0,차대차 - 측면충돌,안전거리미확보,건조,맑음,기타 - 기타,승용,여,50세,상해없음,승용,남,27세,경상
2019051300100362,2019년 5월 13일 14시,월요일,광주광역시 광산구 수완동,경상사고,0,0,1,0,차대사람 - 횡단중,보행자보호의무위반,건조,맑음,교차로 - 교차로횡단보도내,승용,여,27세,상해없음,보행자,여,7세,경상
2019051300100421,2019년 5월 13일 16시,월요일,광주광역시 서구 마륵동,경상사고,0,0,4,0,차대차 - 측면충돌,직진우회전진행방해,건조,맑음,교차로 - 교차로안,승용,남,77세,경상,승용,남,37세,경상
2019051300100422,2019년 5월 13일 16시,월요일,광주광역시 남구 주월동,경상사고,0,0,4,0,차대차 - 측면충돌,교차로운행방법위반,건조,맑음,교차로 - 교차로안,승용,남,42세,경상,승용,여,44세,경상
2019051300100423,2019년 5월 13일 16시,월요일,광주광역시 남구 봉선동,중상사고,0,1,2,0,차대차 - 추돌,안전운전불이행,건조,맑음,단일로 - 기타,승용,여,35세,상해없음,이륜,남,55세,중상
2019051300100461,2019년 5월 13일 17시,월요일,광주광역시 광산구 월곡동,경상사고,0,0,2,0,차대차 - 측면충돌,안전운전불이행,건조,맑음,교차로 - 교차로안,승용,남,37세,상해없음,승용,남,58세,경상
2019051300100509,2019년 5월 13일 18시,월요일,광주광역시 남구 진월동,경상사고,0,0,1,0,차대사람 - 횡단중,안전운전불이행,건조,맑음,교차로 - 교차로부근,승용,남,45세,상해없음,보행자,여,23세,경상
2019051300100546,2019년 5월 13일 19시,월요일,광주광역시 동구 지산동,경상사고,0,0,2,0,차대차 - 추돌,안전거리미확보,건조,맑음,교차로 - 교차로부근,승합,남,53세,상해없음,승용,여,45세,경상
2019051300100547,2019년 5월 13일 19시,월요일,광주광역시 광산구 신가동,경상사고,0,0,1,0,차대차 - 기타,불법유턴,건조,맑음,교차로 - 교차로부근,승용,여,29세,상해없음,승용,남,47세,경상
2019051300100582,2019년 5월 13일 20시,월요일,광주광역시 광산구 하남동,경상사고,0,0,1,0,차대차 - 기타,신호위반,건조,맑음,교차로 - 교차로안,승용,여,24세,상해없음,이륜,남,38세,경상
2019051300100607,2019년 5월 13일 21시,월요일,광주광역시 북구 중흥동,중상사고,0,2,0,0,차대사람 - 횡단중,안전운전불이행,건조,맑음,교차로 - 교차로부근,승용,여,44세,상해없음,보행자,남,19세,중상
2019051300100642,2019년 5월 13일 23시,월요일,광주광역시 서구 쌍촌동,경상사고,0,0,2,0,차대차 - 추돌,안전운전불이행,건조,맑음,단일로 - 기타,승용,남,25세,상해없음,승용,남,23세,경상
2019051400100040,2019년 5월 14일 00시,화요일,광주광역시 서구 농성동,경상사고,0,0,2,0,차대차 - 측면충돌,신호위반,건조,맑음,교차로 - 교차로안,승용,남,45세,상해없음,승용,여,60세,경상
2019051400100061,2019년 5월 14일 03시,화요일,광주광역시 광산구 산월동,경상사고,0,0,2,0,차대차 - 측면충돌,신호위반,젖음/습기,흐림,교차로 - 교차로안,기타불명,기타불명,미분류,기타불명,승용,남,40세,경상
2019051400100102,2019년 5월 14일 07시,화요일,광주광역시 광산구 월곡동,경상사고,0,0,1,0,차대차 - 기타,안전운전불이행,건조,맑음,단일로 - 기타,승용,남,36세,상해없음,승용,남,36세,경상
2019051400100139,2019년 5월 14일 08시,화요일,광주광역시 서구 치평동,중상사고,0,1,0,0,차대사람 - 기타,안전운전불이행,건조,맑음,단일로 - 기타,화물,남,45세,상해없음,보행자,남,58세,중상
2019051400100185,2019년 5월 14일 09시,화요일,광주광역시 동구 계림동,경상사고,0,0,2,0,차대차 - 기타,안전운전불이행,건조,맑음,단일로 - 기타,승용,여,82세,상해없음,승용,남,37세,경상
2019051400100214,2019년 5월 14일 10시,화요일,광주광역시 동구 충장로2가,경상사고,0,0,1,0,차대차 - 측면충돌,안전운전불이행,건조,맑음,단일로 - 기타,승용,여,22세,상해없음,승합,남,60세,경상
2019051400100215,2019년 5월 14일 10시,화요일,광주광역시 서구 쌍촌동,경상사고,0,0,1,0,차대차 - 측면충돌,안전운전불이행,건조,맑음,교차로 - 교차로횡단보도내,승용,남,63세,상해없음,승용,남,34세,경상
2019051400100278,2019년 5월 14일 12시,화요일,광주광역시 서구 매월동,경상사고,0,0,3,0,차대차 - 측면충돌,안전운전불이행,건조,맑음,단일로 - 기타,화물,남,49세,기타불명,승용,남,48세,경상
2019051400100314,2019년 5월 14일 13시,화요일,광주광역시 북구 오치동,경상사고,0,0,1,0,차대사람 - 기타,안전운전불이행,건조,맑음,단일로 - 기타,승용,여,45세,상해없음,보행자,여,29세,경상
2019051400100351,2019년 5월 14일 14시,화요일,광주광역시 광산구 쌍암동,경상사고,0,0,2,0,차대차 - 추돌,안전운전불이행,건조,맑음,단일로 - 기타,건설기계,남,53세,기타불명,승용,여,34세,경상
2019051400100394,2019년 5월 14일 15시,화요일,광주광역시 서구 화정동,경상사고,0,0,1,0,차대차 - 측면충돌,안전운전불이행,건조,맑음,단일로 - 지하차도(도로)내,승용,남,77세,상해없음,승용,여,51세,경상
2019051400100433,2019년 5월 14일 16시,화요일,광주광역시 북구 두암동,경상사고,0,0,1,0,차대사람 - 기타,안전운전불이행,건조,맑음,단일로 - 기타,승용,남,49세,상해없음,보행자,여,64세,경상
2019051400100571,2019년 5월 14일 19시,화요일,광주광역시 남구 양림동,경상사고,0,0,1,0,차대차 - 측면충돌,교차로운행방법위반,건조,맑음,교차로 - 교차로안,승용,남,44세,상해없음,자전거,남,60세,경상
2019051400100572,2019년 5월 14일 19시,화요일,광주광역시 북구 두암동,중상사고,0,1,0,0,차대사람 - 차도통행중,안전운전불이행,건조,맑음,교차로 - 교차로안,승용,남,68세,상해없음,보행자,여,66세,중상
2019051400100573,2019년 5월 14일 19시,화요일,광주광역시 광산구 신창동,경상사고,0,0,1,0,차대사람 - 횡단중,신호위반,건조,맑음,교차로 - 교차로횡단보도내,승용,남,63세,상해없음,보행자,남,13세,경상
2019051400100611,2019년 5월 14일 20시,화요일,광주광역시 서구 농성동,경상사고,0,0,2,0,차대차 - 측면충돌,신호위반,건조,맑음,교차로 - 교차로안,승용,여,68세,경상,승용,남,31세,경상
2019051400100612,2019년 5월 14일 20시,화요일,광주광역시 서구 유촌동,경상사고,0,0,2,0,차대차 - 측면충돌,교차로운행방법위반,건조,맑음,교차로 - 교차로안,승용,남,33세,상해없음,화물,남,34세,경상
2019051400100613,2019년 5월 14일 20시,화요일,광주광역시 북구 임동,부상신고사고,0,0,0,1,차대사람 - 기타,안전운전불이행,건조,맑음,단일로 - 기타,승용,남,56세,기타불명,보행자,남,64세,부상신고
2019051400100648,2019년 5월 14일 21시,화요일,광주광역시 서구 치평동,경상사고,0,0,1,0,차량단독 - 기타,안전운전불이행,건조,흐림,단일로 - 지하차도(도로)내,승합,남,61세,기타불명,,,,
2019051400100649,2019년 5월 14일 21시,화요일,광주광역시 광산구 선암동,중상사고,0,1,0,0,차대사람 - 횡단중,안전운전불이행,건조,맑음,교차로 - 교차로부근,승용,남,40세,상해없음,보행자,남,47세,중상
2019051400100670,2019년 5월 14일 22시,화요일,광주광역시 동구 충장로5가,경상사고,0,0,1,0,차대차 - 기타,안전운전불이행,건조,맑음,교차로 - 교차로안,승용,여,52세,상해없음,승용,남,35세,상해없음
2019051400100671,2019년 5월 14일 22시,화요일,광주광역시 광산구 선암동,중상사고,0,1,0,0,차대사람 - 기타,안전운전불이행,건조,맑음,단일로 - 기타,승용,남,42세,상해없음,보행자,남,43세,중상
2019051500100122,2019년 5월 15일 07시,수요일,광주광역시 북구 두암동,경상사고,0,0,1,0,차대차 - 기타,안전운전불이행,건조,맑음,교차로 - 교차로안,승용,남,55세,상해없음,이륜,남,74세,경상
2019051500100158,2019년 5월 15일 08시,수요일,광주광역시 광산구 수완동,경상사고,0,0,3,0,차대차 - 추돌,안전운전불이행,건조,맑음,단일로 - 기타,화물,남,34세,상해없음,화물,남,73세,경상
2019051500100197,2019년 5월 15일 09시,수요일,광주광역시 서구 광천동,경상사고,0,0,1,0,차대차 - 측면충돌,안전운전불이행,건조,맑음,단일로 - 지하차도(도로)내,승용,남,30세,상해없음,화물,남,63세,상해없음
2019051500100198,2019년 5월 15일 09시,수요일,광주광역시 북구 우산동,경상사고,0,0,1,0,차대차 - 기타,안전운전불이행,건조,맑음,단일로 - 기타,화물,남,77세,상해없음,자전거,남,70세,경상
2019051500100199,2019년 5월 15일 09시,수요일,광주광역시 북구 동림동,경상사고,0,0,1,0,차대차 - 측면충돌,안전거리미확보,젖음/습기,흐림,단일로 - 기타,승용,남,68세,상해없음,승용,남,28세,경상
2019051500100237,2019년 5월 15일 10시,수요일,광주광역시 서구 매월동,경상사고,0,0,1,0,차대차 - 측면충돌,신호위반,건조,맑음,교차로 - 교차로안,승용,여,46세,상해없음,화물,남,38세,경상
2019051500100238,2019년 5월 15일 10시,수요일,광주광역시 서구 화정동,경상사고,0,0,2,0,차대차 - 측면충돌,안전운전불이행,건조,맑음,단일로 - 기타,승용,남,60세,상해없음,승합,남,42세,경상
2019051500100272,2019년 5월 15일 11시,수요일,광주광역시 서구 유촌동,경상사고,0,0,1,0,차대차 - 기타,안전운전불이행,건조,맑음,교차로 - 교차로부근,화물,남,39세,경상,승용,남,30세,상해없음
2019051500100273,2019년 5월 15일 11시,수요일,광주광역시 북구 용봉동,중상사고,0,1,0,0,차대차 - 추돌,안전운전불이행,건조,맑음,단일로 - 기타,승용,남,30세,기타불명,자전거,남,66세,중상
2019051500100274,2019년 5월 15일 11시,수요일,광주광역시 광산구 수완동,경상사고,0,0,3,0,차대차 - 추돌,안전운전불이행,건조,맑음,교차로 - 교차로부근,승용,남,24세,상해없음,승용,남,30세,경상
2019051500100313,2019년 5월 15일 12시,수요일,광주광역시 북구 운암동,부상신고사고,0,0,0,1,차량단독 - 기타,기타,건조,맑음,단일로 - 교량,승합,남,40세,상해없음,,,,
2019051500100387,2019년 5월 15일 14시,수요일,광주광역시 서구 치평동,중상사고,0,1,1,0,차대차 - 측면충돌,직진우회전진행방해,건조,맑음,교차로 - 교차로안,승용,남,26세,상해없음,승용,남,64세,중상
2019051500100388,2019년 5월 15일 14시,수요일,광주광역시 서구 화정동,경상사고,0,0,1,0,차대차 - 측면충돌,안전운전불이행,건조,맑음,단일로 - 지하차도(도로)내,승용,여,41세,상해없음,승용,남,26세,상해없음
2019051500100389,2019년 5월 15일 14시,수요일,광주광역시 북구 두암동,중상사고,0,1,0,0,차대사람 - 횡단중,신호위반,건조,맑음,교차로 - 교차로안,승용,남,56세,상해없음,보행자,여,60세,중상
2019051500100470,2019년 5월 15일 16시,수요일,광주광역시 남구 방림동,경상사고,0,0,1,0,차대차 - 기타,차로위반,건조,맑음,단일로 - 기타,건설기계,남,57세,상해없음,승용,여,52세,경상
2019051500100471,2019년 5월 15일 16시,수요일,광주광역시 북구 매곡동,경상사고,0,0,1,0,차대차 - 기타,안전운전불이행,건조,맑음,교차로 - 교차로안,승용,남,53세,상해없음,이륜,남,28세,경상
2019051500100472,2019년 5월 15일 16시,수요일,광주광역시 광산구 신가동,경상사고,0,0,1,0,차대차 - 추돌,안전운전불이행,건조,맑음,단일로 - 기타,승용,여,33세,상해없음,승용,여,59세,경상
2019051500100473,2019년 5월 15일 16시,수요일,광주광역시 광산구 운남동,중상사고,0,1,0,0,차대사람 - 기타,안전운전불이행,건조,맑음,기타 - 기타,승용,남,61세,상해없음,보행자,여,3세,중상
2019051500100563,2019년 5월 15일 18시,수요일,광주광역시 서구 서창동,경상사고,0,0,3,0,차대차 - 측면충돌,교차로운행방법위반,건조,맑음,교차로 - 교차로안,승용,남,76세,경상,승용,여,47세,경상
2019051500100564,2019년 5월 15일 18시,수요일,광주광역시 광산구 산막동,사망사고,1,0,1,0,차대차 - 측면충돌,교차로운행방법위반,건조,맑음,교차로 - 교차로안,화물,남,55세,경상,화물,여,55세,사망
2019051500100565,2019년 5월 15일 18시,수요일,광주광역시 광산구 소촌동,경상사고,0,0,1,0,차대차 - 측면충돌,신호위반,건조,맑음,교차로 - 교차로횡단보도내,이륜,남,18세,상해없음,승용,여,51세,경상
2019051500100606,2019년 5월 15일 19시,수요일,광주광역시 광산구 신가동,중상사고,0,1,0,0,차대차 - 기타,안전운전불이행,건조,맑음,단일로 - 기타,승용,남,37세,상해없음,자전거,남,11세,중상
2019051500100689,2019년 5월 15일 22시,수요일,광주광역시 광산구 산정동,경상사고,0,0,1,0,차대차 - 기타,안전운전불이행,건조,맑음,단일로 - 기타,승용,남,39세,상해없음,이륜,남,36세,경상
2019051500100690,2019년 5월 15일 22시,수요일,광주광역시 광산구 월계동,경상사고,0,0,7,0,차대차 - 추돌,교차로운행방법위반,건조,맑음,교차로 - 교차로안,승용,남,19세,경상,승용,여,26세,경상
2019051600100111,2019년 5월 16일 06시,목요일,광주광역시 광산구 쌍암동,경상사고,0,0,1,0,차대사람 - 기타,안전운전불이행,건조,맑음,단일로 - 기타,승용,남,46세,상해없음,보행자,남,34세,경상
2019051600100136,2019년 5월 16일 07시,목요일,광주광역시 서구 벽진동,경상사고,0,0,3,0,차대차 - 추돌,안전운전불이행,건조,맑음,단일로 - 기타,승용,남,19세,상해없음,승용,남,56세,경상
2019051600100187,2019년 5월 16일 08시,목요일,광주광역시 광산구 소촌동,경상사고,0,0,3,0,차대차 - 기타,신호위반,건조,맑음,교차로 - 교차로안,승용,남,34세,경상,승용,남,48세,경상
2019051600100231,2019년 5월 16일 09시,목요일,광주광역시 북구 각화동,경상사고,0,0,1,0,차대차 - 기타,교차로운행방법위반,건조,맑음,교차로 - 교차로안,승용,여,64세,상해없음,승용,여,46세,경상
2019051600100232,2019년 5월 16일 09시,목요일,광주광역시 광산구 비아동,경상사고,0,0,3,0,차대차 - 기타,안전거리미확보,건조,맑음,교차로 - 교차로부근,승용,여,53세,경상,화물,남,51세,경상
2019051600100267,2019년 5월 16일 10시,목요일,광주광역시 서구 쌍촌동,경상사고,0,0,1,0,차대차 - 후진중충돌,안전운전불이행,건조,맑음,단일로 - 기타,승용,남,69세,상해없음,승용,여,23세,경상
2019051600100268,2019년 5월 16일 10시,목요일,광주광역시 남구 주월동,경상사고,0,0,1,0,차대차 - 측면충돌,교차로운행방법위반,건조,맑음,교차로 - 교차로안,승용,여,37세,상해없음,승용,여,47세,경상
2019051600100269,2019년 5월 16일 10시,목요일,광주광역시 광산구 오선동,경상사고,0,0,2,0,차대차 - 기타,교차로운행방법위반,건조,맑음,단일로 - 기타,승용,남,54세,상해없음,화물,남,33세,경상
2019051600100317,2019년 5월 16일 11시,목요일,광주광역시 남구 양림동,경상사고,0,0,1,0,차대차 - 기타,교차로운행방법위반,건조,맑음,교차로 - 교차로안,승용,남,63세,상해없음,승용,남,61세,상해없음
2019051600100318,2019년 5월 16일 11시,목요일,광주광역시 광산구 동림동,경상사고,0,0,1,0,차량단독 - 기타,안전운전불이행,건조,맑음,단일로 - 기타,승합,남,62세,상해없음,,,,
2019051600100370,2019년 5월 16일 13시,목요일,광주광역시 남구 백운동,경상사고,0,0,1,0,차대차 - 기타,안전거리미확보,건조,맑음,단일로 - 기타,승용,남,63세,상해없음,승용,남,68세,경상
2019051600100434,2019년 5월 16일 15시,목요일,광주광역시 북구 중흥동,경상사고,0,0,1,0,차대차 - 측면충돌,안전운전불이행,건조,맑음,단일로 - 기타,이륜,남,48세,상해없음,승용,여,39세,경상
2019051600100478,2019년 5월 16일 16시,목요일,광주광역시 서구 화정동,경상사고,0,0,2,0,차대차 - 추돌,안전운전불이행,건조,맑음,단일로 - 기타,기타불명,기타불명,미분류,기타불명,승용,여,31세,경상