사고번호,사고일시,요일,시군구,사고내용,사망자수,중상자수,경상자수,부상신고자수,사고유형,법규위반,노면상태,기상상태,도로형태,가해운전자 차종,가해운전자 성별,가해운전자 연령,가해운전자 상해정도,피해운전자 차종,피해운전자 성별,피해운전자 연령,피해운전자 상해정도
2019051600100479,2019년 5월 16일 16시,목요일,광주광역시 남구 구동,부상신고사고,0,0,0,1,차대사람 - 차도통행중,안전운전불이행,건조,맑음,단일로 - 기타,승용,남,44세,상해없음,보행자,여,35세,부상신고
2019051600100480,2019년 5월 16일 16시,목요일,광주광역시 북구 연제동,경상사고,0,0,1,0,차대차 - 기타,안전운전불이행,건조,맑음,교차로 - 교차로부근,승용,남,58세,상해없음,승용,남,32세,경상
2019051600100481,2019년 5월 16일 16시,목요일,광주광역시 광산구 월곡동,경상사고,0,0,1,0,차대차 - 기타,안전운전불이행,건조,맑음,교차로 - 교차로안,화물,여,58세,상해없음,이륜,남,26세,경상
2019051600100539,2019년 5월 16일 17시,목요일,광주광역시 서구 마륵동,경상사고,0,0,2,0,차대차 - 측면충돌,안전운전불이행,건조,맑음,단일로 - 지하차도(도로)내,승합,남,37세,상해없음,승용,남,59세,경상
2019051600100540,2019년 5월 16일 17시,목요일,광주광역시 광산구 오선동,부상신고사고,0,0,0,1,차대차 - 추돌,안전운전불이행,건조,맑음,단일로 - 기타,화물,남,46세,부상신고,화물,남,55세,기타불명
2019051600100541,2019년 5월 16일 17시,목요일,광주광역시 광산구 진곡동,중상사고,0,1,0,0,차대차 - 측면충돌,신호위반,건조,맑음,교차로 - 교차로안,화물,남,60세,상해없음,승용,남,36세,중상
2019051600100587,2019년 5월 16일 18시,목요일,광주광역시 서구 농성동,경상사고,0,0,2,0,차대차 - 추돌,안전운전불이행,건조,맑음,단일로 - 기타,승합,남,52세,상해없음,승합,남,37세,상해없음
2019051600100588,2019년 5월 16일 18시,목요일,광주광역시 광산구 월계동,경상사고,0,0,5,0,차대차 - 측면충돌,교차로운행방법위반,건조,맑음,교차로 - 교차로안,승용,여,69세,경상,승용,남,51세,경상
2019051600100626,2019년 5월 16일 19시,목요일,광주광역시 광산구 산월동,경상사고,0,0,1,0,차대차 - 추돌,안전운전불이행,건조,맑음,단일로 - 기타,승용,남,52세,상해없음,승용,남,44세,경상
2019051600100627,2019년 5월 16일 19시,목요일,광주광역시 광산구 월계동,중상사고,0,1,0,0,차대차 - 측면충돌,신호위반,건조,맑음,교차로 - 교차로횡단보도내,승용,여,48세,상해없음,자전거,남,11세,중상
2019051600100684,2019년 5월 16일 21시,목요일,광주광역시 북구 동림동,경상사고,0,0,2,0,차대차 - 추돌,안전운전불이행,건조,맑음,단일로 - 기타,화물,남,61세,상해없음,승용,남,35세,경상
2019051600100685,2019년 5월 16일 21시,목요일,광주광역시 북구 운암동,경상사고,0,0,2,0,차대차 - 측면충돌,교차로운행방법위반,건조,맑음,교차로 - 교차로안,승용,여,54세,경상,승용,여,58세,경상
2019051600100686,2019년 5월 16일 21시,목요일,광주광역시 북구 문흥동,경상사고,0,0,1,0,차대차 - 기타,교차로운행방법위반,건조,맑음,교차로 - 교차로안,승용,여,39세,상해없음,승용,남,55세,상해없음
2019051600100710,2019년 5월 16일 22시,목요일,광주광역시 동구 계림동,경상사고,0,0,1,0,차대차 - 측면충돌,신호위반,건조,맑음,교차로 - 교차로안,승용,여,53세,기타불명,승용,남,23세,경상
2019051700100040,2019년 5월 17일 01시,금요일,광주광역시 북구 임동,경상사고,0,0,4,0,차대차 - 측면충돌,교차로운행방법위반,건조,맑음,교차로 - 교차로안,승용,남,68세,상해없음,승용,남,22세,경상
2019051700100067,2019년 5월 17일 04시,금요일,광주광역시 서구 양동,경상사고,0,0,2,0,차대차 - 측면충돌,신호위반,건조,맑음,교차로 - 교차로안,승용,남,26세,상해없음,승용,남,50세,경상
2019051700100119,2019년 5월 17일 07시,금요일,광주광역시 광산구 옥동,부상신고사고,0,0,0,1,차대사람 - 길가장자리구역통행중,안전운전불이행,건조,맑음,단일로 - 기타,기타불명,기타불명,미분류,기타불명,보행자,남,25세,부상신고
2019051700100161,2019년 5월 17일 08시,금요일,광주광역시 동구 산수동,중상사고,0,1,0,0,차대사람 - 횡단중,안전운전불이행,건조,맑음,교차로 - 교차로횡단보도내,승용,여,34세,상해없음,보행자,여,86세,중상
2019051700100162,2019년 5월 17일 08시,금요일,광주광역시 서구 덕흥동,경상사고,0,0,1,0,차대차 - 측면충돌,직진우회전진행방해,건조,맑음,교차로 - 교차로안,원동기,여,78세,경상,승용,여,38세,상해없음
2019051700100192,2019년 5월 17일 09시,금요일,광주광역시 남구 월산동,경상사고,0,0,1,0,차대사람 - 횡단중,안전운전불이행,건조,맑음,교차로 - 교차로안,승용,여,38세,상해없음,보행자,남,73세,경상
2019051700100223,2019년 5월 17일 10시,금요일,광주광역시 서구 광천동,경상사고,0,0,1,0,차대차 - 후진중충돌,안전운전불이행,건조,맑음,단일로 - 기타,승용,남,45세,경상,승용,남,47세,상해없음
2019051700100224,2019년 5월 17일 10시,금요일,광주광역시 북구 신안동,경상사고,0,0,1,0,차대차 - 측면충돌,안전운전불이행,건조,맑음,단일로 - 기타,승용,여,61세,상해없음,승용,여,49세,경상
2019051700100225,2019년 5월 17일 10시,금요일,광주광역시 북구 두암동,경상사고,0,0,1,0,차대차 - 추돌,안전거리미확보,건조,맑음,단일로 - 기타,승합,남,64세,상해없음,승용,여,47세,상해없음
2019051700100327,2019년 5월 17일 13시,금요일,광주광역시 북구 장등동,중상사고,0,3,1,0,차대차 - 측면충돌,신호위반,건조,맑음,교차로 - 교차로안,승용,남,70세,경상,승용,남,52세,중상
2019051700100328,2019년 5월 17일 13시,금요일,광주광역시 광산구 장덕동,경상사고,0,0,2,1,차대차 - 측면충돌,안전거리미확보,건조,맑음,교차로 - 교차로부근,승용,여,46세,부상신고,승용,남,39세,경상
2019051700100329,2019년 5월 17일 13시,금요일,광주광역시 광산구 쌍암동,경상사고,0,0,1,1,차대차 - 측면충돌,신호위반,건조,맑음,교차로 - 교차로부근,승용,여,49세,부상신고,승용,남,44세,경상
2019051700100392,2019년 5월 17일 15시,금요일,광주광역시 광산구 수완동,경상사고,0,0,1,0,차대사람 - 횡단중,보행자보호의무위반,건조,맑음,교차로 - 교차로횡단보도내,승합,남,35세,상해없음,보행자,여,7세,경상
2019051700100393,2019년 5월 17일 15시,금요일,광주광역시 광산구 월계동,경상사고,0,0,2,0,차대차 - 추돌,안전운전불이행,건조,맑음,단일로 - 기타,승합,남,44세,상해없음,승용,남,29세,경상
2019051700100394,2019년 5월 17일 15시,금요일,광주광역시 광산구 월곡동,부상신고사고,0,0,0,1,차량단독 - 공작물충돌,안전운전불이행,건조,맑음,단일로 - 기타,승용,여,54세,부상신고,,,,
2019051700100431,2019년 5월 17일 16시,금요일,광주광역시 남구 주월동,중상사고,0,1,0,0,차대차 - 측면충돌,교차로운행방법위반,건조,맑음,교차로 - 교차로안,승용,남,20세,상해없음,이륜,남,34세,중상
2019051700100432,2019년 5월 17일 16시,금요일,광주광역시 남구 주월동,경상사고,0,0,1,0,차대차 - 측면충돌,안전거리미확보,건조,맑음,단일로 - 기타,승용,여,30세,상해없음,승용,여,57세,경상
2019051700100433,2019년 5월 17일 16시,금요일,광주광역시 광산구 쌍암동,경상사고,0,0,1,0,차대사람 - 보도통행중,안전운전불이행,건조,맑음,단일로 - 기타,승용,남,39세,상해없음,보행자,남,25세,경상
2019051700100487,2019년 5월 17일 17시,금요일,광주광역시 북구 월출동,경상사고,0,0,1,0,차대차 - 추돌,안전운전불이행,건조,맑음,교차로 - 교차로부근,화물,남,46세,상해없음,승용,남,37세,경상
2019051700100539,2019년 5월 17일 18시,금요일,광주광역시 북구 대촌동,중상사고,0,1,0,0,차대차 - 기타,안전거리미확보,건조,맑음,단일로 - 기타,자전거,남,57세,중상,승용,여,28세,상해없음
2019051700100540,2019년 5월 17일 18시,금요일,광주광역시 북구 두암동,경상사고,0,0,1,0,차대차 - 측면충돌,안전운전불이행,건조,맑음,교차로 - 교차로안,이륜,남,61세,경상,승용,남,50세,상해없음
2019051700100586,2019년 5월 17일 19시,금요일,광주광역시 서구 화정동,경상사고,0,0,1,0,차대차 - 측면충돌,중앙선침범,건조,맑음,교차로 - 교차로안,사륜오토바이(ATV),여,66세,상해없음,이륜,남,45세,경상
2019051700100587,2019년 5월 17일 19시,금요일,광주광역시 남구 송하동,경상사고,0,0,1,0,차대차 - 측면충돌,안전운전불이행,건조,맑음,교차로 - 교차로안,승용,남,70세,상해없음,승용,여,39세,경상
2019051700100588,2019년 5월 17일 19시,금요일,광주광역시 북구 풍향동,경상사고,0,0,2,0,차대차 - 측면충돌,안전운전불이행,젖음/습기,비,기타 - 기타,승용,남,41세,상해없음,화물,남,38세,경상
2019051700100623,2019년 5월 17일 20시,금요일,광주광역시 북구 임동,경상사고,0,0,2,0,차대차 - 추돌,안전운전불이행,젖음/습기,비,교차로 - 교차로부근,화물,남,65세,상해없음,승용,남,51세,경상
2019051700100624,2019년 5월 17일 20시,금요일,광주광역시 북구 운암동,경상사고,0,0,1,0,차대차 - 기타,안전운전불이행,건조,맑음,단일로 - 기타,승용,남,56세,상해없음,기타불명,기타불명,미분류,기타불명
2019051700100625,2019년 5월 17일 20시,금요일,광주광역시 광산구 수완동,중상사고,0,1,1,0,차대차 - 측면충돌,신호위반,건조,맑음,교차로 - 교차로안,승용,남,33세,경상,승용,여,26세,중상
2019051700100667,2019년 5월 17일 21시,금요일,광주광역시 남구 송하동,경상사고,0,0,1,0,차대차 - 측면충돌,신호위반,젖음/습기,비,교차로 - 교차로안,승합,남,51세,상해없음,승용,남,39세,경상
2019051700100668,2019년 5월 17일 21시,금요일,광주광역시 북구 오치동,경상사고,0,0,1,0,차대차 - 기타,안전거리미확보,젖음/습기,비,단일로 - 기타,승용,남,60세,상해없음,이륜,남,19세,경상
2019051700100669,2019년 5월 17일 21시,금요일,광주광역시 광산구 신창동,경상사고,0,0,1,0,차대차 - 기타,안전거리미확보,젖음/습기,비,교차로 - 교차로부근,승용,남,54세,상해없음,승용,남,46세,경상
2019051700100693,2019년 5월 17일 22시,금요일,광주광역시 서구 치평동,경상사고,0,0,1,0,차대사람 - 횡단중,신호위반,젖음/습기,비,단일로 - 기타,원동기,남,45세,상해없음,보행자,여,18세,경상
2019051700100694,2019년 5월 17일 22시,금요일,광주광역시 광산구 월곡동,경상사고,0,0,2,0,차대차 - 추돌,안전운전불이행,젖음/습기,비,교차로 - 교차로안,승용,남,44세,상해없음,승용,여,26세,경상
2019051700100724,2019년 5월 17일 23시,금요일,광주광역시 서구 화정동,경상사고,0,0,1,0,차대차 - 추돌,안전운전불이행,젖음/습기,비,교차로 - 교차로부근,승용,남,40세,상해없음,승용,여,28세,경상
2019051700100725,2019년 5월 17일 23시,금요일,광주광역시 서구 매월동,부상신고사고,0,0,0,1,차대차 - 기타,안전운전불이행,젖음/습기,비,단일로 - 기타,승용,남,52세,상해없음,승용,남,27세,부상신고
2019051700100726,2019년 5월 17일 23시,금요일,광주광역시 북구 일곡동,경상사고,0,0,1,0,차대차 - 기타,중앙선침범,젖음/습기,비,단일로 - 기타,승용,여,34세,상해없음,승용,남,49세,경상
2019051700100727,2019년 5월 17일 23시,금요일,광주광역시 광산구 소촌동,경상사고,0,0,2,0,차대차 - 측면충돌,안전운전불이행,젖음/습기,비,교차로 - 교차로안,승용,남,36세,상해없음,승용,남,40세,경상
2019051800100048,2019년 5월 18일 00시,토요일,광주광역시 서구 치평동,중상사고,0,1,3,0,차대차 - 측면충돌,신호위반,젖음/습기,비,교차로 - 교차로안,승용,남,24세,상해없음,승용,남,51세,경상
2019051800100049,2019년 5월 18일 00시,토요일,광주광역시 서구 농성동,경상사고,0,0,3,0,차대차 - 추돌,안전운전불이행,젖음/습기,비,단일로 - 기타,승용,남,24세,기타불명,승용,남,45세,경상
2019051800100050,2019년 5월 18일 00시,토요일,광주광역시 서구 내방동,경상사고,0,0,2,0,차대차 - 측면충돌,안전운전불이행,건조,맑음,교차로 - 교차로부근,승용,여,49세,상해없음,승용,남,44세,경상
2019051800100051,2019년 5월 18일 00시,토요일,광주광역시 광산구 산정동,중상사고,0,1,3,0,차대차 - 기타,안전운전불이행,젖음/습기,비,단일로 - 기타,승용,남,47세,상해없음,승용,남,57세,경상
2019051800100078,2019년 5월 18일 01시,토요일,광주광역시 광산구 신창동,경상사고,0,0,1,0,차대차 - 기타,안전운전불이행,젖음/습기,비,교차로 - 교차로부근,승용,남,38세,상해없음,승용,여,27세,경상
2019051800100095,2019년 5월 18일 02시,토요일,광주광역시 서구 치평동,경상사고,0,0,1,0,차량단독 - 공작물충돌,안전운전불이행,젖음/습기,비,단일로 - 기타,승용,남,35세,상해없음,,,,
2019051800100096,2019년 5월 18일 02시,토요일,광주광역시 서구 마륵동,경상사고,0,0,1,0,차대차 - 측면충돌,안전운전불이행,젖음/습기,비,단일로 - 기타,승용,여,29세,상해없음,승합,남,57세,경상
2019051800100110,2019년 5월 18일 03시,토요일,광주광역시 서구 치평동,경상사고,0,0,1,0,차대차 - 측면충돌,신호위반,젖음/습기,비,교차로 - 교차로안,화물,남,31세,상해없음,승용,남,44세,경상
2019051800100124,2019년 5월 18일 04시,토요일,광주광역시 서구 벽진동,경상사고,0,0,1,0,차량단독 - 공작물충돌,안전운전불이행,젖음/습기,비,단일로 - 기타,승용,남,61세,상해없음,,,,
2019051800100125,2019년 5월 18일 04시,토요일,광주광역시 광산구 산월동,중상사고,0,3,0,0,차대차 - 측면충돌,안전운전불이행,젖음/습기,비,교차로 - 교차로부근,승용,남,26세,중상,승용,남,31세,중상
2019051800100136,2019년 5월 18일 05시,토요일,광주광역시 북구 문흥동,중상사고,0,1,0,0,차대차 - 기타,안전운전불이행,젖음/습기,비,단일로 - 기타,승용,남,29세,상해없음,화물,남,64세,중상
2019051800100141,2019년 5월 18일 05시,토요일,광주광역시 북구 운암동,부상신고사고,0,0,0,1,차량단독 - 공작물충돌,안전운전불이행,젖음/습기,비,교차로 - 교차로부근,승용,남,28세,부상신고,,,,
2019051800100152,2019년 5월 18일 06시,토요일,광주광역시 동구 학동,경상사고,0,0,3,0,차대차 - 기타,신호위반,젖음/습기,비,교차로 - 교차로안,승용,남,36세,경상,승용,남,68세,경상
2019051800100210,2019년 5월 18일 09시,토요일,광주광역시 서구 서창동,경상사고,0,0,1,1,차대차 - 측면충돌,안전운전불이행,젖음/습기,비,교차로 - 교차로안,화물,남,42세,부상신고,화물,남,48세,경상
2019051800100211,2019년 5월 18일 09시,토요일,광주광역시 북구 양산동,경상사고,0,0,2,0,차대차 - 측면충돌,안전운전불이행,젖음/습기,비,단일로 - 기타,승용,남,69세,경상,승용,여,48세,경상
2019051800100330,2019년 5월 18일 12시,토요일,광주광역시 북구 신안동,중상사고,0,1,0,0,차대차 - 측면충돌,직진우회전진행방해,건조,흐림,교차로 - 교차로안,화물,남,61세,상해없음,이륜,남,32세,중상
2019051800100376,2019년 5월 18일 13시,토요일,광주광역시 광산구 송정동,경상사고,0,0,1,0,차대사람 - 보도통행중,안전운전불이행,건조,맑음,기타 - 기타,승용,남,50세,상해없음,보행자,남,59세,경상
2019051800100411,2019년 5월 18일 14시,토요일,광주광역시 남구 방림동,경상사고,0,0,3,0,차대차 - 측면충돌,안전운전불이행,건조,맑음,기타 - 기타,화물,남,50세,상해없음,승용,여,32세,경상
2019051800100412,2019년 5월 18일 14시,토요일,광주광역시 광산구 장덕동,중상사고,0,1,3,0,차대차 - 측면충돌,신호위반,젖음/습기,비,교차로 - 교차로안,승용,여,25세,경상,화물,남,33세,경상
2019051800100413,2019년 5월 18일 14시,토요일,광주광역시 광산구 산정동,경상사고,0,0,2,0,차대차 - 측면충돌,중앙선침범,젖음/습기,비,단일로 - 기타,승용,남,44세,상해없음,승용,여,44세,경상
2019051800100414,2019년 5월 18일 14시,토요일,광주광역시 광산구 수완동,경상사고,0,0,1,0,차대차 - 기타,교차로운행방법위반,젖음/습기,흐림,교차로 - 교차로안,이륜,남,22세,경상,승용,남,57세,상해없음
2019051800100444,2019년 5월 18일 15시,토요일,광주광역시 북구 운암동,경상사고,0,0,1,0,차대차 - 추돌,안전운전불이행,건조,맑음,단일로 - 교량,승용,남,63세,상해없음,승용,남,27세,상해없음
2019051800100483,2019년 5월 18일 16시,토요일,광주광역시 광산구 수완동,경상사고,0,0,4,0,차대차 - 측면충돌,안전거리미확보,건조,맑음,단일로 - 기타,승용,남,33세,경상,승용,남,58세,경상
2019051800100586,2019년 5월 18일 19시,토요일,광주광역시 남구 봉선동,경상사고,0,0,4,0,차대차 - 기타,기타,건조,맑음,단일로 - 기타,승용,여,63세,상해없음,승용,남,32세,경상
2019051800100587,2019년 5월 18일 19시,토요일,광주광역시 광산구 송정동,사망사고,1,0,0,0,차대차 - 추돌,안전운전불이행,건조,맑음,교차로 - 교차로안,승용,여,55세,상해없음,이륜,남,44세,사망
2019051900100042,2019년 5월 19일 00시,일요일,광주광역시 서구 치평동,부상신고사고,0,0,0,1,차대사람 - 횡단중,불법유턴,건조,맑음,단일로 - 기타,승용,남,33세,상해없음,보행자,남,49세,부상신고
2019051900100043,2019년 5월 19일 00시,일요일,광주광역시 북구 문흥동,경상사고,0,0,4,0,차대차 - 측면충돌,안전운전불이행,건조,맑음,교차로 - 교차로부근,승용,남,51세,상해없음,승용,남,54세,경상
2019051900100044,2019년 5월 19일 00시,일요일,광주광역시 북구 삼각동,경상사고,0,0,4,0,차대차 - 측면충돌,안전거리미확보,건조,맑음,단일로 - 기타,승용,남,47세,경상,승용,남,31세,경상
2019051900100158,2019년 5월 19일 09시,일요일,광주광역시 남구 노대동,부상신고사고,0,0,0,1,차대사람 - 기타,안전운전불이행,건조,맑음,기타 - 기타,자전거,기타불명,미분류,기타불명,보행자,여,70세,부상신고
2019051900100177,2019년 5월 19일 10시,일요일,광주광역시 서구 쌍촌동,중상사고,0,1,0,0,차대사람 - 횡단중,안전운전불이행,건조,맑음,단일로 - 기타,승용,여,58세,상해없음,보행자,여,60세,중상
2019051900100178,2019년 5월 19일 10시,일요일,광주광역시 남구 진월동,경상사고,0,0,1,0,차대사람 - 기타,안전운전불이행,건조,맑음,단일로 - 기타,기타불명,기타불명,미분류,기타불명,보행자,여,34세,경상
2019051900100179,2019년 5월 19일 10시,일요일,광주광역시 광산구 장덕동,경상사고,0,0,1,0,차대차 - 추돌,안전운전불이행,건조,맑음,단일로 - 기타,승용,남,25세,상해없음,승용,남,35세,경상
2019051900100200,2019년 5월 19일 11시,일요일,광주광역시 북구 운암동,경상사고,0,0,1,0,차대사람 - 횡단중,안전운전불이행,건조,맑음,교차로 - 교차로횡단보도내,승용,남,61세,상해없음,보행자,남,16세,경상
2019051900100230,2019년 5월 19일 12시,일요일,광주광역시 북구 문흥동,경상사고,0,0,1,0,차대사람 - 기타,안전운전불이행,건조,맑음,단일로 - 기타,승용,남,54세,상해없음,보행자,여,24세,경상
2019051900100254,2019년 5월 19일 13시,일요일,광주광역시 광산구 신가동,경상사고,0,0,1,0,차대차 - 추돌,안전운전불이행,건조,맑음,교차로 - 교차로부근,승용,남,34세,상해없음,승용,남,53세,경상
2019051900100290,2019년 5월 19일 14시,일요일,광주광역시 북구 매곡동,경상사고,0,0,3,0,차대차 - 후진중충돌,안전운전불이행,건조,맑음,단일로 - 기타,승용,여,54세,상해없음,승용,여,57세,경상
2019051900100291,2019년 5월 19일 14시,일요일,광주광역시 광산구 소촌동,경상사고,0,0,4,0,차대차 - 측면충돌,안전운전불이행,건조,맑음,단일로 - 기타,승용,남,53세,경상,승용,남,50세,경상
2019051900100357,2019년 5월 19일 16시,일요일,광주광역시 남구 주월동,중상사고,0,1,0,0,차대차 - 측면충돌,중앙선침범,건조,맑음,단일로 - 기타,이륜,남,18세,중상,승용,남,64세,상해없음
2019051900100393,2019년 5월 19일 17시,일요일,광주광역시 광산구 우산동,경상사고,0,0,5,0,차대차 - 추돌,교차로운행방법위반,건조,맑음,교차로 - 교차로안,승용,남,29세,경상,승용,여,59세,경상
2019051900100432,2019년 5월 19일 18시,일요일,광주광역시 서구 마륵동,경상사고,0,0,6,0,차대차 - 추돌,안전운전불이행,건조,맑음,교차로 - 교차로부근,승용,남,58세,상해없음,승용,여,32세,경상
2019051900100470,2019년 5월 19일 19시,일요일,광주광역시 서구 농성동,경상사고,0,0,1,0,차대차 - 측면충돌,교차로운행방법위반,건조,맑음,교차로 - 교차로안,승용,남,64세,상해없음,이륜,남,58세,경상
2019051900100471,2019년 5월 19일 19시,일요일,광주광역시 광산구 수완동,경상사고,0,0,1,0,차대차 - 측면충돌,안전거리미확보,젖음/습기,흐림,교차로 - 교차로부근,승용,남,35세,상해없음,이륜,남,17세,경상
2019051900100575,2019년 5월 19일 22시,일요일,광주광역시 서구 금호동,경상사고,0,0,1,0,차대차 - 측면충돌,안전운전불이행,건조,맑음,교차로 - 교차로안,승용,남,43세,상해없음,승용,여,41세,경상
2019051900100592,2019년 5월 19일 23시,일요일,광주광역시 서구 화정동,경상사고,0,0,3,0,차대차 - 기타,안전운전불이행,건조,맑음,단일로 - 기타,승용,남,22세,경상,승용,남,31세,경상
2019051900100593,2019년 5월 19일 23시,일요일,광주광역시 북구 문흥동,경상사고,0,0,1,0,차대차 - 기타,교차로운행방법위반,건조,맑음,교차로 - 교차로안,승용,남,32세,상해없음,이륜,남,21세,경상
2019052000100044,2019년 5월 20일 02시,월요일,광주광역시 동구 남동,경상사고,0,0,3,0,차대차 - 정면충돌,중앙선침범,젖음/습기,비,단일로 - 기타,승용,남,19세,기타불명,승용,남,28세,경상
2019052000100045,2019년 5월 20일 02시,월요일,광주광역시 광산구 도천동,경상사고,0,0,1,0,차대차 - 측면충돌,신호위반,젖음/습기,비,교차로 - 교차로안,화물,남,51세,상해없음,화물,남,45세,경상
2019052000100098,2019년 5월 20일 07시,월요일,광주광역시 북구 임동,경상사고,0,0,2,0,차대차 - 추돌,안전운전불이행,젖음/습기,흐림,단일로 - 기타,승용,남,63세,상해없음,승용,남,51세,경상
2019052000100099,2019년 5월 20일 07시,월요일,광주광역시 광산구 신창동,경상사고,0,0,1,0,차대차 - 후진중충돌,안전운전불이행,건조,맑음,교차로 - 교차로안,승용,여,50세,상해없음,승용,남,48세,경상
2019052000100149,2019년 5월 20일 08시,월요일,광주광역시 광산구 수완동,경상사고,0,0,1,0,차대차 - 측면충돌,안전운전불이행,건조,맑음,교차로 - 교차로안,승용,여,51세,상해없음,개인형이동수단(PM),남,82세,경상
2019052000100150,2019년 5월 20일 08시,월요일,광주광역시 광산구 운남동,경상사고,0,0,1,0,차대차 - 추돌,안전운전불이행,건조,맑음,단일로 - 기타,승용,남,73세,상해없음,승용,남,35세,경상
2019052000100184,2019년 5월 20일 09시,월요일,광주광역시 서구 내방동,경상사고,0,0,1,0,차대차 - 추돌,안전운전불이행,건조,맑음,단일로 - 기타,승용,남,62세,상해없음,승용,여,37세,경상
2019052000100185,2019년 5월 20일 09시,월요일,광주광역시 서구 화정동,경상사고,0,0,1,0,차대차 - 기타,교차로운행방법위반,건조,맑음,교차로 - 교차로부근,승용,남,75세,상해없음,승합,남,59세,상해없음
2019052000100186,2019년 5월 20일 09시,월요일,광주광역시 남구 주월동,경상사고,0,0,1,0,차대차 - 측면충돌,안전거리미확보,건조,맑음,단일로 - 기타,승용,여,54세,상해없음,승용,남,48세,경상
2019052000100187,2019년 5월 20일 09시,월요일,광주광역시 남구 송하동,경상사고,0,0,1,0,차대차 - 기타,안전거리미확보,건조,맑음,단일로 - 기타,승용,남,60세,상해없음,승합,남,53세,상해없음
2019052000100188,2019년 5월 20일 09시,월요일,광주광역시 남구 월산동,경상사고,0,0,1,0,차대차 - 측면충돌,안전운전불이행,건조,맑음,단일로 - 기타,승용,남,57세,상해없음,승용,남,26세,경상
2019052000100224,2019년 5월 20일 10시,월요일,광주광역시 북구 두암동,경상사고,0,0,1,0,차대사람 - 길가장자리구역통행중,안전운전불이행,건조,맑음,단일로 - 기타,승합,여,59세,상해없음,보행자,여,61세,경상
2019052000100326,2019년 5월 20일 13시,월요일,광주광역시 서구 쌍촌동,경상사고,0,0,2,0,차대차 - 측면충돌,안전운전불이행,건조,맑음,단일로 - 기타,승용,여,67세,경상,승용,여,27세,경상
2019052000100327,2019년 5월 20일 13시,월요일,광주광역시 북구 오룡동,경상사고,0,0,1,0,차대차 - 측면충돌,안전운전불이행,건조,맑음,단일로 - 기타,승용,여,25세,상해없음,승용,여,28세,경상
2019052000100400,2019년 5월 20일 15시,월요일,광주광역시 광산구 쌍암동,경상사고,0,0,1,0,차대사람 - 기타,보행자보호의무위반,건조,맑음,단일로 - 기타,승용,남,41세,상해없음,보행자,남,45세,경상
2019052000100459,2019년 5월 20일 16시,월요일,광주광역시 남구 진월동,경상사고,0,0,1,0,차대사람 - 기타,안전운전불이행,건조,맑음,주차장 - 주차장,승용,여,41세,상해없음,보행자,여,59세,경상
2019052000100460,2019년 5월 20일 16시,월요일,광주광역시 광산구 월계동,경상사고,0,0,3,0,차대차 - 측면충돌,신호위반,건조,맑음,단일로 - 기타,승용,남,60세,상해없음,특수,남,26세,경상
2019052000100461,2019년 5월 20일 16시,월요일,광주광역시 광산구 신촌동,경상사고,0,0,4,0,차대차 - 측면충돌,안전거리미확보,건조,맑음,단일로 - 기타,승용,여,50세,경상,승합,남,35세,경상
2019052000100462,2019년 5월 20일 16시,월요일,광주광역시 광산구 비아동,중상사고,0,1,0,0,차대사람 - 횡단중,안전운전불이행,건조,맑음,교차로 - 교차로부근,화물,남,48세,상해없음,보행자,남,64세,중상
2019052000100517,2019년 5월 20일 17시,월요일,광주광역시 서구 광천동,경상사고,0,0,1,0,차대차 - 측면충돌,안전운전불이행,건조,맑음,단일로 - 기타,승용,여,45세,상해없음,화물,남,63세,상해없음
2019052000100518,2019년 5월 20일 17시,월요일,광주광역시 남구 월산동,중상사고,0,1,0,0,차대사람 - 차도통행중,안전운전불이행,건조,맑음,단일로 - 기타,승용,남,58세,상해없음,보행자,남,49세,중상
2019052000100519,2019년 5월 20일 17시,월요일,광주광역시 북구 동림동,경상사고,0,0,2,0,차대차 - 추돌,안전운전불이행,건조,맑음,단일로 - 기타,승용,여,59세,기타불명,승용,남,76세,경상
2019052000100520,2019년 5월 20일 17시,월요일,광주광역시 광산구 장수동,중상사고,0,1,0,0,차량단독 - 기타,안전운전불이행,건조,맑음,단일로 - 기타,승용,남,61세,중상,,,,
2019052000100567,2019년 5월 20일 18시,월요일,광주광역시 서구 치평동,중상사고,0,1,1,0,차대차 - 측면충돌,안전운전불이행,건조,맑음,교차로 - 교차로안,승용,여,33세,상해없음,승용,남,59세,중상
2019052000100568,2019년 5월 20일 18시,월요일,광주광역시 광산구 월계동,경상사고,0,0,2,0,차대차 - 측면충돌,안전운전불이행,건조,맑음,단일로 - 기타,승용,남,34세,상해없음,승용,남,42세,경상
2019052000100599,2019년 5월 20일 19시,월요일,광주광역시 동구 학동,경상사고,0,0,1,0,차대사람 - 횡단중,안전운전불이행,건조,맑음,단일로 - 기타,승용,여,38세,상해없음,보행자,남,59세,경상
2019052000100600,2019년 5월 20일 19시,월요일,광주광역시 동구 운림동,경상사고,0,0,1,0,차대사람 - 횡단중,안전운전불이행,건조,맑음,교차로 - 교차로부근,승용,남,47세,상해없음,보행자,여,40세,경상
2019052000100601,2019년 5월 20일 19시,월요일,광주광역시 광산구 산월동,경상사고,0,0,1,0,차대차 - 측면충돌,안전운전불이행,건조,맑음,단일로 - 지하차도(도로)내,승합,남,25세,상해없음,원동기,여,25세,경상