사고번호,사고일시,요일,시군구,사고내용,사망자수,중상자수,경상자수,부상신고자수,사고유형,법규위반,노면상태,기상상태,도로형태,가해운전자 차종,가해운전자 성별,가해운전자 연령,가해운전자 상해정도,피해운전자 차종,피해운전자 성별,피해운전자 연령,피해운전자 상해정도
2019052000100634,2019년 5월 20일 20시,월요일,광주광역시 서구 쌍촌동,중상사고,0,1,0,0,차대사람 - 횡단중,안전운전불이행,건조,맑음,교차로 - 교차로안,승용,남,20세,상해없음,보행자,남,36세,중상
2019052000100654,2019년 5월 20일 21시,월요일,광주광역시 광산구 운수동,중상사고,0,1,3,0,차대차 - 기타,과속,건조,맑음,기타 - 기타,승용,남,27세,경상,승용,여,37세,경상
2019052000100659,2019년 5월 20일 21시,월요일,광주광역시 북구 문흥동,경상사고,0,0,4,0,차대차 - 측면충돌,신호위반,건조,맑음,교차로 - 교차로안,승용,남,58세,상해없음,승합,남,50세,상해없음
2019052000100680,2019년 5월 20일 22시,월요일,광주광역시 서구 쌍촌동,경상사고,0,0,1,0,차대사람 - 기타,안전운전불이행,건조,맑음,단일로 - 기타,승합,남,61세,상해없음,보행자,남,34세,경상
2019052000100681,2019년 5월 20일 22시,월요일,광주광역시 서구 광천동,경상사고,0,0,5,0,차대차 - 측면충돌,안전운전불이행,건조,맑음,교차로 - 교차로부근,승용,여,20세,상해없음,승용,남,23세,경상
2019052000100682,2019년 5월 20일 22시,월요일,광주광역시 서구 화정동,경상사고,0,0,4,0,차대차 - 기타,안전운전불이행,건조,맑음,교차로 - 교차로안,승용,남,64세,상해없음,승용,여,20세,경상
2019052000100683,2019년 5월 20일 22시,월요일,광주광역시 북구 동림동,경상사고,0,0,2,0,차대차 - 추돌,안전운전불이행,건조,맑음,단일로 - 기타,승용,여,46세,상해없음,승용,여,50세,경상
2019052000100684,2019년 5월 20일 22시,월요일,광주광역시 북구 문흥동,중상사고,0,1,0,0,차대사람 - 기타,안전운전불이행,건조,맑음,단일로 - 기타,승용,남,22세,상해없음,보행자,여,73세,중상
2019052000100685,2019년 5월 20일 22시,월요일,광주광역시 광산구 신창동,경상사고,0,0,1,0,차대차 - 측면충돌,안전운전불이행,건조,맑음,단일로 - 기타,승용,남,39세,상해없음,승용,여,39세,경상
2019052000100706,2019년 5월 20일 23시,월요일,광주광역시 북구 풍향동,중상사고,0,1,0,0,차대차 - 추돌,안전운전불이행,건조,맑음,단일로 - 기타,승용,남,26세,상해없음,승용,남,51세,중상
2019052000100707,2019년 5월 20일 23시,월요일,광주광역시 광산구 월계동,중상사고,0,1,0,0,차대차 - 측면충돌,신호위반,건조,맑음,교차로 - 교차로안,승용,남,23세,상해없음,이륜,남,36세,중상
2019052100100054,2019년 5월 21일 00시,화요일,광주광역시 서구 농성동,경상사고,0,0,1,0,차대차 - 추돌,안전운전불이행,건조,맑음,교차로 - 교차로부근,승용,남,35세,상해없음,승용,남,45세,상해없음
2019052100100102,2019년 5월 21일 06시,화요일,광주광역시 서구 쌍촌동,경상사고,0,0,1,0,차대차 - 측면충돌,안전운전불이행,건조,맑음,단일로 - 기타,승용,남,66세,상해없음,승용,여,54세,경상
2019052100100179,2019년 5월 21일 08시,화요일,광주광역시 서구 벽진동,경상사고,0,0,3,0,차대차 - 추돌,안전거리미확보,건조,맑음,단일로 - 기타,승용,남,69세,상해없음,승용,여,56세,경상
2019052100100180,2019년 5월 21일 08시,화요일,광주광역시 서구 풍암동,경상사고,0,0,1,0,차대사람 - 횡단중,보행자보호의무위반,건조,맑음,교차로 - 교차로안,승용,여,44세,상해없음,보행자,남,5세,경상
2019052100100181,2019년 5월 21일 08시,화요일,광주광역시 서구 유촌동,경상사고,0,0,1,0,차대차 - 기타,안전거리미확보,건조,맑음,단일로 - 기타,승용,남,66세,상해없음,승용,남,27세,경상
2019052100100182,2019년 5월 21일 08시,화요일,광주광역시 광산구 월곡동,경상사고,0,0,1,0,차대차 - 추돌,안전거리미확보,건조,맑음,단일로 - 교량,승용,여,36세,상해없음,승용,남,67세,경상
2019052100100183,2019년 5월 21일 08시,화요일,광주광역시 광산구 운남동,경상사고,0,0,1,0,차대차 - 기타,안전운전불이행,건조,맑음,단일로 - 기타,승용,남,49세,상해없음,승용,남,22세,상해없음
2019052100100184,2019년 5월 21일 08시,화요일,광주광역시 광산구 운남동,경상사고,0,0,1,0,차대차 - 기타,안전운전불이행,건조,맑음,단일로 - 기타,승용,남,36세,상해없음,승용,남,49세,상해없음
2019052100100185,2019년 5월 21일 08시,화요일,광주광역시 광산구 오선동,경상사고,0,0,2,0,차대차 - 측면충돌,교차로운행방법위반,건조,맑음,교차로 - 교차로부근,화물,남,59세,경상,승용,남,38세,경상
2019052100100300,2019년 5월 21일 11시,화요일,광주광역시 광산구 신창동,경상사고,0,0,2,0,차대차 - 기타,안전운전불이행,건조,맑음,단일로 - 기타,승용,남,34세,상해없음,승합,남,65세,경상
2019052100100332,2019년 5월 21일 12시,화요일,광주광역시 동구 계림동,경상사고,0,0,1,0,차대차 - 기타,안전운전불이행,건조,맑음,교차로 - 교차로부근,승용,여,38세,상해없음,자전거,남,75세,경상
2019052100100360,2019년 5월 21일 13시,화요일,광주광역시 동구 계림동,경상사고,0,0,1,0,차대차 - 추돌,안전거리미확보,건조,맑음,기타 - 기타,승용,여,64세,상해없음,승용,여,36세,경상
2019052100100394,2019년 5월 21일 14시,화요일,광주광역시 동구 내남동,중상사고,0,1,0,0,차대차 - 기타,안전운전불이행,건조,맑음,단일로 - 기타,승합,남,63세,상해없음,자전거,남,59세,중상
2019052100100395,2019년 5월 21일 14시,화요일,광주광역시 남구 주월동,경상사고,0,0,2,0,차대차 - 측면충돌,안전운전불이행,건조,맑음,교차로 - 교차로안,승용,여,64세,상해없음,승용,남,68세,경상
2019052100100429,2019년 5월 21일 15시,화요일,광주광역시 북구 삼각동,경상사고,0,0,1,0,차대사람 - 기타,안전운전불이행,건조,맑음,단일로 - 기타,승합,남,58세,상해없음,보행자,여,20세,경상
2019052100100532,2019년 5월 21일 17시,화요일,광주광역시 북구 매곡동,중상사고,0,1,0,0,차대차 - 기타,안전운전불이행,건조,맑음,단일로 - 기타,승용,여,44세,상해없음,승합,남,43세,상해없음
2019052100100579,2019년 5월 21일 18시,화요일,광주광역시 서구 매월동,경상사고,0,0,3,0,차대차 - 측면충돌,안전거리미확보,건조,맑음,단일로 - 기타,승용,여,35세,상해없음,승용,여,51세,경상
2019052100100580,2019년 5월 21일 18시,화요일,광주광역시 광산구 운남동,경상사고,0,0,1,0,차대사람 - 횡단중,안전운전불이행,건조,맑음,교차로 - 교차로부근,승용,여,63세,상해없음,보행자,여,76세,경상
2019052100100619,2019년 5월 21일 19시,화요일,광주광역시 서구 덕흥동,중상사고,0,1,0,0,차대차 - 측면충돌,안전운전불이행,건조,맑음,단일로 - 기타,자전거,남,61세,중상,승용,남,71세,상해없음
2019052100100620,2019년 5월 21일 19시,화요일,광주광역시 남구 진월동,경상사고,0,0,1,0,차대차 - 측면충돌,교차로운행방법위반,건조,맑음,교차로 - 교차로안,승용,남,59세,기타불명,이륜,남,37세,경상
2019052100100687,2019년 5월 21일 21시,화요일,광주광역시 서구 풍암동,경상사고,0,0,1,0,차대차 - 후진중충돌,기타,건조,맑음,단일로 - 기타,화물,남,45세,상해없음,자전거,남,11세,경상
2019052100100688,2019년 5월 21일 21시,화요일,광주광역시 서구 풍암동,경상사고,0,0,2,0,차대차 - 측면충돌,차로위반,건조,맑음,교차로 - 교차로안,승용,남,56세,상해없음,승용,남,59세,상해없음
2019052100100723,2019년 5월 21일 22시,화요일,광주광역시 서구 금호동,경상사고,0,0,6,0,차대차 - 측면충돌,신호위반,건조,맑음,교차로 - 교차로안,승용,여,50세,상해없음,승용,남,18세,경상
2019052100100724,2019년 5월 21일 22시,화요일,광주광역시 남구 주월동,경상사고,0,0,1,0,차대차 - 측면충돌,신호위반,건조,맑음,교차로 - 교차로안,승합,남,40세,상해없음,이륜,남,18세,경상
2019052100100748,2019년 5월 21일 23시,화요일,광주광역시 서구 쌍촌동,경상사고,0,0,1,0,차대차 - 추돌,안전운전불이행,건조,맑음,교차로 - 교차로부근,승용,남,28세,상해없음,승용,남,63세,경상
2019052100100749,2019년 5월 21일 23시,화요일,광주광역시 광산구 쌍암동,경상사고,0,0,1,0,차대차 - 측면충돌,안전운전불이행,건조,맑음,단일로 - 기타,승용,남,23세,상해없음,승용,남,54세,경상
2019052100100750,2019년 5월 21일 23시,화요일,광주광역시 광산구 신창동,경상사고,0,0,1,0,차대차 - 측면충돌,교차로운행방법위반,건조,맑음,교차로 - 교차로안,승용,남,52세,상해없음,이륜,남,20세,경상
2019052200100032,2019년 5월 22일 00시,수요일,광주광역시 동구 계림동,경상사고,0,0,1,0,차대차 - 측면충돌,안전운전불이행,건조,맑음,단일로 - 기타,승용,여,23세,상해없음,승용,남,60세,상해없음
2019052200100044,2019년 5월 22일 01시,수요일,광주광역시 서구 쌍촌동,중상사고,0,1,0,0,차대차 - 추돌,안전거리미확보,건조,맑음,단일로 - 기타,승용,남,30세,상해없음,이륜,남,53세,중상
2019052200100057,2019년 5월 22일 03시,수요일,광주광역시 남구 월산동,경상사고,0,0,3,0,차대차 - 측면충돌,안전운전불이행,건조,맑음,단일로 - 기타,승용,여,46세,상해없음,승용,남,48세,경상
2019052200100085,2019년 5월 22일 06시,수요일,광주광역시 광산구 진곡동,경상사고,0,0,1,0,차대차 - 기타,안전운전불이행,건조,맑음,교차로 - 교차로부근,승용,남,26세,경상,화물,남,64세,상해없음
2019052200100086,2019년 5월 22일 06시,수요일,광주광역시 광산구 우산동,경상사고,0,0,1,0,차대차 - 측면충돌,안전운전불이행,건조,맑음,교차로 - 교차로안,기타불명,기타불명,미분류,기타불명,승용,여,57세,경상
2019052200100125,2019년 5월 22일 07시,수요일,광주광역시 남구 주월동,경상사고,0,0,1,0,차대차 - 기타,안전거리미확보,건조,맑음,단일로 - 기타,승용,남,67세,상해없음,승용,남,29세,경상
2019052200100186,2019년 5월 22일 08시,수요일,광주광역시 서구 치평동,경상사고,0,0,1,1,차대차 - 기타,안전거리미확보,건조,맑음,단일로 - 기타,승용,남,45세,상해없음,승용,남,35세,부상신고
2019052200100187,2019년 5월 22일 08시,수요일,광주광역시 북구 풍향동,경상사고,0,0,1,0,차대차 - 추돌,안전운전불이행,건조,맑음,교차로 - 교차로안,승용,남,61세,상해없음,승용,남,33세,상해없음
2019052200100188,2019년 5월 22일 08시,수요일,광주광역시 광산구 운수동,경상사고,0,0,1,0,차대차 - 측면충돌,안전거리미확보,건조,맑음,단일로 - 기타,특수,남,45세,상해없음,승용,여,33세,경상
2019052200100231,2019년 5월 22일 09시,수요일,광주광역시 남구 월산동,경상사고,0,0,1,0,차대차 - 측면충돌,신호위반,건조,맑음,교차로 - 교차로안,승용,남,68세,상해없음,승용,여,46세,경상
2019052200100232,2019년 5월 22일 09시,수요일,광주광역시 광산구 신가동,중상사고,0,1,0,0,차대사람 - 횡단중,안전운전불이행,건조,맑음,교차로 - 교차로부근,승용,여,50세,상해없음,보행자,여,39세,중상
2019052200100251,2019년 5월 22일 10시,수요일,광주광역시 광산구 산막동,경상사고,0,0,1,1,차대차 - 추돌,안전거리미확보,건조,맑음,교차로 - 교차로부근,승용,여,46세,상해없음,승용,남,46세,경상
2019052200100362,2019년 5월 22일 13시,수요일,광주광역시 동구 금남로2가,경상사고,0,0,1,0,차대차 - 추돌,안전운전불이행,건조,맑음,단일로 - 기타,승용,남,61세,상해없음,승용,여,40세,경상
2019052200100397,2019년 5월 22일 14시,수요일,광주광역시 북구 용봉동,경상사고,0,0,1,0,차대사람 - 횡단중,신호위반,건조,맑음,단일로 - 기타,승용,여,55세,상해없음,보행자,남,4세,경상
2019052200100484,2019년 5월 22일 16시,수요일,광주광역시 남구 진월동,경상사고,0,0,1,0,차대차 - 추돌,안전거리미확보,건조,맑음,단일로 - 기타,이륜,남,18세,상해없음,승합,남,37세,경상
2019052200100531,2019년 5월 22일 17시,수요일,광주광역시 남구 노대동,경상사고,0,0,1,0,차대차 - 측면충돌,안전운전불이행,건조,맑음,교차로 - 교차로부근,승용,여,63세,상해없음,승용,여,37세,경상
2019052200100532,2019년 5월 22일 17시,수요일,광주광역시 남구 방림동,경상사고,0,0,1,0,차대차 - 측면충돌,안전운전불이행,건조,맑음,교차로 - 교차로안,승합,남,62세,기타불명,승용,여,26세,경상
2019052200100533,2019년 5월 22일 17시,수요일,광주광역시 광산구 월곡동,경상사고,0,0,1,0,차대사람 - 횡단중,안전운전불이행,건조,맑음,단일로 - 기타,승용,여,59세,상해없음,보행자,남,9세,경상
2019052200100569,2019년 5월 22일 18시,수요일,광주광역시 서구 동천동,부상신고사고,0,0,0,1,차대차 - 기타,안전운전불이행,건조,맑음,단일로 - 지하차도(도로)내,자전거,남,9세,부상신고,화물,남,59세,상해없음
2019052200100570,2019년 5월 22일 18시,수요일,광주광역시 서구 치평동,중상사고,0,1,0,0,차대사람 - 횡단중,보행자보호의무위반,건조,맑음,단일로 - 기타,승용,여,47세,상해없음,보행자,여,63세,중상
2019052200100571,2019년 5월 22일 18시,수요일,광주광역시 광산구 월계동,경상사고,0,0,1,0,차대사람 - 기타,보행자보호의무위반,건조,맑음,교차로 - 교차로횡단보도내,승용,여,42세,상해없음,보행자,남,11세,경상
2019052200100613,2019년 5월 22일 19시,수요일,광주광역시 남구 방림동,경상사고,0,0,1,0,차대차 - 측면충돌,안전운전불이행,건조,맑음,단일로 - 기타,이륜,남,19세,경상,승용,남,41세,상해없음
2019052200100614,2019년 5월 22일 19시,수요일,광주광역시 남구 노대동,중상사고,0,1,0,0,차대사람 - 횡단중,기타,건조,맑음,기타 - 기타,승용,남,46세,상해없음,보행자,남,13세,중상
2019052200100615,2019년 5월 22일 19시,수요일,광주광역시 광산구 신가동,경상사고,0,0,1,0,차대차 - 기타,안전운전불이행,건조,맑음,교차로 - 교차로부근,승용,남,51세,상해없음,승용,남,73세,경상
2019052200100616,2019년 5월 22일 19시,수요일,광주광역시 광산구 송정동,경상사고,0,0,1,0,차대차 - 기타,안전운전불이행,건조,맑음,단일로 - 기타,승용,여,51세,상해없음,이륜,남,24세,경상
2019052200100649,2019년 5월 22일 20시,수요일,광주광역시 서구 치평동,경상사고,0,0,1,0,차대사람 - 기타,안전운전불이행,건조,맑음,단일로 - 기타,승용,남,29세,상해없음,보행자,남,25세,경상
2019052200100650,2019년 5월 22일 20시,수요일,광주광역시 남구 주월동,경상사고,0,0,1,0,차대차 - 기타,안전운전불이행,건조,맑음,단일로 - 터널,자전거,여,19세,경상,승합,남,48세,상해없음
2019052200100670,2019년 5월 22일 21시,수요일,광주광역시 서구 광천동,경상사고,0,0,1,0,차대사람 - 기타,기타,건조,맑음,단일로 - 기타,승합,남,43세,상해없음,보행자,남,26세,경상
2019052200100671,2019년 5월 22일 21시,수요일,광주광역시 남구 진월동,중상사고,0,1,0,0,차대사람 - 횡단중,신호위반,건조,맑음,단일로 - 기타,승용,남,39세,상해없음,보행자,남,20세,중상
2019052200100696,2019년 5월 22일 22시,수요일,광주광역시 광산구 운남동,경상사고,0,0,2,0,차대차 - 추돌,안전운전불이행,건조,맑음,단일로 - 기타,승용,여,35세,상해없음,승합,남,50세,경상
2019052300100039,2019년 5월 23일 00시,목요일,광주광역시 북구 용봉동,경상사고,0,0,3,0,차대차 - 기타,신호위반,건조,맑음,교차로 - 교차로안,화물,남,44세,상해없음,승용,남,63세,경상
2019052300100040,2019년 5월 23일 00시,목요일,광주광역시 광산구 하남동,경상사고,0,0,3,0,차대차 - 추돌,교차로운행방법위반,건조,맑음,교차로 - 교차로안,승용,남,69세,경상,승용,남,42세,경상
2019052300100096,2019년 5월 23일 06시,목요일,광주광역시 서구 내방동,경상사고,0,0,1,0,차대차 - 추돌,안전운전불이행,건조,맑음,단일로 - 기타,화물,남,49세,상해없음,승용,남,32세,경상
2019052300100184,2019년 5월 23일 08시,목요일,광주광역시 서구 화정동,경상사고,0,0,1,0,차대사람 - 횡단중,보행자보호의무위반,건조,맑음,교차로 - 교차로횡단보도내,승용,여,50세,상해없음,보행자,남,7세,경상
2019052300100185,2019년 5월 23일 08시,목요일,광주광역시 남구 양과동,경상사고,0,0,4,0,차대차 - 추돌,안전운전불이행,건조,맑음,단일로 - 기타,승용,남,57세,경상,승용,남,51세,상해없음
2019052300100245,2019년 5월 23일 10시,목요일,광주광역시 서구 내방동,경상사고,0,0,3,0,차대차 - 측면충돌,안전거리미확보,건조,맑음,단일로 - 기타,승용,남,56세,상해없음,승용,남,42세,경상
2019052300100246,2019년 5월 23일 10시,목요일,광주광역시 서구 벽진동,경상사고,0,0,2,0,차대차 - 추돌,안전운전불이행,건조,맑음,단일로 - 기타,승용,남,27세,상해없음,승용,남,53세,경상
2019052300100247,2019년 5월 23일 10시,목요일,광주광역시 북구 각화동,경상사고,0,0,1,0,차대차 - 추돌,안전운전불이행,건조,맑음,단일로 - 기타,승용,여,61세,경상,승용,남,51세,기타불명
2019052300100357,2019년 5월 23일 13시,목요일,광주광역시 광산구 수완동,경상사고,0,0,1,0,차대차 - 측면충돌,차로위반,건조,맑음,단일로 - 기타,승용,남,45세,상해없음,승용,여,35세,경상
2019052300100385,2019년 5월 23일 14시,목요일,광주광역시 북구 각화동,경상사고,0,0,1,0,차대사람 - 횡단중,신호위반,건조,맑음,교차로 - 교차로횡단보도내,화물,남,28세,상해없음,보행자,남,6세,경상
2019052300100423,2019년 5월 23일 15시,목요일,광주광역시 남구 송하동,경상사고,0,0,1,0,차대차 - 기타,안전운전불이행,건조,맑음,교차로 - 교차로안,승용,남,68세,상해없음,승용,남,49세,상해없음
2019052300100424,2019년 5월 23일 15시,목요일,광주광역시 광산구 월곡동,경상사고,0,0,3,0,차대차 - 측면충돌,신호위반,건조,맑음,교차로 - 교차로안,승합,남,35세,상해없음,승용,남,68세,경상
2019052300100461,2019년 5월 23일 16시,목요일,광주광역시 남구 서동,경상사고,0,0,3,0,차대차 - 추돌,안전운전불이행,건조,맑음,단일로 - 기타,승용,여,45세,상해없음,화물,남,74세,경상
2019052300100503,2019년 5월 23일 17시,목요일,광주광역시 서구 화정동,중상사고,0,2,1,0,차대차 - 기타,불법유턴,건조,맑음,단일로 - 기타,승용,남,76세,기타불명,화물,남,61세,경상
2019052300100560,2019년 5월 23일 18시,목요일,광주광역시 동구 지산동,경상사고,0,0,1,0,차대차 - 측면충돌,교차로운행방법위반,건조,맑음,교차로 - 교차로안,승용,여,56세,상해없음,이륜,남,20세,경상
2019052300100561,2019년 5월 23일 18시,목요일,광주광역시 남구 주월동,경상사고,0,0,1,0,차대사람 - 차도통행중,안전운전불이행,건조,맑음,단일로 - 기타,승용,남,62세,상해없음,보행자,남,55세,경상
2019052300100597,2019년 5월 23일 19시,목요일,광주광역시 광산구 송정동,경상사고,0,0,1,0,차대사람 - 길가장자리구역통행중,안전운전불이행,건조,맑음,단일로 - 기타,승용,여,49세,상해없음,보행자,여,30세,경상
2019052300100643,2019년 5월 23일 20시,목요일,광주광역시 북구 청풍동,경상사고,0,0,1,0,차대차 - 후진중충돌,안전운전불이행,건조,맑음,주차장 - 주차장,승용,여,59세,상해없음,승용,남,38세,경상
2019052300100672,2019년 5월 23일 21시,목요일,광주광역시 광산구 송정동,경상사고,0,0,3,1,차대차 - 측면충돌,안전거리미확보,건조,맑음,교차로 - 교차로안,승용,남,47세,부상신고,승용,여,51세,경상
2019052300100695,2019년 5월 23일 22시,목요일,광주광역시 북구 풍향동,경상사고,0,0,2,0,차대차 - 기타,안전운전불이행,건조,맑음,단일로 - 기타,기타불명,남,미분류,기타불명,승용,남,78세,경상
2019052300100696,2019년 5월 23일 22시,목요일,광주광역시 북구 신안동,경상사고,0,0,1,0,차대차 - 측면충돌,안전거리미확보,건조,맑음,교차로 - 교차로부근,승용,남,71세,상해없음,승용,남,53세,상해없음
2019052400100075,2019년 5월 24일 04시,금요일,광주광역시 북구 오치동,경상사고,0,0,1,0,차량단독 - 공작물충돌,안전운전불이행,건조,맑음,단일로 - 기타,승용,여,29세,경상,,,,
2019052400100167,2019년 5월 24일 08시,금요일,광주광역시 서구 내방동,경상사고,0,0,1,1,차대차 - 측면충돌,직진우회전진행방해,건조,맑음,교차로 - 교차로안,승용,남,29세,경상,승용,남,29세,부상신고
2019052400100168,2019년 5월 24일 08시,금요일,광주광역시 서구 광천동,중상사고,0,1,2,0,차대차 - 측면충돌,직진우회전진행방해,건조,맑음,교차로 - 교차로안,승용,여,55세,경상,승용,남,27세,중상
2019052400100169,2019년 5월 24일 08시,금요일,광주광역시 남구 진월동,경상사고,0,0,1,0,차대차 - 기타,안전거리미확보,건조,맑음,교차로 - 교차로안,승합,남,60세,상해없음,승용,남,56세,상해없음
2019052400100212,2019년 5월 24일 09시,금요일,광주광역시 서구 광천동,경상사고,0,0,5,0,차대차 - 측면충돌,안전운전불이행,건조,맑음,교차로 - 교차로안,승용,여,58세,상해없음,승용,남,18세,경상
2019052400100213,2019년 5월 24일 09시,금요일,광주광역시 광산구 오선동,경상사고,0,0,1,0,차대차 - 정면충돌,안전운전불이행,건조,맑음,교차로 - 교차로안,화물,남,28세,상해없음,승용,여,28세,경상
2019052400100241,2019년 5월 24일 10시,금요일,광주광역시 북구 임동,경상사고,0,0,2,0,차대차 - 측면충돌,신호위반,건조,맑음,교차로 - 교차로안,승용,여,18세,경상,화물,남,33세,경상
2019052400100242,2019년 5월 24일 10시,금요일,광주광역시 북구 오치동,경상사고,0,0,2,0,차대차 - 측면충돌,안전운전불이행,건조,맑음,단일로 - 기타,승용,여,45세,경상,승용,남,33세,경상
2019052400100243,2019년 5월 24일 10시,금요일,광주광역시 광산구 송대동,경상사고,0,0,1,0,차대차 - 기타,기타,건조,맑음,단일로 - 기타,화물,남,48세,상해없음,승용,남,35세,경상
2019052400100317,2019년 5월 24일 12시,금요일,광주광역시 북구 두암동,경상사고,0,0,1,0,차대사람 - 기타,안전운전불이행,건조,맑음,단일로 - 기타,승용,남,38세,상해없음,보행자,남,35세,경상
2019052400100398,2019년 5월 24일 14시,금요일,광주광역시 북구 운암동,경상사고,0,0,1,0,차대차 - 후진중충돌,안전운전불이행,건조,맑음,단일로 - 기타,화물,남,50세,상해없음,승용,여,42세,경상
2019052400100399,2019년 5월 24일 14시,금요일,광주광역시 광산구 신가동,경상사고,0,0,1,0,차대차 - 추돌,안전운전불이행,건조,맑음,교차로 - 교차로부근,승용,남,74세,상해없음,승용,남,32세,경상
2019052400100444,2019년 5월 24일 15시,금요일,광주광역시 서구 농성동,중상사고,0,1,0,0,차대차 - 측면충돌,신호위반,건조,맑음,교차로 - 교차로안,자전거,남,68세,중상,승용,남,59세,상해없음
2019052400100445,2019년 5월 24일 15시,금요일,광주광역시 북구 동림동,경상사고,0,0,2,0,차대차 - 측면충돌,교차로운행방법위반,건조,맑음,교차로 - 교차로안,승용,남,71세,경상,승용,여,35세,경상
2019052400100446,2019년 5월 24일 15시,금요일,광주광역시 광산구 수완동,경상사고,0,0,1,0,차대차 - 측면충돌,안전운전불이행,건조,맑음,단일로 - 기타,승용,남,69세,상해없음,승용,여,42세,상해없음
2019052400100507,2019년 5월 24일 16시,금요일,광주광역시 서구 치평동,경상사고,0,0,1,0,차대차 - 측면충돌,불법유턴,건조,맑음,교차로 - 교차로부근,승용,남,53세,상해없음,승용,남,47세,경상
2019052400100508,2019년 5월 24일 16시,금요일,광주광역시 서구 쌍촌동,부상신고사고,0,0,0,1,차대차 - 기타,교차로운행방법위반,건조,맑음,교차로 - 교차로안,승용,남,36세,부상신고,승합,남,58세,상해없음
2019052400100561,2019년 5월 24일 17시,금요일,광주광역시 남구 봉선동,중상사고,0,1,0,0,차대차 - 측면충돌,교차로운행방법위반,건조,맑음,교차로 - 교차로안,승용,남,28세,상해없음,이륜,남,23세,중상
2019052400100562,2019년 5월 24일 17시,금요일,광주광역시 광산구 쌍암동,중상사고,0,1,1,1,차대차 - 측면충돌,안전거리미확보,건조,맑음,교차로 - 교차로부근,승용,남,48세,부상신고,화물,남,51세,경상
2019052400100610,2019년 5월 24일 18시,금요일,광주광역시 남구 구동,경상사고,0,0,1,0,차대사람 - 횡단중,안전운전불이행,건조,맑음,단일로 - 기타,승용,여,57세,상해없음,보행자,남,50세,경상
2019052400100687,2019년 5월 24일 20시,금요일,광주광역시 서구 치평동,경상사고,0,0,3,0,차대차 - 추돌,안전운전불이행,건조,맑음,교차로 - 교차로부근,승용,여,45세,상해없음,승용,남,32세,경상
2019052400100688,2019년 5월 24일 20시,금요일,광주광역시 북구 신안동,경상사고,0,0,1,0,차대사람 - 기타,안전운전불이행,건조,맑음,단일로 - 기타,기타불명,기타불명,미분류,기타불명,보행자,여,20세,경상
2019052400100689,2019년 5월 24일 20시,금요일,광주광역시 광산구 쌍암동,경상사고,0,0,2,0,차대차 - 측면충돌,안전운전불이행,건조,맑음,교차로 - 교차로부근,화물,남,45세,상해없음,승용,남,48세,경상
2019052400100719,2019년 5월 24일 21시,금요일,광주광역시 광산구 신창동,중상사고,0,1,0,0,차대사람 - 횡단중,안전운전불이행,건조,맑음,단일로 - 기타,승용,남,67세,상해없음,보행자,남,48세,중상
2019052400100720,2019년 5월 24일 21시,금요일,광주광역시 광산구 월곡동,경상사고,0,0,4,0,차대차 - 측면충돌,교차로운행방법위반,건조,맑음,교차로 - 교차로안,승용,남,60세,상해없음,승용,남,50세,상해없음
2019052400100750,2019년 5월 24일 22시,금요일,광주광역시 북구 운암동,경상사고,0,0,1,0,차대차 - 기타,신호위반,건조,맑음,교차로 - 교차로안,승용,남,39세,상해없음,승용,남,36세,경상
2019052400100751,2019년 5월 24일 22시,금요일,광주광역시 광산구 장덕동,경상사고,0,0,1,0,차대차 - 기타,신호위반,건조,맑음,교차로 - 교차로안,기타불명,기타불명,미분류,기타불명,승용,여,53세,경상
2019052400100783,2019년 5월 24일 23시,금요일,광주광역시 서구 쌍촌동,중상사고,0,1,0,0,차대사람 - 횡단중,안전운전불이행,건조,맑음,단일로 - 기타,화물,남,44세,상해없음,보행자,남,27세,중상
2019052400100784,2019년 5월 24일 23시,금요일,광주광역시 서구 화정동,경상사고,0,0,2,0,차대차 - 측면충돌,안전운전불이행,건조,맑음,교차로 - 교차로안,승용,남,66세,기타불명,승용,여,66세,경상
2019052500100031,2019년 5월 25일 00시,토요일,광주광역시 서구 금호동,경상사고,0,0,1,0,차량단독 - 기타,안전운전불이행,건조,맑음,교차로 - 교차로부근,승용,남,48세,상해없음,,,,
2019052500100120,2019년 5월 25일 06시,토요일,광주광역시 서구 쌍촌동,경상사고,0,0,1,0,차대차 - 기타,기타,건조,맑음,단일로 - 기타,승용,남,50세,상해없음,승용,남,37세,경상
2019052500100121,2019년 5월 25일 06시,토요일,광주광역시 서구 쌍촌동,경상사고,0,0,1,0,차대차 - 측면충돌,안전운전불이행,건조,흐림,주차장 - 주차장,승용,남,53세,기타불명,승용,남,47세,경상
2019052500100144,2019년 5월 25일 07시,토요일,광주광역시 남구 행암동,경상사고,0,0,1,0,차대차 - 측면충돌,안전거리미확보,건조,맑음,단일로 - 기타,승용,남,44세,상해없음,승용,여,54세,경상
2019052500100174,2019년 5월 25일 08시,토요일,광주광역시 북구 두암동,경상사고,0,0,1,0,차대사람 - 차도통행중,안전운전불이행,건조,맑음,단일로 - 기타,화물,남,48세,상해없음,보행자,남,59세,경상
2019052500100275,2019년 5월 25일 11시,토요일,광주광역시 남구 사동,중상사고,0,1,0,0,차대차 - 측면충돌,교차로운행방법위반,건조,맑음,교차로 - 교차로안,승용,여,57세,상해없음,자전거,남,61세,중상