사고번호,사고일시,요일,시군구,사고내용,사망자수,중상자수,경상자수,부상신고자수,사고유형,법규위반,노면상태,기상상태,도로형태,가해운전자 차종,가해운전자 성별,가해운전자 연령,가해운전자 상해정도,피해운전자 차종,피해운전자 성별,피해운전자 연령,피해운전자 상해정도
2019052500100348,2019년 5월 25일 13시,토요일,광주광역시 남구 송하동,경상사고,0,0,1,0,차대사람 - 기타,기타,건조,맑음,교차로 - 교차로부근,승용,여,48세,상해없음,보행자,여,5세,경상
2019052500100389,2019년 5월 25일 14시,토요일,광주광역시 서구 쌍촌동,경상사고,0,0,5,0,차대차 - 측면충돌,안전거리미확보,건조,맑음,단일로 - 기타,승용,남,47세,경상,승용,남,50세,경상
2019052500100420,2019년 5월 25일 15시,토요일,광주광역시 북구 동림동,경상사고,0,0,2,0,차대차 - 기타,안전거리미확보,건조,맑음,단일로 - 기타,화물,남,50세,상해없음,승용,남,51세,경상
2019052500100431,2019년 5월 25일 15시,토요일,광주광역시 서구 마륵동,경상사고,0,0,2,0,차대차 - 추돌,안전운전불이행,건조,맑음,단일로 - 기타,승용,남,38세,상해없음,승용,여,37세,경상
2019052500100432,2019년 5월 25일 15시,토요일,광주광역시 북구 용봉동,경상사고,0,0,1,0,차대차 - 측면충돌,안전운전불이행,건조,흐림,단일로 - 기타,승용,남,28세,상해없음,이륜,남,51세,경상
2019052500100433,2019년 5월 25일 15시,토요일,광주광역시 광산구 운수동,중상사고,0,1,0,0,차대차 - 측면충돌,신호위반,건조,맑음,교차로 - 교차로안,승용,남,27세,상해없음,승용,남,25세,중상
2019052500100503,2019년 5월 25일 17시,토요일,광주광역시 서구 치평동,경상사고,0,0,1,0,차대차 - 측면충돌,안전운전불이행,건조,맑음,교차로 - 교차로안,승용,여,45세,상해없음,승용,여,33세,경상
2019052500100538,2019년 5월 25일 18시,토요일,광주광역시 서구 유촌동,경상사고,0,0,3,0,차대차 - 측면충돌,안전운전불이행,건조,맑음,단일로 - 기타,승용,남,24세,상해없음,화물,남,37세,경상
2019052500100539,2019년 5월 25일 18시,토요일,광주광역시 북구 운암동,경상사고,0,0,3,3,차대차 - 측면충돌,교차로운행방법위반,건조,맑음,교차로 - 교차로안,승용,여,38세,부상신고,승용,남,26세,경상
2019052500100609,2019년 5월 25일 20시,토요일,광주광역시 북구 두암동,경상사고,0,0,1,0,차대차 - 기타,안전운전불이행,건조,맑음,단일로 - 기타,자전거,남,23세,경상,승용,남,49세,상해없음
2019052500100640,2019년 5월 25일 21시,토요일,광주광역시 서구 풍암동,경상사고,0,0,2,0,차대차 - 기타,안전운전불이행,건조,맑음,단일로 - 기타,원동기,남,18세,경상,승용,남,24세,경상
2019052500100641,2019년 5월 25일 21시,토요일,광주광역시 광산구 선암동,경상사고,0,0,1,0,차대사람 - 횡단중,안전운전불이행,건조,맑음,교차로 - 교차로안,승용,남,42세,상해없음,보행자,남,80세,경상
2019052500100674,2019년 5월 25일 22시,토요일,광주광역시 동구 학동,경상사고,0,0,2,0,차대사람 - 횡단중,보행자보호의무위반,건조,맑음,교차로 - 교차로부근,승용,여,57세,상해없음,보행자,여,39세,경상
2019052500100675,2019년 5월 25일 22시,토요일,광주광역시 서구 광천동,경상사고,0,0,1,0,차량단독 - 기타,안전운전불이행,건조,맑음,단일로 - 기타,승용,남,57세,상해없음,,,,
2019052600100028,2019년 5월 26일 00시,일요일,광주광역시 서구 치평동,경상사고,0,0,1,0,차대사람 - 차도통행중,안전운전불이행,건조,맑음,교차로 - 교차로안,승용,남,60세,상해없음,보행자,남,28세,경상
2019052600100044,2019년 5월 26일 01시,일요일,광주광역시 서구 치평동,경상사고,0,0,1,0,차대차 - 측면충돌,교차로운행방법위반,건조,맑음,교차로 - 교차로안,승용,여,41세,상해없음,승용,남,25세,경상
2019052600100106,2019년 5월 26일 06시,일요일,광주광역시 광산구 하남동,경상사고,0,0,1,0,차량단독 - 기타,안전운전불이행,젖음/습기,맑음,단일로 - 기타,자전거,여,59세,경상,,,,
2019052600100123,2019년 5월 26일 08시,일요일,광주광역시 서구 농성동,경상사고,0,0,1,0,차량단독 - 기타,안전운전불이행,건조,맑음,단일로 - 기타,승용,남,55세,상해없음,,,,
2019052600100167,2019년 5월 26일 10시,일요일,광주광역시 서구 치평동,경상사고,0,0,1,0,차대차 - 측면충돌,신호위반,건조,맑음,교차로 - 교차로안,승용,남,44세,상해없음,승용,남,25세,경상
2019052600100201,2019년 5월 26일 11시,일요일,광주광역시 서구 화정동,경상사고,0,0,1,0,차량단독 - 기타,안전운전불이행,건조,맑음,단일로 - 기타,승합,남,59세,상해없음,,,,
2019052600100202,2019년 5월 26일 11시,일요일,광주광역시 북구 임동,경상사고,0,0,1,0,차대사람 - 기타,안전운전불이행,건조,맑음,단일로 - 기타,승합,남,52세,상해없음,보행자,여,66세,경상
2019052600100233,2019년 5월 26일 12시,일요일,광주광역시 동구 금남로1가,경상사고,0,0,2,0,차대차 - 기타,신호위반,건조,맑음,교차로 - 교차로안,승용,남,42세,상해없음,승용,남,56세,경상
2019052600100234,2019년 5월 26일 12시,일요일,광주광역시 북구 일곡동,경상사고,0,0,1,0,차대사람 - 횡단중,신호위반,건조,맑음,교차로 - 교차로횡단보도내,승용,여,63세,상해없음,보행자,남,12세,경상
2019052600100265,2019년 5월 26일 13시,일요일,광주광역시 서구 풍암동,경상사고,0,0,1,0,차대차 - 추돌,안전운전불이행,건조,맑음,단일로 - 기타,승용,남,60세,상해없음,승용,남,39세,경상
2019052600100409,2019년 5월 26일 17시,일요일,광주광역시 서구 광천동,경상사고,0,0,3,0,차대차 - 측면충돌,안전운전불이행,건조,맑음,교차로 - 교차로안,승합,남,59세,상해없음,승용,여,50세,경상
2019052600100435,2019년 5월 26일 18시,일요일,광주광역시 서구 쌍촌동,중상사고,0,1,1,0,차대차 - 추돌,안전운전불이행,건조,맑음,교차로 - 교차로부근,승용,남,53세,상해없음,승용,여,63세,중상
2019052600100436,2019년 5월 26일 18시,일요일,광주광역시 북구 중흥동,경상사고,0,0,3,0,차대차 - 측면충돌,교차로운행방법위반,건조,맑음,교차로 - 교차로안,승용,남,54세,상해없음,승용,남,48세,경상
2019052600100485,2019년 5월 26일 20시,일요일,광주광역시 북구 본촌동,경상사고,0,0,1,0,차대사람 - 기타,안전운전불이행,젖음/습기,비,단일로 - 기타,승용,남,21세,기타불명,보행자,여,30세,경상
2019052600100516,2019년 5월 26일 21시,일요일,광주광역시 서구 농성동,경상사고,0,0,1,0,차대사람 - 횡단중,안전운전불이행,건조,맑음,단일로 - 기타,이륜,남,43세,상해없음,보행자,여,63세,경상
2019052600100517,2019년 5월 26일 21시,일요일,광주광역시 남구 월산동,중상사고,0,1,0,0,차대차 - 기타,교차로운행방법위반,건조,맑음,교차로 - 교차로안,승용,남,31세,상해없음,이륜,남,39세,중상
2019052600100537,2019년 5월 26일 22시,일요일,광주광역시 동구 불로동,부상신고사고,0,0,0,2,차대차 - 기타,교차로운행방법위반,건조,맑음,교차로 - 교차로안,승용,여,44세,상해없음,승용,남,29세,부상신고
2019052600100538,2019년 5월 26일 22시,일요일,광주광역시 서구 풍암동,경상사고,0,0,3,0,차대차 - 추돌,안전거리미확보,젖음/습기,비,교차로 - 교차로안,승용,남,55세,기타불명,승용,여,49세,경상
2019052700100033,2019년 5월 27일 00시,월요일,광주광역시 동구 남동,경상사고,0,0,1,0,차대차 - 측면충돌,안전거리미확보,젖음/습기,비,단일로 - 기타,승용,남,48세,상해없음,승용,남,42세,상해없음
2019052700100065,2019년 5월 27일 04시,월요일,광주광역시 광산구 우산동,경상사고,0,0,4,0,차대차 - 추돌,안전운전불이행,젖음/습기,비,단일로 - 기타,승용,남,22세,기타불명,승용,남,47세,경상
2019052700100169,2019년 5월 27일 08시,월요일,광주광역시 북구 두암동,경상사고,0,0,1,0,차대차 - 측면충돌,안전운전불이행,젖음/습기,비,교차로 - 교차로부근,승용,여,53세,경상,화물,남,40세,상해없음
2019052700100199,2019년 5월 27일 09시,월요일,광주광역시 북구 두암동,중상사고,0,2,5,0,차대차 - 추돌,신호위반,젖음/습기,비,교차로 - 교차로안,승용,여,42세,중상,승용,여,53세,경상
2019052700100200,2019년 5월 27일 09시,월요일,광주광역시 광산구 쌍암동,경상사고,0,0,1,2,차대차 - 측면충돌,교차로운행방법위반,젖음/습기,비,교차로 - 교차로안,승용,여,36세,부상신고,승용,남,35세,경상
2019052700100322,2019년 5월 27일 12시,월요일,광주광역시 북구 임동,경상사고,0,0,1,0,차대차 - 기타,차로위반,젖음/습기,비,단일로 - 기타,승용,남,61세,상해없음,이륜,남,57세,경상
2019052700100323,2019년 5월 27일 12시,월요일,광주광역시 광산구 하남동,경상사고,0,0,3,0,차대차 - 측면충돌,교차로운행방법위반,젖음/습기,흐림,교차로 - 교차로안,승용,여,48세,경상,승용,여,27세,경상
2019052700100395,2019년 5월 27일 14시,월요일,광주광역시 북구 동림동,경상사고,0,0,1,0,차대차 - 측면충돌,안전거리미확보,건조,맑음,단일로 - 기타,화물,남,75세,경상,화물,남,37세,상해없음
2019052700100423,2019년 5월 27일 15시,월요일,광주광역시 북구 운암동,경상사고,0,0,1,0,차대차 - 추돌,안전운전불이행,건조,맑음,단일로 - 기타,승용,여,46세,상해없음,승용,남,55세,경상
2019052700100455,2019년 5월 27일 16시,월요일,광주광역시 서구 벽진동,경상사고,0,0,1,0,차대차 - 추돌,안전운전불이행,건조,맑음,단일로 - 기타,화물,남,60세,상해없음,승용,남,50세,경상
2019052700100496,2019년 5월 27일 17시,월요일,광주광역시 북구 두암동,경상사고,0,0,1,0,차대차 - 측면충돌,중앙선침범,젖음/습기,비,단일로 - 기타,승용,남,77세,상해없음,화물,남,28세,경상
2019052700100535,2019년 5월 27일 18시,월요일,광주광역시 광산구 우산동,경상사고,0,0,2,0,차대차 - 측면충돌,안전운전불이행,젖음/습기,비,교차로 - 교차로안,승용,기타불명,미분류,기타불명,승용,남,48세,경상
2019052700100563,2019년 5월 27일 19시,월요일,광주광역시 북구 연제동,경상사고,0,0,3,0,차대차 - 기타,신호위반,젖음/습기,흐림,교차로 - 교차로안,승용,남,31세,상해없음,승합,남,54세,상해없음
2019052700100638,2019년 5월 27일 22시,월요일,광주광역시 서구 쌍촌동,경상사고,0,0,1,0,차대사람 - 횡단중,안전운전불이행,건조,맑음,단일로 - 기타,승용,남,64세,상해없음,보행자,여,44세,경상
2019052700100653,2019년 5월 27일 23시,월요일,광주광역시 북구 용봉동,경상사고,0,0,1,0,차대차 - 측면충돌,중앙선침범,건조,흐림,단일로 - 기타,기타불명,기타불명,미분류,기타불명,승용,남,48세,경상
2019052800100034,2019년 5월 28일 00시,화요일,광주광역시 서구 쌍촌동,중상사고,0,1,0,0,차대사람 - 횡단중,안전운전불이행,건조,흐림,단일로 - 기타,승용,남,21세,기타불명,보행자,여,60세,중상
2019052800100058,2019년 5월 28일 03시,화요일,광주광역시 서구 화정동,경상사고,0,0,1,0,차대차 - 측면충돌,안전운전불이행,건조,맑음,단일로 - 기타,승용,남,58세,상해없음,승용,남,27세,경상
2019052800100059,2019년 5월 28일 03시,화요일,광주광역시 광산구 소촌동,중상사고,0,1,0,0,차량단독 - 전도전복 - 전복,안전운전불이행,건조,맑음,단일로 - 기타,승용,남,22세,중상,,,,
2019052800100090,2019년 5월 28일 06시,화요일,광주광역시 광산구 도천동,경상사고,0,0,2,0,차대차 - 측면충돌,불법유턴,건조,맑음,교차로 - 교차로안,화물,남,44세,경상,승합,남,57세,경상
2019052800100163,2019년 5월 28일 08시,화요일,광주광역시 북구 중흥동,경상사고,0,0,2,0,차대차 - 측면충돌,안전운전불이행,건조,맑음,교차로 - 교차로부근,화물,남,42세,경상,승용,남,52세,경상
2019052800100164,2019년 5월 28일 08시,화요일,광주광역시 북구 문흥동,경상사고,0,0,1,0,차대사람 - 기타,신호위반,건조,맑음,교차로 - 교차로안,승용,여,51세,상해없음,보행자,남,11세,경상
2019052800100165,2019년 5월 28일 08시,화요일,광주광역시 광산구 안청동,경상사고,0,0,1,1,차대차 - 추돌,안전운전불이행,건조,맑음,교차로 - 교차로부근,승용,여,58세,부상신고,승용,여,47세,경상
2019052800100202,2019년 5월 28일 09시,화요일,광주광역시 북구 임동,경상사고,0,0,4,0,차대차 - 측면충돌,교차로운행방법위반,건조,맑음,교차로 - 교차로안,승용,여,52세,경상,승용,남,34세,경상
2019052800100203,2019년 5월 28일 09시,화요일,광주광역시 광산구 수완동,경상사고,0,0,1,0,차대차 - 기타,안전운전불이행,건조,맑음,교차로 - 교차로부근,승용,여,29세,상해없음,이륜,남,38세,경상
2019052800100236,2019년 5월 28일 10시,화요일,광주광역시 서구 유촌동,경상사고,0,0,2,0,차대차 - 추돌,안전운전불이행,건조,맑음,교차로 - 교차로부근,화물,남,51세,상해없음,승용,남,53세,경상
2019052800100298,2019년 5월 28일 12시,화요일,광주광역시 북구 운암동,경상사고,0,0,3,0,차대차 - 측면충돌,안전운전불이행,건조,맑음,단일로 - 지하차도(도로)내,승용,여,63세,경상,화물,남,56세,경상
2019052800100299,2019년 5월 28일 12시,화요일,광주광역시 광산구 수완동,경상사고,0,0,1,0,차대차 - 후진중충돌,안전운전불이행,건조,맑음,단일로 - 기타,승용,여,58세,상해없음,승용,남,30세,경상
2019052800100339,2019년 5월 28일 13시,화요일,광주광역시 서구 화정동,중상사고,0,1,0,0,차대사람 - 기타,보행자보호의무위반,건조,맑음,교차로 - 교차로횡단보도내,승합,남,53세,상해없음,보행자,여,68세,중상
2019052800100340,2019년 5월 28일 13시,화요일,광주광역시 광산구 신촌동,경상사고,0,0,1,1,차대차 - 측면충돌,안전운전불이행,건조,맑음,단일로 - 기타,승용,여,48세,부상신고,승용,남,75세,경상
2019052800100341,2019년 5월 28일 13시,화요일,광주광역시 광산구 비아동,경상사고,0,0,1,0,차대차 - 추돌,안전운전불이행,건조,맑음,단일로 - 기타,화물,남,53세,상해없음,승용,여,36세,경상
2019052800100381,2019년 5월 28일 14시,화요일,광주광역시 동구 학동,경상사고,0,0,3,0,차대차 - 측면충돌,안전거리미확보,건조,맑음,단일로 - 기타,승용,여,27세,상해없음,승용,여,50세,경상
2019052800100382,2019년 5월 28일 14시,화요일,광주광역시 북구 두암동,중상사고,0,1,3,0,차대차 - 측면충돌,안전운전불이행,건조,맑음,교차로 - 교차로안,이륜,남,60세,경상,승용,여,38세,경상
2019052800100383,2019년 5월 28일 14시,화요일,광주광역시 북구 운암동,경상사고,0,0,2,0,차대차 - 측면충돌,차로위반,건조,맑음,단일로 - 고가도로위,승용,여,60세,경상,화물,남,47세,경상
2019052800100429,2019년 5월 28일 15시,화요일,광주광역시 남구 주월동,경상사고,0,0,1,0,차대차 - 기타,신호위반,건조,맑음,교차로 - 교차로안,승용,여,63세,상해없음,개인형이동수단(PM),남,20세,경상
2019052800100430,2019년 5월 28일 15시,화요일,광주광역시 북구 신용동,경상사고,0,0,1,0,차대차 - 기타,안전운전불이행,건조,맑음,교차로 - 교차로부근,승용,여,39세,상해없음,승용,여,32세,경상
2019052800100431,2019년 5월 28일 15시,화요일,광주광역시 북구 연제동,경상사고,0,0,1,0,차대차 - 기타,안전운전불이행,건조,맑음,교차로 - 교차로안,승용,남,61세,상해없음,승용,여,36세,경상
2019052800100487,2019년 5월 28일 16시,화요일,광주광역시 서구 풍암동,경상사고,0,0,1,0,차대차 - 측면충돌,차로위반,건조,맑음,단일로 - 기타,화물,남,41세,기타불명,승용,여,42세,경상
2019052800100549,2019년 5월 28일 17시,화요일,광주광역시 광산구 산정동,경상사고,0,0,2,0,차대차 - 측면충돌,안전운전불이행,건조,맑음,단일로 - 기타,승합,남,67세,경상,승용,남,22세,경상
2019052800100605,2019년 5월 28일 18시,화요일,광주광역시 동구 서석동,경상사고,0,0,1,0,차대차 - 측면충돌,차로위반,건조,맑음,교차로 - 교차로안,승합,남,47세,기타불명,승용,남,61세,경상
2019052800100606,2019년 5월 28일 18시,화요일,광주광역시 서구 양동,경상사고,0,0,1,0,차대차 - 기타,차로위반,건조,맑음,단일로 - 기타,승용,남,61세,상해없음,승합,남,47세,상해없음
2019052800100607,2019년 5월 28일 18시,화요일,광주광역시 남구 주월동,경상사고,0,0,3,0,차대차 - 기타,안전운전불이행,건조,맑음,교차로 - 교차로안,승용,여,53세,상해없음,승합,남,52세,경상
2019052800100608,2019년 5월 28일 18시,화요일,광주광역시 광산구 도산동,경상사고,0,0,1,0,차대차 - 기타,안전운전불이행,건조,맑음,단일로 - 기타,이륜,남,19세,경상,승용,남,69세,상해없음
2019052800100609,2019년 5월 28일 18시,화요일,광주광역시 광산구 신가동,경상사고,0,0,2,0,차대차 - 측면충돌,안전거리미확보,건조,맑음,단일로 - 기타,승용,남,36세,기타불명,승용,남,28세,경상
2019052800100716,2019년 5월 28일 21시,화요일,광주광역시 서구 내방동,경상사고,0,0,1,0,차대차 - 추돌,안전운전불이행,건조,맑음,단일로 - 기타,승용,남,66세,상해없음,승용,남,40세,경상
2019052800100753,2019년 5월 28일 22시,화요일,광주광역시 남구 주월동,경상사고,0,0,1,0,차대차 - 측면충돌,안전운전불이행,건조,맑음,교차로 - 교차로부근,승용,여,44세,상해없음,이륜,남,26세,경상
2019052800100754,2019년 5월 28일 22시,화요일,광주광역시 북구 두암동,경상사고,0,0,2,0,차대차 - 추돌,안전거리미확보,건조,맑음,교차로 - 교차로안,승용,남,53세,상해없음,승용,여,24세,경상
2019052800100755,2019년 5월 28일 22시,화요일,광주광역시 북구 연제동,경상사고,0,0,1,0,차대차 - 측면충돌,안전운전불이행,건조,맑음,교차로 - 교차로안,승용,여,46세,상해없음,승용,여,49세,경상
2019052800100756,2019년 5월 28일 22시,화요일,광주광역시 북구 두암동,경상사고,0,0,1,0,차대차 - 측면충돌,교차로운행방법위반,건조,맑음,교차로 - 교차로안,승용,남,60세,상해없음,승용,남,37세,경상
2019052800100757,2019년 5월 28일 22시,화요일,광주광역시 광산구 신가동,경상사고,0,0,1,0,차대차 - 측면충돌,안전운전불이행,건조,맑음,교차로 - 교차로안,승용,여,36세,상해없음,이륜,남,30세,경상
2019052800100758,2019년 5월 28일 22시,화요일,광주광역시 광산구 용동,경상사고,0,0,1,0,차대차 - 측면충돌,교차로운행방법위반,건조,맑음,교차로 - 교차로안,승용,여,43세,상해없음,화물,남,63세,경상
2019052800100782,2019년 5월 28일 23시,화요일,광주광역시 서구 쌍촌동,경상사고,0,0,1,0,차대차 - 측면충돌,안전거리미확보,건조,맑음,단일로 - 기타,승용,여,34세,상해없음,승용,남,26세,경상
2019052800100783,2019년 5월 28일 23시,화요일,광주광역시 광산구 신창동,중상사고,0,1,0,0,차량단독 - 공작물충돌,안전운전불이행,건조,맑음,단일로 - 교량,승용,남,43세,중상,,,,
2019052900100037,2019년 5월 29일 00시,수요일,광주광역시 광산구 운남동,경상사고,0,0,1,0,차대사람 - 횡단중,안전운전불이행,건조,맑음,교차로 - 교차로안,승용,남,53세,상해없음,보행자,남,47세,경상
2019052900100048,2019년 5월 29일 01시,수요일,광주광역시 광산구 비아동,경상사고,0,0,1,0,차대차 - 후진중충돌,불법유턴,건조,맑음,교차로 - 교차로부근,승용,남,45세,상해없음,승용,여,37세,경상
2019052900100082,2019년 5월 29일 06시,수요일,광주광역시 서구 치평동,경상사고,0,0,1,0,차대차 - 추돌,안전운전불이행,건조,맑음,교차로 - 교차로부근,승용,남,43세,상해없음,승용,남,59세,경상
2019052900100115,2019년 5월 29일 07시,수요일,광주광역시 남구 주월동,중상사고,0,1,0,0,차대차 - 측면충돌,중앙선침범,건조,맑음,교차로 - 교차로부근,자전거,여,57세,중상,승용,여,51세,상해없음
2019052900100168,2019년 5월 29일 08시,수요일,광주광역시 서구 쌍촌동,경상사고,0,0,1,0,차대사람 - 횡단중,신호위반,건조,맑음,교차로 - 교차로안,화물,남,39세,상해없음,보행자,여,21세,경상
2019052900100169,2019년 5월 29일 08시,수요일,광주광역시 남구 주월동,경상사고,0,0,1,0,차대차 - 추돌,안전거리미확보,건조,맑음,단일로 - 기타,승용,남,51세,상해없음,승용,남,31세,경상
2019052900100170,2019년 5월 29일 08시,수요일,광주광역시 광산구 송정동,경상사고,0,0,1,0,차대사람 - 횡단중,신호위반,건조,맑음,교차로 - 교차로횡단보도내,승용,여,36세,상해없음,보행자,남,9세,경상
2019052900100204,2019년 5월 29일 09시,수요일,광주광역시 남구 봉선동,경상사고,0,0,1,0,차대차 - 측면충돌,차로위반,건조,맑음,단일로 - 기타,화물,남,50세,상해없음,승용,남,61세,경상
2019052900100237,2019년 5월 29일 10시,수요일,광주광역시 서구 금호동,경상사고,0,0,1,0,차대차 - 추돌,안전운전불이행,건조,맑음,단일로 - 기타,승용,남,78세,상해없음,승용,여,33세,경상
2019052900100295,2019년 5월 29일 12시,수요일,광주광역시 서구 농성동,경상사고,0,0,1,0,차대차 - 추돌,안전운전불이행,건조,맑음,단일로 - 기타,화물,남,39세,상해없음,승용,여,63세,경상
2019052900100331,2019년 5월 29일 13시,수요일,광주광역시 북구 용봉동,경상사고,0,0,1,0,차대사람 - 기타,안전운전불이행,건조,맑음,단일로 - 기타,승용,남,44세,기타불명,보행자,여,22세,경상
2019052900100368,2019년 5월 29일 14시,수요일,광주광역시 서구 마륵동,경상사고,0,0,1,0,차대차 - 추돌,안전운전불이행,건조,맑음,단일로 - 기타,기타불명,기타불명,미분류,기타불명,승용,남,36세,경상
2019052900100369,2019년 5월 29일 14시,수요일,광주광역시 남구 월산동,경상사고,0,0,1,0,차대차 - 측면충돌,안전운전불이행,건조,맑음,단일로 - 기타,화물,남,63세,상해없음,승용,남,55세,경상
2019052900100468,2019년 5월 29일 16시,수요일,광주광역시 남구 월산동,중상사고,0,2,0,0,차대사람 - 기타,신호위반,건조,맑음,교차로 - 교차로횡단보도내,승용,여,45세,상해없음,보행자,남,69세,중상
2019052900100469,2019년 5월 29일 16시,수요일,광주광역시 남구 진월동,경상사고,0,0,1,0,차대차 - 측면충돌,신호위반,건조,맑음,교차로 - 교차로안,승용,남,80세,상해없음,승용,남,28세,경상
2019052900100470,2019년 5월 29일 16시,수요일,광주광역시 북구 신안동,경상사고,0,0,1,0,차대차 - 측면충돌,안전운전불이행,건조,맑음,교차로 - 교차로안,승용,남,37세,상해없음,자전거,여,54세,경상
2019052900100471,2019년 5월 29일 16시,수요일,광주광역시 북구 풍향동,경상사고,0,0,1,0,차대차 - 측면충돌,신호위반,건조,맑음,교차로 - 교차로부근,승용,남,50세,상해없음,승용,여,52세,경상
2019052900100472,2019년 5월 29일 16시,수요일,광주광역시 광산구 산정동,중상사고,0,1,0,0,차대차 - 기타,안전운전불이행,건조,맑음,기타 - 기타,승용,여,33세,상해없음,자전거,남,62세,중상
2019052900100526,2019년 5월 29일 17시,수요일,광주광역시 북구 용전동,경상사고,0,0,3,0,차대차 - 기타,신호위반,건조,맑음,교차로 - 교차로안,화물,남,72세,상해없음,승용,남,35세,경상
2019052900100587,2019년 5월 29일 18시,수요일,광주광역시 동구 학동,경상사고,0,0,1,0,차대차 - 기타,안전운전불이행,건조,맑음,단일로 - 기타,승용,남,54세,상해없음,승용,남,34세,경상
2019052900100588,2019년 5월 29일 18시,수요일,광주광역시 서구 벽진동,경상사고,0,0,4,0,차대차 - 추돌,안전거리미확보,건조,맑음,단일로 - 기타,승용,남,48세,경상,화물,남,54세,상해없음
2019052900100589,2019년 5월 29일 18시,수요일,광주광역시 서구 벽진동,경상사고,0,0,3,0,차대차 - 추돌,안전운전불이행,건조,맑음,단일로 - 기타,승용,남,55세,상해없음,승용,남,33세,경상
2019052900100590,2019년 5월 29일 18시,수요일,광주광역시 남구 주월동,중상사고,0,1,0,0,차대차 - 기타,안전운전불이행,건조,맑음,교차로 - 교차로안,승용,남,77세,상해없음,이륜,남,58세,중상
2019052900100591,2019년 5월 29일 18시,수요일,광주광역시 남구 봉선동,중상사고,0,1,1,0,차대사람 - 횡단중,보행자보호의무위반,건조,맑음,단일로 - 기타,승용,남,18세,상해없음,보행자,여,8세,중상
2019052900100592,2019년 5월 29일 18시,수요일,광주광역시 북구 신안동,경상사고,0,0,1,0,차대사람 - 횡단중,신호위반,건조,맑음,단일로 - 기타,승용,남,63세,상해없음,보행자,여,45세,경상
2019052900100625,2019년 5월 29일 19시,수요일,광주광역시 북구 두암동,경상사고,0,0,2,0,차대차 - 기타,교차로운행방법위반,건조,맑음,교차로 - 교차로안,승용,남,63세,경상,승용,남,61세,경상
2019052900100626,2019년 5월 29일 19시,수요일,광주광역시 북구 두암동,부상신고사고,0,0,0,1,차대사람 - 기타,안전운전불이행,건조,맑음,단일로 - 기타,기타불명,기타불명,미분류,기타불명,보행자,남,19세,부상신고
2019052900100627,2019년 5월 29일 19시,수요일,광주광역시 광산구 도천동,경상사고,0,0,1,1,차대차 - 측면충돌,안전거리미확보,건조,맑음,단일로 - 기타,승용,남,53세,부상신고,승용,남,33세,경상
2019052900100657,2019년 5월 29일 20시,수요일,광주광역시 광산구 운남동,경상사고,0,0,1,0,차대사람 - 횡단중,보행자보호의무위반,건조,맑음,교차로 - 교차로횡단보도내,승용,남,39세,상해없음,보행자,여,54세,경상
2019052900100691,2019년 5월 29일 21시,수요일,광주광역시 북구 용봉동,경상사고,0,0,1,0,차대차 - 측면충돌,안전거리미확보,건조,맑음,단일로 - 기타,승용,남,31세,상해없음,기타불명,남,47세,경상
2019052900100708,2019년 5월 29일 22시,수요일,광주광역시 서구 풍암동,경상사고,0,0,1,0,차대차 - 측면충돌,안전운전불이행,건조,맑음,교차로 - 교차로안,화물,남,53세,기타불명,개인형이동수단(PM),남,51세,경상
2019052900100709,2019년 5월 29일 22시,수요일,광주광역시 광산구 수완동,경상사고,0,0,2,0,차대차 - 측면충돌,교차로운행방법위반,건조,맑음,교차로 - 교차로부근,승용,남,61세,상해없음,승용,남,61세,상해없음
2019052900100731,2019년 5월 29일 23시,수요일,광주광역시 서구 풍암동,경상사고,0,0,1,0,차대차 - 측면충돌,신호위반,건조,맑음,교차로 - 교차로안,승용,남,49세,상해없음,승용,남,33세,경상
2019052900100732,2019년 5월 29일 23시,수요일,광주광역시 광산구 장덕동,경상사고,0,0,6,0,차대차 - 측면충돌,차로위반,건조,맑음,단일로 - 기타,승용,남,49세,경상,승용,남,18세,경상
2019053000100101,2019년 5월 30일 06시,목요일,광주광역시 북구 신안동,경상사고,0,0,1,0,차대차 - 후진중충돌,안전운전불이행,건조,맑음,단일로 - 기타,화물,남,54세,상해없음,승용,남,42세,경상
2019053000100102,2019년 5월 30일 06시,목요일,광주광역시 광산구 광산동,중상사고,0,1,2,0,차대차 - 측면충돌,직진우회전진행방해,건조,맑음,교차로 - 교차로안,승용,남,65세,상해없음,승용,여,54세,경상
2019053000100119,2019년 5월 30일 07시,목요일,광주광역시 북구 동림동,중상사고,0,1,0,0,차대사람 - 기타,안전운전불이행,건조,맑음,기타 - 기타,승합,남,61세,상해없음,보행자,여,72세,중상
2019053000100172,2019년 5월 30일 08시,목요일,광주광역시 서구 치평동,경상사고,0,0,2,0,차대차 - 측면충돌,교차로운행방법위반,건조,맑음,교차로 - 교차로안,승용,남,25세,경상,승용,남,36세,경상
2019053000100245,2019년 5월 30일 10시,목요일,광주광역시 광산구 하남동,경상사고,0,0,1,0,차대차 - 측면충돌,신호위반,건조,맑음,교차로 - 교차로안,화물,남,47세,상해없음,승용,남,47세,경상
2019053000100273,2019년 5월 30일 11시,목요일,광주광역시 서구 마륵동,중상사고,0,1,0,0,차대차 - 측면충돌,신호위반,건조,맑음,교차로 - 교차로안,승용,여,30세,상해없음,승용,남,59세,중상