사고번호,사고일시,요일,시군구,사고내용,사망자수,중상자수,경상자수,부상신고자수,사고유형,법규위반,노면상태,기상상태,도로형태,가해운전자 차종,가해운전자 성별,가해운전자 연령,가해운전자 상해정도,피해운전자 차종,피해운전자 성별,피해운전자 연령,피해운전자 상해정도
2019053000100414,2019년 5월 30일 16시,목요일,광주광역시 서구 쌍촌동,부상신고사고,0,0,0,1,차대차 - 측면충돌,중앙선침범,건조,맑음,교차로 - 교차로안,자전거,남,13세,부상신고,승용,여,32세,상해없음
2019053000100415,2019년 5월 30일 16시,목요일,광주광역시 북구 운암동,경상사고,0,0,1,0,차대사람 - 길가장자리구역통행중,기타,건조,맑음,단일로 - 기타,승용,여,43세,상해없음,보행자,남,55세,경상
2019053000100463,2019년 5월 30일 17시,목요일,광주광역시 동구 황금동,경상사고,0,0,1,0,차대사람 - 기타,안전운전불이행,건조,맑음,단일로 - 기타,승용,여,23세,상해없음,보행자,여,41세,경상
2019053000100538,2019년 5월 30일 19시,목요일,광주광역시 동구 대인동,경상사고,0,0,3,0,차대차 - 기타,신호위반,건조,맑음,교차로 - 교차로안,이륜,남,60세,상해없음,승용,여,21세,경상
2019053000100539,2019년 5월 30일 19시,목요일,광주광역시 남구 월산동,경상사고,0,0,1,0,차대차 - 측면충돌,안전운전불이행,건조,맑음,단일로 - 기타,승용,남,47세,상해없음,승용,여,61세,경상
2019053000100567,2019년 5월 30일 20시,목요일,광주광역시 광산구 수완동,경상사고,0,0,2,0,차대차 - 정면충돌,신호위반,건조,맑음,교차로 - 교차로안,승용,여,25세,상해없음,승용,여,44세,경상
2019053000100601,2019년 5월 30일 21시,목요일,광주광역시 북구 용봉동,경상사고,0,0,1,0,차대사람 - 기타,안전운전불이행,건조,맑음,단일로 - 기타,승용,남,19세,상해없음,보행자,남,19세,경상
2019053000100602,2019년 5월 30일 21시,목요일,광주광역시 광산구 월계동,경상사고,0,0,1,0,차대차 - 후진중충돌,안전운전불이행,건조,맑음,교차로 - 교차로안,승용,남,65세,상해없음,승용,여,49세,경상
2019053000100603,2019년 5월 30일 21시,목요일,광주광역시 광산구 운남동,경상사고,0,0,2,0,차대차 - 추돌,교차로운행방법위반,건조,맑음,교차로 - 교차로안,승용,남,43세,경상,승용,남,32세,경상
2019053000100626,2019년 5월 30일 22시,목요일,광주광역시 북구 우산동,경상사고,0,0,2,0,차대차 - 측면충돌,교차로운행방법위반,건조,맑음,교차로 - 교차로안,승용,여,53세,경상,승용,여,36세,경상
2019053000100654,2019년 5월 30일 23시,목요일,광주광역시 서구 금호동,경상사고,0,0,1,0,차대차 - 측면충돌,안전거리미확보,건조,맑음,단일로 - 기타,승용,남,35세,상해없음,승용,남,68세,경상
2019053000100655,2019년 5월 30일 23시,목요일,광주광역시 동구 계림동,경상사고,0,0,1,0,차대차 - 측면충돌,신호위반,건조,맑음,교차로 - 교차로안,승용,남,43세,상해없음,승용,남,61세,경상
2019053100100048,2019년 5월 31일 00시,금요일,광주광역시 서구 동천동,경상사고,0,0,1,0,차대사람 - 차도통행중,안전운전불이행,건조,맑음,단일로 - 기타,승용,남,22세,상해없음,보행자,남,35세,경상
2019053100100049,2019년 5월 31일 00시,금요일,광주광역시 광산구 수완동,경상사고,0,0,2,0,차대차 - 추돌,안전운전불이행,젖음/습기,비,교차로 - 교차로부근,승용,여,21세,상해없음,승용,여,22세,경상
2019053100100079,2019년 5월 31일 04시,금요일,광주광역시 서구 화정동,중상사고,0,1,0,0,차대차 - 측면충돌,신호위반,젖음/습기,비,교차로 - 교차로안,승용,남,28세,상해없음,승용,남,46세,중상
2019053100100092,2019년 5월 31일 05시,금요일,광주광역시 광산구 월계동,경상사고,0,0,1,0,차대차 - 측면충돌,안전운전불이행,젖음/습기,비,단일로 - 기타,승용,남,57세,상해없음,승용,남,51세,경상
2019053100100133,2019년 5월 31일 07시,금요일,광주광역시 서구 치평동,경상사고,0,0,1,0,차대차 - 후진중충돌,안전운전불이행,젖음/습기,맑음,단일로 - 기타,승용,남,27세,상해없음,승용,남,38세,경상
2019053100100204,2019년 5월 31일 09시,금요일,광주광역시 북구 신안동,경상사고,0,0,1,0,차대사람 - 기타,안전운전불이행,건조,맑음,단일로 - 기타,승용,여,71세,상해없음,보행자,남,62세,경상
2019053100100267,2019년 5월 31일 11시,금요일,광주광역시 서구 금호동,경상사고,0,0,1,0,차대차 - 추돌,안전운전불이행,건조,맑음,교차로 - 교차로부근,승용,여,66세,상해없음,승용,여,45세,경상
2019053100100350,2019년 5월 31일 13시,금요일,광주광역시 서구 농성동,경상사고,0,0,2,0,차대차 - 측면충돌,신호위반,건조,맑음,교차로 - 교차로안,승용,여,54세,상해없음,승용,남,65세,경상
2019053100100351,2019년 5월 31일 13시,금요일,광주광역시 북구 임동,경상사고,0,0,2,1,차대차 - 측면충돌,신호위반,건조,맑음,교차로 - 교차로안,승용,여,30세,부상신고,승용,남,53세,경상
2019053100100390,2019년 5월 31일 14시,금요일,광주광역시 남구 월산동,중상사고,0,1,0,0,차대사람 - 횡단중,신호위반,건조,맑음,단일로 - 기타,승합,남,77세,상해없음,보행자,여,73세,중상
2019053100100391,2019년 5월 31일 14시,금요일,광주광역시 광산구 송정동,사망사고,1,0,0,0,차대사람 - 횡단중,보행자보호의무위반,건조,맑음,단일로 - 기타,승용,남,61세,상해없음,보행자,여,90세 이상,사망
2019053100100392,2019년 5월 31일 14시,금요일,광주광역시 광산구 장수동,경상사고,0,0,5,0,차대차 - 기타,안전운전불이행,건조,맑음,단일로 - 기타,화물,남,26세,경상,화물,남,39세,경상
2019053100100437,2019년 5월 31일 15시,금요일,광주광역시 북구 매곡동,경상사고,0,0,1,0,차대차 - 추돌,안전운전불이행,건조,맑음,교차로 - 교차로부근,승용,남,73세,상해없음,승용,남,39세,경상
2019053100100492,2019년 5월 31일 16시,금요일,광주광역시 서구 화정동,부상신고사고,0,0,0,1,차대차 - 측면충돌,안전거리미확보,건조,맑음,단일로 - 기타,승용,남,35세,상해없음,승합,남,46세,상해없음
2019053100100493,2019년 5월 31일 16시,금요일,광주광역시 남구 주월동,경상사고,0,0,1,0,차대차 - 추돌,안전운전불이행,건조,맑음,단일로 - 기타,승용,남,45세,상해없음,화물,남,53세,경상
2019053100100494,2019년 5월 31일 16시,금요일,광주광역시 광산구 산월동,경상사고,0,0,1,0,차량단독 - 기타,안전운전불이행,건조,맑음,단일로 - 기타,승합,남,62세,상해없음,,,,
2019053100100603,2019년 5월 31일 18시,금요일,광주광역시 동구 내남동,경상사고,0,0,2,0,차대차 - 기타,안전거리미확보,건조,맑음,단일로 - 기타,승용,남,72세,기타불명,승용,남,26세,경상
2019053100100604,2019년 5월 31일 18시,금요일,광주광역시 서구 농성동,중상사고,0,1,0,0,차대사람 - 횡단중,안전운전불이행,건조,맑음,교차로 - 교차로안,승용,여,44세,상해없음,보행자,여,55세,중상
2019053100100605,2019년 5월 31일 18시,금요일,광주광역시 남구 송하동,경상사고,0,0,1,0,차대차 - 추돌,안전운전불이행,건조,맑음,단일로 - 기타,화물,남,51세,상해없음,승용,남,44세,경상
2019053100100656,2019년 5월 31일 19시,금요일,광주광역시 북구 문흥동,경상사고,0,0,2,0,차대차 - 측면충돌,교차로운행방법위반,건조,맑음,교차로 - 교차로안,이륜,남,58세,경상,승용,여,27세,경상
2019053100100684,2019년 5월 31일 20시,금요일,광주광역시 동구 계림동,경상사고,0,0,4,0,차대차 - 기타,신호위반,건조,맑음,교차로 - 교차로부근,이륜,남,28세,상해없음,승용,남,67세,상해없음
2019053100100685,2019년 5월 31일 20시,금요일,광주광역시 서구 화정동,경상사고,0,0,1,0,차대차 - 측면충돌,안전운전불이행,건조,맑음,단일로 - 기타,승용,남,59세,상해없음,이륜,남,18세,경상
2019053100100729,2019년 5월 31일 21시,금요일,광주광역시 북구 중흥동,부상신고사고,0,0,0,1,차대사람 - 기타,안전운전불이행,건조,맑음,단일로 - 기타,사륜오토바이(ATV),기타불명,미분류,기타불명,보행자,남,64세,부상신고
2019053100100730,2019년 5월 31일 21시,금요일,광주광역시 광산구 수완동,경상사고,0,0,3,0,차대차 - 후진중충돌,안전운전불이행,건조,맑음,단일로 - 기타,승용,남,61세,상해없음,승용,남,24세,경상
2019053100100764,2019년 5월 31일 22시,금요일,광주광역시 광산구 송정동,경상사고,0,0,1,0,차대차 - 측면충돌,안전운전불이행,건조,맑음,교차로 - 교차로안,화물,남,62세,상해없음,이륜,남,17세,경상
2019053100100765,2019년 5월 31일 22시,금요일,광주광역시 광산구 산월동,경상사고,0,0,2,0,차대차 - 측면충돌,중앙선침범,건조,맑음,단일로 - 기타,승용,남,63세,상해없음,승용,남,34세,경상
2019053100100797,2019년 5월 31일 23시,금요일,광주광역시 광산구 소촌동,경상사고,0,0,1,0,차대사람 - 차도통행중,안전운전불이행,건조,맑음,교차로 - 교차로횡단보도내,원동기,남,29세,상해없음,보행자,여,33세,경상
2019060100100051,2019년 6월 1일 01시,토요일,광주광역시 동구 내남동,경상사고,0,0,2,0,차대차 - 추돌,안전운전불이행,건조,맑음,단일로 - 기타,승용,여,42세,상해없음,승용,남,37세,경상
2019060100100052,2019년 6월 1일 01시,토요일,광주광역시 북구 신용동,중상사고,0,1,3,0,차대차 - 측면충돌,신호위반,건조,맑음,교차로 - 교차로안,승용,남,53세,경상,승용,남,58세,중상
2019060100100202,2019년 6월 1일 10시,토요일,광주광역시 서구 광천동,경상사고,0,0,3,0,차대차 - 측면충돌,안전거리미확보,건조,맑음,단일로 - 지하차도(도로)내,승용,남,68세,상해없음,승용,여,57세,경상
2019060100100239,2019년 6월 1일 11시,토요일,광주광역시 서구 양동,경상사고,0,0,3,0,차대차 - 추돌,안전운전불이행,건조,맑음,단일로 - 기타,승용,남,77세,상해없음,승용,여,48세,경상
2019060100100240,2019년 6월 1일 11시,토요일,광주광역시 북구 두암동,경상사고,0,0,1,0,차대사람 - 기타,신호위반,건조,맑음,단일로 - 기타,승용,여,64세,상해없음,보행자,남,44세,경상
2019060100100241,2019년 6월 1일 11시,토요일,광주광역시 광산구 신창동,중상사고,0,2,0,0,차대차 - 추돌,안전거리미확보,건조,맑음,교차로 - 교차로안,승용,남,44세,상해없음,승용,남,44세,중상
2019060100100285,2019년 6월 1일 12시,토요일,광주광역시 광산구 도천동,경상사고,0,0,6,0,차대차 - 기타,기타,건조,맑음,교차로 - 교차로안,화물,남,53세,상해없음,승용,남,43세,경상
2019060100100320,2019년 6월 1일 13시,토요일,광주광역시 남구 양림동,중상사고,0,1,0,0,차대차 - 측면충돌,교차로운행방법위반,건조,맑음,교차로 - 교차로안,승용,남,59세,상해없음,이륜,남,17세,중상
2019060100100321,2019년 6월 1일 13시,토요일,광주광역시 북구 용두동,경상사고,0,0,1,0,차대사람 - 길가장자리구역통행중,안전운전불이행,건조,맑음,단일로 - 기타,승용,남,25세,상해없음,보행자,남,55세,경상
2019060100100322,2019년 6월 1일 13시,토요일,광주광역시 광산구 선동,경상사고,0,0,1,0,차대차 - 측면충돌,안전운전불이행,건조,맑음,단일로 - 기타,건설기계,남,58세,상해없음,승용,여,20세,경상
2019060100100356,2019년 6월 1일 14시,토요일,광주광역시 서구 금호동,경상사고,0,0,1,0,차대차 - 측면충돌,직진우회전진행방해,건조,맑음,교차로 - 교차로안,승용,남,63세,상해없음,자전거,남,22세,경상
2019060100100357,2019년 6월 1일 14시,토요일,광주광역시 북구 문흥동,경상사고,0,0,1,0,차대차 - 측면충돌,차로위반,건조,맑음,교차로 - 교차로부근,승용,여,55세,상해없음,승합,남,50세,경상
2019060100100358,2019년 6월 1일 14시,토요일,광주광역시 북구 각화동,경상사고,0,0,2,1,차대차 - 추돌,안전운전불이행,건조,맑음,교차로 - 교차로부근,승용,남,79세,상해없음,승용,여,34세,부상신고
2019060100100436,2019년 6월 1일 16시,토요일,광주광역시 동구 서석동,경상사고,0,0,1,0,차대차 - 추돌,안전운전불이행,건조,맑음,단일로 - 기타,승용,여,37세,상해없음,승용,여,48세,경상
2019060100100437,2019년 6월 1일 16시,토요일,광주광역시 북구 삼각동,경상사고,0,0,3,0,차대차 - 기타,안전운전불이행,건조,맑음,교차로 - 교차로안,승용,남,31세,경상,승용,남,43세,경상
2019060100100475,2019년 6월 1일 17시,토요일,광주광역시 광산구 월계동,경상사고,0,0,1,0,차대사람 - 횡단중,보행자보호의무위반,건조,맑음,단일로 - 기타,승용,남,43세,상해없음,보행자,여,54세,경상
2019060100100498,2019년 6월 1일 18시,토요일,광주광역시 동구 궁동,중상사고,0,1,0,0,차대차 - 기타,안전운전불이행,건조,맑음,단일로 - 기타,자전거,남,17세,중상,승용,남,56세,상해없음
2019060100100572,2019년 6월 1일 21시,토요일,광주광역시 북구 오치동,경상사고,0,0,1,0,차대차 - 추돌,안전운전불이행,건조,흐림,단일로 - 기타,승용,여,37세,상해없음,승용,여,50세,상해없음
2019060100100573,2019년 6월 1일 21시,토요일,광주광역시 북구 임동,경상사고,0,0,1,0,차대차 - 측면충돌,중앙선침범,건조,맑음,교차로 - 교차로안,승용,남,59세,상해없음,승용,남,29세,경상
2019060200100029,2019년 6월 2일 00시,일요일,광주광역시 북구 운암동,경상사고,0,0,1,0,차대차 - 추돌,안전운전불이행,건조,맑음,교차로 - 교차로부근,승용,남,55세,상해없음,승용,남,29세,경상
2019060200100061,2019년 6월 2일 03시,일요일,광주광역시 광산구 신창동,중상사고,0,2,0,0,차량단독 - 공작물충돌,안전운전불이행,건조,맑음,단일로 - 기타,이륜,남,16세,중상,,,,
2019060200100066,2019년 6월 2일 04시,일요일,광주광역시 서구 유촌동,경상사고,0,0,1,0,차대차 - 추돌,안전거리미확보,건조,흐림,단일로 - 지하차도(도로)내,이륜,남,19세,경상,승합,여,62세,상해없음
2019060200100067,2019년 6월 2일 04시,일요일,광주광역시 남구 주월동,경상사고,0,0,2,0,차대차 - 측면충돌,안전운전불이행,건조,맑음,단일로 - 기타,승용,남,34세,상해없음,승용,남,36세,경상
2019060200100068,2019년 6월 2일 04시,일요일,광주광역시 광산구 본덕동,경상사고,0,0,2,0,차대차 - 기타,안전거리미확보,건조,맑음,단일로 - 기타,승용,여,60세,경상,화물,남,35세,경상
2019060200100097,2019년 6월 2일 07시,일요일,광주광역시 서구 쌍촌동,경상사고,0,0,4,0,차대차 - 측면충돌,안전운전불이행,건조,맑음,단일로 - 기타,승용,여,30세,경상,승용,남,28세,경상
2019060200100113,2019년 6월 2일 08시,일요일,광주광역시 북구 두암동,경상사고,0,0,1,0,차대사람 - 횡단중,안전운전불이행,건조,맑음,교차로 - 교차로안,승용,남,70세,상해없음,보행자,남,73세,경상
2019060200100134,2019년 6월 2일 09시,일요일,광주광역시 서구 쌍촌동,경상사고,0,0,2,0,차대차 - 추돌,안전운전불이행,건조,맑음,교차로 - 교차로부근,승용,여,29세,상해없음,승용,남,34세,경상
2019060200100188,2019년 6월 2일 12시,일요일,광주광역시 동구 산수동,경상사고,0,0,2,0,차대차 - 측면충돌,안전운전불이행,건조,맑음,단일로 - 기타,이륜,남,83세,상해없음,승용,남,31세,경상
2019060200100254,2019년 6월 2일 14시,일요일,광주광역시 광산구 월계동,경상사고,0,0,1,0,차대차 - 기타,안전운전불이행,건조,맑음,교차로 - 교차로부근,승용,여,60세,기타불명,이륜,남,35세,경상
2019060200100284,2019년 6월 2일 15시,일요일,광주광역시 북구 임동,경상사고,0,0,2,0,차대차 - 측면충돌,신호위반,건조,맑음,교차로 - 교차로안,승용,남,59세,경상,승용,여,35세,경상
2019060200100285,2019년 6월 2일 15시,일요일,광주광역시 광산구 신가동,경상사고,0,0,3,0,차대차 - 측면충돌,교차로운행방법위반,건조,맑음,교차로 - 교차로안,승용,남,65세,경상,승용,여,40세,경상
2019060200100383,2019년 6월 2일 18시,일요일,광주광역시 북구 운암동,경상사고,0,0,5,0,차대차 - 추돌,안전운전불이행,건조,맑음,단일로 - 기타,화물,남,60세,상해없음,승합,남,49세,경상
2019060200100409,2019년 6월 2일 19시,일요일,광주광역시 남구 주월동,경상사고,0,0,1,0,차대차 - 측면충돌,중앙선침범,건조,맑음,단일로 - 기타,승용,여,53세,상해없음,원동기,남,20세,경상
2019060200100445,2019년 6월 2일 20시,일요일,광주광역시 광산구 신가동,경상사고,0,0,1,0,차대사람 - 차도통행중,안전운전불이행,건조,맑음,단일로 - 기타,기타불명,기타불명,미분류,기타불명,보행자,여,47세,경상
2019060200100468,2019년 6월 2일 21시,일요일,광주광역시 광산구 흑석동,경상사고,0,0,3,1,차대차 - 측면충돌,안전운전불이행,건조,맑음,단일로 - 기타,화물,남,42세,상해없음,승용,남,37세,부상신고
2019060200100492,2019년 6월 2일 22시,일요일,광주광역시 서구 치평동,경상사고,0,0,1,0,차대사람 - 횡단중,안전운전불이행,건조,맑음,교차로 - 교차로부근,승용,여,52세,상해없음,보행자,남,38세,경상
2019060200100493,2019년 6월 2일 22시,일요일,광주광역시 남구 주월동,경상사고,0,0,2,0,차대차 - 측면충돌,안전거리미확보,건조,맑음,교차로 - 교차로부근,승용,여,55세,상해없음,승용,남,24세,경상
2019060200100504,2019년 6월 2일 23시,일요일,광주광역시 북구 오치동,중상사고,0,1,0,0,차대사람 - 횡단중,안전운전불이행,건조,맑음,교차로 - 교차로안,승용,남,52세,상해없음,보행자,남,53세,중상
2019060300100044,2019년 6월 3일 00시,월요일,광주광역시 서구 화정동,경상사고,0,0,1,0,차대차 - 기타,안전거리미확보,건조,맑음,교차로 - 교차로부근,승용,남,76세,상해없음,승용,남,41세,경상
2019060300100045,2019년 6월 3일 00시,월요일,광주광역시 북구 임동,중상사고,0,1,3,0,차대차 - 측면충돌,신호위반,건조,맑음,교차로 - 교차로안,이륜,남,21세,중상,승용,남,59세,경상
2019060300100074,2019년 6월 3일 04시,월요일,광주광역시 북구 풍향동,사망사고,1,0,0,0,차대사람 - 횡단중,신호위반,건조,맑음,교차로 - 교차로횡단보도내,승용,남,27세,상해없음,보행자,여,75세,사망
2019060300100080,2019년 6월 3일 05시,월요일,광주광역시 북구 매곡동,중상사고,0,1,0,0,차대차 - 측면충돌,신호위반,건조,맑음,교차로 - 교차로안,화물,남,57세,상해없음,이륜,남,68세,중상
2019060300100093,2019년 6월 3일 06시,월요일,광주광역시 광산구 우산동,경상사고,0,0,1,0,차대차 - 기타,중앙선침범,건조,맑음,단일로 - 기타,화물,남,61세,기타불명,승용,남,60세,경상
2019060300100116,2019년 6월 3일 07시,월요일,광주광역시 광산구 장덕동,중상사고,0,1,1,0,차대차 - 측면충돌,중앙선침범,건조,맑음,교차로 - 교차로안,승용,남,23세,경상,승용,남,64세,중상
2019060300100161,2019년 6월 3일 08시,월요일,광주광역시 남구 백운동,경상사고,0,0,2,0,차대차 - 측면충돌,안전거리미확보,건조,맑음,교차로 - 교차로부근,승용,여,54세,상해없음,승용,여,42세,경상
2019060300100235,2019년 6월 3일 10시,월요일,광주광역시 광산구 운수동,경상사고,0,0,2,0,차대차 - 측면충돌,중앙선침범,건조,맑음,기타 - 기타,승용,여,47세,경상,승용,남,21세,경상
2019060300100266,2019년 6월 3일 11시,월요일,광주광역시 북구 화암동,경상사고,0,0,1,0,차량단독 - 기타,안전운전불이행,건조,맑음,단일로 - 기타,화물,남,68세,경상,,,,
2019060300100328,2019년 6월 3일 13시,월요일,광주광역시 광산구 우산동,경상사고,0,0,2,0,차대차 - 추돌,안전운전불이행,건조,맑음,교차로 - 교차로안,승용,남,38세,상해없음,승용,남,33세,경상
2019060300100367,2019년 6월 3일 14시,월요일,광주광역시 북구 용봉동,경상사고,0,0,1,0,차대차 - 추돌,안전운전불이행,건조,맑음,단일로 - 기타,승용,남,65세,상해없음,승용,남,45세,경상
2019060300100368,2019년 6월 3일 14시,월요일,광주광역시 광산구 월곡동,경상사고,0,0,2,0,차대차 - 측면충돌,안전거리미확보,건조,맑음,교차로 - 교차로부근,화물,남,53세,상해없음,승용,남,19세,경상
2019060300100406,2019년 6월 3일 15시,월요일,광주광역시 서구 화정동,경상사고,0,0,2,0,차대차 - 추돌,안전운전불이행,건조,맑음,단일로 - 기타,승용,여,77세,경상,승용,여,42세,경상
2019060300100444,2019년 6월 3일 16시,월요일,광주광역시 서구 화정동,경상사고,0,0,1,0,차대차 - 측면충돌,안전거리미확보,건조,맑음,단일로 - 기타,기타불명,기타불명,미분류,기타불명,승용,여,25세,경상
2019060300100477,2019년 6월 3일 17시,월요일,광주광역시 남구 월산동,경상사고,0,0,1,0,차대사람 - 횡단중,안전운전불이행,건조,맑음,단일로 - 기타,승용,남,48세,상해없음,보행자,여,9세,경상
2019060300100478,2019년 6월 3일 17시,월요일,광주광역시 북구 두암동,경상사고,0,0,1,0,차대차 - 추돌,안전운전불이행,건조,맑음,단일로 - 기타,승용,남,25세,상해없음,승용,여,40세,경상
2019060300100514,2019년 6월 3일 18시,월요일,광주광역시 서구 금호동,경상사고,0,0,2,0,차대차 - 후진중충돌,안전운전불이행,건조,맑음,단일로 - 기타,화물,남,49세,경상,승용,여,35세,경상
2019060300100515,2019년 6월 3일 18시,월요일,광주광역시 광산구 신창동,경상사고,0,0,2,0,차대차 - 측면충돌,차로위반,건조,맑음,단일로 - 기타,승용,남,27세,상해없음,화물,남,23세,경상
2019060300100540,2019년 6월 3일 19시,월요일,광주광역시 광산구 쌍암동,중상사고,0,1,0,0,차대사람 - 횡단중,안전운전불이행,건조,맑음,단일로 - 기타,승용,여,50세,상해없음,보행자,남,90세 이상,중상
2019060300100566,2019년 6월 3일 20시,월요일,광주광역시 동구 학동,경상사고,0,0,2,0,차대차 - 측면충돌,안전운전불이행,건조,맑음,교차로 - 교차로부근,승용,여,57세,경상,승용,남,37세,경상
2019060300100567,2019년 6월 3일 20시,월요일,광주광역시 남구 사동,경상사고,0,0,1,0,차대차 - 측면충돌,안전운전불이행,건조,맑음,교차로 - 교차로안,승용,남,47세,상해없음,승용,남,55세,상해없음
2019060300100610,2019년 6월 3일 22시,월요일,광주광역시 서구 동천동,경상사고,0,0,1,0,차대사람 - 횡단중,보행자보호의무위반,건조,맑음,교차로 - 교차로횡단보도내,승용,여,50세,상해없음,보행자,여,17세,경상
2019060400100036,2019년 6월 4일 01시,화요일,광주광역시 광산구 운남동,중상사고,0,1,0,0,차대사람 - 횡단중,안전운전불이행,건조,맑음,교차로 - 교차로안,승용,남,18세,상해없음,보행자,남,50세,중상
2019060400100037,2019년 6월 4일 01시,화요일,광주광역시 광산구 도천동,중상사고,0,1,1,0,차대차 - 측면충돌,직진우회전진행방해,건조,맑음,교차로 - 교차로안,승용,남,33세,경상,승용,남,36세,중상
2019060400100079,2019년 6월 4일 06시,화요일,광주광역시 서구 치평동,경상사고,0,0,1,0,차대사람 - 차도통행중,안전운전불이행,건조,맑음,단일로 - 기타,승용,남,35세,상해없음,보행자,남,26세,경상
2019060400100151,2019년 6월 4일 08시,화요일,광주광역시 북구 두암동,중상사고,0,1,0,0,차대사람 - 기타,안전운전불이행,건조,맑음,단일로 - 기타,승용,여,39세,상해없음,보행자,여,7세,중상
2019060400100152,2019년 6월 4일 08시,화요일,광주광역시 북구 삼각동,경상사고,0,0,1,0,차대차 - 추돌,안전거리미확보,건조,맑음,단일로 - 기타,승용,남,62세,상해없음,승용,여,28세,경상
2019060400100193,2019년 6월 4일 09시,화요일,광주광역시 서구 유촌동,경상사고,0,0,1,0,차대차 - 기타,신호위반,건조,맑음,단일로 - 기타,화물,남,64세,상해없음,승용,여,27세,경상
2019060400100194,2019년 6월 4일 09시,화요일,광주광역시 남구 양림동,경상사고,0,0,1,0,차대차 - 기타,안전운전불이행,건조,맑음,단일로 - 기타,승용,남,42세,상해없음,승용,여,62세,경상
2019060400100195,2019년 6월 4일 09시,화요일,광주광역시 북구 두암동,경상사고,0,0,2,0,차대차 - 추돌,안전운전불이행,건조,맑음,단일로 - 기타,승용,남,53세,상해없음,승용,남,43세,경상
2019060400100196,2019년 6월 4일 09시,화요일,광주광역시 북구 문흥동,경상사고,0,0,1,0,차대차 - 기타,안전운전불이행,건조,맑음,단일로 - 기타,화물,남,33세,기타불명,승용,여,48세,경상
2019060400100294,2019년 6월 4일 12시,화요일,광주광역시 동구 지산동,경상사고,0,0,1,0,차대차 - 기타,안전운전불이행,건조,맑음,단일로 - 기타,승용,남,51세,상해없음,이륜,남,27세,경상
2019060400100330,2019년 6월 4일 13시,화요일,광주광역시 서구 농성동,경상사고,0,0,1,0,차대차 - 추돌,안전운전불이행,건조,맑음,단일로 - 기타,승용,여,63세,상해없음,승용,여,24세,경상
2019060400100363,2019년 6월 4일 14시,화요일,광주광역시 남구 주월동,경상사고,0,0,1,0,차대차 - 기타,안전운전불이행,건조,맑음,단일로 - 기타,승용,여,63세,상해없음,화물,남,69세,경상
2019060400100364,2019년 6월 4일 14시,화요일,광주광역시 북구 동림동,중상사고,0,1,0,0,차대사람 - 기타,안전운전불이행,건조,맑음,교차로 - 교차로안,승용,여,47세,상해없음,보행자,여,78세,중상
2019060400100392,2019년 6월 4일 15시,화요일,광주광역시 서구 매월동,경상사고,0,0,1,0,차대차 - 측면충돌,안전거리미확보,건조,맑음,단일로 - 기타,화물,남,36세,상해없음,화물,남,34세,경상
2019060400100393,2019년 6월 4일 15시,화요일,광주광역시 북구 동림동,경상사고,0,0,1,0,차대차 - 기타,안전운전불이행,건조,맑음,교차로 - 교차로안,화물,남,58세,상해없음,승용,남,41세,경상
2019060400100394,2019년 6월 4일 15시,화요일,광주광역시 북구 용두동,경상사고,0,0,1,0,차대사람 - 횡단중,안전운전불이행,건조,맑음,단일로 - 기타,승용,여,47세,기타불명,보행자,남,9세,경상
2019060400100439,2019년 6월 4일 16시,화요일,광주광역시 동구 학동,경상사고,0,0,2,0,차대차 - 측면충돌,안전운전불이행,건조,맑음,교차로 - 교차로안,승용,여,68세,상해없음,승용,남,41세,경상
2019060400100440,2019년 6월 4일 16시,화요일,광주광역시 북구 두암동,경상사고,0,0,2,0,차대차 - 측면충돌,교차로운행방법위반,건조,맑음,교차로 - 교차로안,승용,남,63세,상해없음,승용,남,36세,경상
2019060400100496,2019년 6월 4일 17시,화요일,광주광역시 남구 백운동,경상사고,0,0,1,0,차대차 - 측면충돌,안전운전불이행,건조,맑음,교차로 - 교차로부근,승용,여,61세,상해없음,승용,여,64세,경상
2019060400100497,2019년 6월 4일 17시,화요일,광주광역시 광산구 신가동,경상사고,0,0,1,1,차대차 - 측면충돌,교차로운행방법위반,건조,맑음,교차로 - 교차로안,승용,여,63세,부상신고,화물,남,51세,경상
2019060400100670,2019년 6월 4일 22시,화요일,광주광역시 서구 벽진동,중상사고,0,1,0,0,차대차 - 측면충돌,안전거리미확보,건조,맑음,단일로 - 기타,승용,여,44세,상해없음,승용,여,49세,중상
2019060400100671,2019년 6월 4일 22시,화요일,광주광역시 광산구 쌍암동,경상사고,0,0,1,0,차대차 - 기타,신호위반,건조,맑음,교차로 - 교차로안,승용,남,18세,상해없음,자전거,남,52세,경상
2019060400100686,2019년 6월 4일 23시,화요일,광주광역시 서구 매월동,경상사고,0,0,1,0,차대차 - 추돌,안전운전불이행,건조,맑음,단일로 - 기타,승용,남,48세,상해없음,승용,여,47세,경상
2019060500100158,2019년 6월 5일 08시,수요일,광주광역시 북구 운암동,경상사고,0,0,1,0,차대차 - 기타,안전운전불이행,건조,맑음,교차로 - 교차로안,화물,남,52세,상해없음,승용,여,31세,경상
2019060500100206,2019년 6월 5일 09시,수요일,광주광역시 북구 임동,경상사고,0,0,4,0,차대차 - 추돌,안전운전불이행,건조,맑음,단일로 - 기타,승용,여,55세,경상,승용,남,52세,경상
2019060500100230,2019년 6월 5일 10시,수요일,광주광역시 북구 용봉동,경상사고,0,0,1,0,차대차 - 기타,중앙선침범,건조,맑음,단일로 - 기타,자전거,남,24세,경상,승용,남,50세,상해없음