사고번호,사고일시,요일,시군구,사고내용,사망자수,중상자수,경상자수,부상신고자수,사고유형,법규위반,노면상태,기상상태,도로형태,가해운전자 차종,가해운전자 성별,가해운전자 연령,가해운전자 상해정도,피해운전자 차종,피해운전자 성별,피해운전자 연령,피해운전자 상해정도
2019062200100087,2019년 6월 22일 02시,토요일,광주광역시 서구 치평동,중상사고,0,1,0,0,차대사람 - 기타,안전운전불이행,건조,맑음,단일로 - 기타,승용,남,26세,상해없음,보행자,여,52세,중상
2019062200100088,2019년 6월 22일 02시,토요일,광주광역시 광산구 산정동,중상사고,0,1,4,0,차대차 - 기타,신호위반,건조,맑음,교차로 - 교차로안,승용,남,31세,경상,승용,남,34세,경상
2019062200100109,2019년 6월 22일 03시,토요일,광주광역시 서구 광천동,중상사고,0,1,0,0,차대차 - 측면충돌,안전운전불이행,건조,맑음,단일로 - 기타,승용,남,24세,상해없음,원동기,남,42세,중상
2019062200100158,2019년 6월 22일 07시,토요일,광주광역시 서구 광천동,중상사고,0,1,0,0,차대사람 - 횡단중,안전운전불이행,건조,맑음,교차로 - 교차로부근,승용,남,61세,상해없음,보행자,여,63세,중상
2019062200100159,2019년 6월 22일 07시,토요일,광주광역시 북구 신용동,경상사고,0,0,1,0,차대차 - 측면충돌,안전운전불이행,건조,맑음,교차로 - 교차로안,승용,남,48세,상해없음,승용,남,38세,경상
2019062200100195,2019년 6월 22일 09시,토요일,광주광역시 동구 대인동,경상사고,0,0,1,0,차대사람 - 차도통행중,보행자보호의무위반,건조,맑음,교차로 - 교차로부근,승용,여,44세,상해없음,보행자,여,28세,경상
2019062200100196,2019년 6월 22일 09시,토요일,광주광역시 서구 쌍촌동,경상사고,0,0,1,0,차대차 - 기타,직진우회전진행방해,건조,맑음,교차로 - 교차로안,승용,남,55세,상해없음,승용,여,54세,경상
2019062200100228,2019년 6월 22일 10시,토요일,광주광역시 동구 계림동,경상사고,0,0,1,0,차대차 - 측면충돌,안전운전불이행,건조,맑음,단일로 - 기타,승용,여,59세,상해없음,승합,남,51세,상해없음
2019062200100275,2019년 6월 22일 11시,토요일,광주광역시 서구 치평동,경상사고,0,0,5,0,차대차 - 기타,안전운전불이행,건조,맑음,교차로 - 교차로안,승용,여,44세,경상,승용,여,30세,경상
2019062200100276,2019년 6월 22일 11시,토요일,광주광역시 북구 문흥동,경상사고,0,0,2,0,차대사람 - 기타,안전운전불이행,건조,맑음,주차장 - 주차장,승용,남,62세,상해없음,보행자,남,34세,경상
2019062200100403,2019년 6월 22일 14시,토요일,광주광역시 광산구 수완동,중상사고,0,1,0,0,차대사람 - 기타,안전운전불이행,건조,맑음,단일로 - 기타,승용,남,42세,상해없음,보행자,남,65세,중상
2019062200100452,2019년 6월 22일 15시,토요일,광주광역시 서구 광천동,경상사고,0,0,1,0,차대사람 - 횡단중,보행자보호의무위반,건조,맑음,교차로 - 교차로부근,승용,남,61세,상해없음,보행자,여,22세,경상
2019062200100493,2019년 6월 22일 16시,토요일,광주광역시 서구 쌍촌동,중상사고,0,1,0,0,차대차 - 기타,직진우회전진행방해,젖음/습기,비,교차로 - 교차로안,승용,남,57세,상해없음,원동기,남,35세,중상
2019062200100494,2019년 6월 22일 16시,토요일,광주광역시 서구 쌍촌동,경상사고,0,0,1,0,차대사람 - 기타,안전운전불이행,건조,맑음,단일로 - 기타,자전거,남,41세,상해없음,보행자,여,29세,경상
2019062200100495,2019년 6월 22일 16시,토요일,광주광역시 광산구 월전동,경상사고,0,0,2,0,차대차 - 측면충돌,신호위반,건조,맑음,교차로 - 교차로안,승용,남,62세,경상,승용,남,37세,경상
2019062200100594,2019년 6월 22일 19시,토요일,광주광역시 북구 용봉동,중상사고,0,1,1,0,차대차 - 측면충돌,중앙선침범,건조,맑음,단일로 - 기타,이륜,남,45세,중상,이륜,남,25세,경상
2019062200100595,2019년 6월 22일 19시,토요일,광주광역시 광산구 장덕동,경상사고,0,0,1,0,차대차 - 기타,불법유턴,건조,흐림,교차로 - 교차로부근,승용,남,21세,상해없음,이륜,남,30세,경상
2019062200100638,2019년 6월 22일 20시,토요일,광주광역시 서구 쌍촌동,경상사고,0,0,1,0,차대사람 - 기타,안전운전불이행,건조,맑음,교차로 - 교차로안,승용,남,49세,상해없음,보행자,남,40세,경상
2019062200100639,2019년 6월 22일 20시,토요일,광주광역시 북구 운암동,경상사고,0,0,1,0,차대차 - 측면충돌,안전운전불이행,건조,맑음,단일로 - 기타,승용,남,39세,상해없음,원동기,남,31세,경상
2019062200100681,2019년 6월 22일 21시,토요일,광주광역시 북구 매곡동,경상사고,0,0,2,0,차대차 - 측면충돌,안전운전불이행,건조,맑음,교차로 - 교차로안,승용,남,22세,상해없음,승용,남,52세,경상
2019062200100682,2019년 6월 22일 21시,토요일,광주광역시 북구 양산동,중상사고,0,1,0,0,차대사람 - 기타,안전운전불이행,건조,맑음,교차로 - 교차로부근,승용,남,22세,상해없음,보행자,남,4세,중상
2019062200100727,2019년 6월 22일 23시,토요일,광주광역시 북구 각화동,경상사고,0,0,3,0,차대차 - 측면충돌,안전거리미확보,건조,맑음,교차로 - 교차로안,승용,여,46세,상해없음,승용,남,50세,상해없음
2019062300100041,2019년 6월 23일 00시,일요일,광주광역시 남구 방림동,경상사고,0,0,1,0,차대사람 - 기타,안전운전불이행,건조,맑음,교차로 - 교차로안,승용,남,29세,상해없음,보행자,여,17세,경상
2019062300100042,2019년 6월 23일 00시,일요일,광주광역시 북구 운암동,중상사고,0,1,2,0,차대차 - 측면충돌,신호위반,건조,맑음,교차로 - 교차로안,승용,남,63세,상해없음,이륜,남,18세,중상
2019062300100095,2019년 6월 23일 04시,일요일,광주광역시 서구 풍암동,중상사고,0,1,0,0,차대차 - 기타,신호위반,젖음/습기,비,교차로 - 교차로안,이륜,남,52세,중상,승용,남,52세,상해없음
2019062300100096,2019년 6월 23일 04시,일요일,광주광역시 서구 치평동,경상사고,0,0,4,0,차대차 - 기타,불법유턴,건조,맑음,단일로 - 기타,승용,남,51세,상해없음,승용,남,52세,경상
2019062300100111,2019년 6월 23일 06시,일요일,광주광역시 서구 화정동,경상사고,0,0,1,0,차대차 - 측면충돌,신호위반,건조,맑음,교차로 - 교차로안,승용,여,48세,상해없음,승용,남,60세,경상
2019062300100112,2019년 6월 23일 06시,일요일,광주광역시 광산구 수완동,중상사고,0,1,0,0,차량단독 - 기타,안전운전불이행,건조,맑음,교차로 - 교차로안,이륜,남,32세,중상,,,,
2019062300100125,2019년 6월 23일 07시,일요일,광주광역시 북구 오치동,경상사고,0,0,1,0,차대차 - 측면충돌,안전운전불이행,건조,맑음,단일로 - 기타,승용,여,25세,상해없음,승용,남,51세,경상
2019062300100185,2019년 6월 23일 10시,일요일,광주광역시 서구 치평동,경상사고,0,0,1,0,차량단독 - 기타,안전운전불이행,건조,맑음,단일로 - 기타,승합,남,53세,상해없음,,,,
2019062300100186,2019년 6월 23일 10시,일요일,광주광역시 서구 유촌동,경상사고,0,0,1,0,차대차 - 측면충돌,차로위반,건조,맑음,단일로 - 기타,승용,남,50세,기타불명,승용,남,23세,경상
2019062300100187,2019년 6월 23일 10시,일요일,광주광역시 광산구 신가동,경상사고,0,0,1,0,차대차 - 후진중충돌,안전운전불이행,건조,맑음,교차로 - 교차로안,승용,여,56세,상해없음,특수,남,27세,경상
2019062300100212,2019년 6월 23일 11시,일요일,광주광역시 광산구 수완동,경상사고,0,0,2,0,차대차 - 측면충돌,신호위반,건조,맑음,교차로 - 교차로안,이륜,남,29세,경상,승용,남,45세,경상
2019062300100355,2019년 6월 23일 15시,일요일,광주광역시 남구 주월동,경상사고,0,0,2,0,차대차 - 측면충돌,교차로운행방법위반,건조,맑음,교차로 - 교차로안,승합,남,62세,상해없음,승용,여,28세,경상
2019062300100356,2019년 6월 23일 15시,일요일,광주광역시 북구 운암동,경상사고,0,0,3,0,차대차 - 추돌,안전운전불이행,건조,맑음,교차로 - 교차로부근,승용,남,65세,상해없음,승용,남,71세,경상
2019062300100400,2019년 6월 23일 16시,일요일,광주광역시 남구 노대동,경상사고,0,0,1,0,차량단독 - 공작물충돌,안전운전불이행,건조,맑음,단일로 - 기타,승용,남,51세,경상,,,,
2019062300100507,2019년 6월 23일 19시,일요일,광주광역시 서구 양동,경상사고,0,0,5,0,차대차 - 측면충돌,교차로운행방법위반,건조,맑음,교차로 - 교차로안,승용,남,32세,상해없음,승용,남,18세,경상
2019062300100534,2019년 6월 23일 20시,일요일,광주광역시 남구 월산동,경상사고,0,0,1,0,차대차 - 측면충돌,안전운전불이행,건조,맑음,단일로 - 기타,승용,남,45세,상해없음,자전거,남,18세,경상
2019062300100595,2019년 6월 23일 23시,일요일,광주광역시 서구 치평동,경상사고,0,0,1,0,차대차 - 측면충돌,차로위반,건조,맑음,교차로 - 교차로부근,승용,남,62세,상해없음,승용,여,64세,경상
2019062300100596,2019년 6월 23일 23시,일요일,광주광역시 북구 임동,경상사고,0,0,2,0,차대차 - 측면충돌,신호위반,건조,맑음,교차로 - 교차로안,승용,남,43세,경상,승용,남,25세,경상
2019062400100040,2019년 6월 24일 02시,월요일,광주광역시 북구 각화동,경상사고,0,0,1,0,차대차 - 측면충돌,차로위반,건조,맑음,단일로 - 기타,승용,남,26세,상해없음,승용,남,40세,경상
2019062400100078,2019년 6월 24일 06시,월요일,광주광역시 광산구 운남동,중상사고,0,1,0,0,차대차 - 기타,안전운전불이행,건조,맑음,교차로 - 교차로안,승용,여,39세,상해없음,자전거,남,76세,중상
2019062400100162,2019년 6월 24일 08시,월요일,광주광역시 북구 두암동,경상사고,0,0,1,0,차대차 - 추돌,안전운전불이행,건조,맑음,단일로 - 기타,승용,남,61세,상해없음,승용,여,37세,경상
2019062400100163,2019년 6월 24일 08시,월요일,광주광역시 광산구 우산동,사망사고,1,0,0,0,차대사람 - 횡단중,안전운전불이행,건조,맑음,교차로 - 교차로부근,승용,남,46세,상해없음,보행자,여,49세,사망
2019062400100202,2019년 6월 24일 09시,월요일,광주광역시 북구 우산동,경상사고,0,0,1,0,차대차 - 측면충돌,안전운전불이행,건조,맑음,단일로 - 기타,승용,남,75세,상해없음,승용,여,50세,경상
2019062400100238,2019년 6월 24일 10시,월요일,광주광역시 서구 화정동,경상사고,0,0,1,0,차대차 - 측면충돌,안전운전불이행,건조,맑음,교차로 - 교차로부근,승용,남,18세,상해없음,승용,남,57세,경상
2019062400100239,2019년 6월 24일 10시,월요일,광주광역시 남구 월산동,경상사고,0,0,1,0,차대차 - 측면충돌,교차로운행방법위반,건조,맑음,교차로 - 교차로안,기타불명,기타불명,미분류,기타불명,승용,여,32세,경상
2019062400100279,2019년 6월 24일 11시,월요일,광주광역시 광산구 운수동,경상사고,0,0,1,0,차대차 - 측면충돌,안전거리미확보,건조,맑음,단일로 - 기타,화물,남,34세,상해없음,승용,여,37세,경상
2019062400100280,2019년 6월 24일 11시,월요일,광주광역시 광산구 선동,경상사고,0,0,3,1,차대차 - 측면충돌,교차로운행방법위반,건조,맑음,교차로 - 교차로안,승용,남,58세,부상신고,승용,남,33세,경상
2019062400100314,2019년 6월 24일 12시,월요일,광주광역시 서구 마륵동,경상사고,0,0,4,0,차대차 - 기타,차로위반,건조,맑음,단일로 - 기타,승용,여,58세,경상,승용,남,29세,경상
2019062400100341,2019년 6월 24일 13시,월요일,광주광역시 서구 매월동,경상사고,0,0,3,0,차대차 - 측면충돌,직진우회전진행방해,건조,맑음,교차로 - 교차로안,승용,남,49세,경상,화물,남,54세,경상
2019062400100379,2019년 6월 24일 14시,월요일,광주광역시 북구 풍향동,중상사고,0,1,0,0,차대사람 - 횡단중,보행자보호의무위반,건조,맑음,교차로 - 교차로횡단보도내,승용,여,60세,상해없음,보행자,여,74세,중상
2019062400100425,2019년 6월 24일 15시,월요일,광주광역시 서구 금호동,경상사고,0,0,1,0,차대사람 - 횡단중,보행자보호의무위반,건조,맑음,교차로 - 교차로횡단보도내,기타불명,기타불명,미분류,기타불명,보행자,여,13세,경상
2019062400100462,2019년 6월 24일 16시,월요일,광주광역시 동구 학동,경상사고,0,0,2,0,차대차 - 기타,신호위반,건조,맑음,교차로 - 교차로안,승용,남,22세,경상,승용,여,38세,경상
2019062400100463,2019년 6월 24일 16시,월요일,광주광역시 남구 주월동,경상사고,0,0,1,0,차대차 - 측면충돌,안전거리미확보,건조,맑음,단일로 - 기타,승합,남,60세,상해없음,승용,여,40세,경상
2019062400100464,2019년 6월 24일 16시,월요일,광주광역시 북구 신용동,경상사고,0,0,1,0,차대사람 - 기타,기타,건조,맑음,기타 - 기타,자전거,남,13세,상해없음,보행자,여,59세,경상
2019062400100521,2019년 6월 24일 17시,월요일,광주광역시 서구 마륵동,경상사고,0,0,1,0,차대차 - 측면충돌,안전거리미확보,건조,맑음,단일로 - 기타,승용,남,48세,상해없음,승용,여,54세,경상
2019062400100522,2019년 6월 24일 17시,월요일,광주광역시 광산구 신가동,경상사고,0,0,1,0,차대차 - 추돌,안전운전불이행,건조,맑음,교차로 - 교차로안,화물,남,50세,상해없음,승용,남,23세,상해없음
2019062400100585,2019년 6월 24일 18시,월요일,광주광역시 서구 유촌동,경상사고,0,0,1,0,차대차 - 추돌,안전운전불이행,건조,맑음,단일로 - 기타,승용,남,25세,상해없음,승용,남,56세,경상
2019062400100586,2019년 6월 24일 18시,월요일,광주광역시 서구 치평동,경상사고,0,0,1,0,차대차 - 측면충돌,안전운전불이행,건조,맑음,단일로 - 기타,승용,남,44세,상해없음,승용,남,55세,경상
2019062400100587,2019년 6월 24일 18시,월요일,광주광역시 북구 운암동,경상사고,0,0,4,0,차대차 - 기타,안전운전불이행,건조,맑음,단일로 - 기타,승용,남,35세,경상,승용,남,22세,경상
2019062400100619,2019년 6월 24일 19시,월요일,광주광역시 남구 봉선동,경상사고,0,0,1,0,차대사람 - 횡단중,보행자보호의무위반,건조,맑음,단일로 - 기타,개인형이동수단(PM),남,28세,상해없음,보행자,남,6세,경상
2019062400100647,2019년 6월 24일 20시,월요일,광주광역시 광산구 신가동,경상사고,0,0,2,0,차대차 - 측면충돌,교차로운행방법위반,건조,맑음,교차로 - 교차로안,승용,여,21세,상해없음,승용,여,43세,경상
2019062400100679,2019년 6월 24일 21시,월요일,광주광역시 동구 계림동,중상사고,0,1,1,0,차대차 - 측면충돌,교차로운행방법위반,건조,맑음,교차로 - 교차로안,승용,남,31세,상해없음,화물,여,56세,경상
2019062400100680,2019년 6월 24일 21시,월요일,광주광역시 남구 월산동,경상사고,0,0,1,0,차대차 - 기타,중앙선침범,건조,맑음,단일로 - 기타,화물,남,67세,기타불명,승용,남,39세,경상
2019062500100069,2019년 6월 25일 05시,화요일,광주광역시 북구 신용동,중상사고,0,1,0,0,차대사람 - 기타,안전운전불이행,건조,맑음,단일로 - 기타,승용,남,67세,상해없음,보행자,남,40세,중상
2019062500100110,2019년 6월 25일 07시,화요일,광주광역시 광산구 송촌동,경상사고,0,0,1,0,차대차 - 측면충돌,안전거리미확보,건조,맑음,단일로 - 교량,화물,남,58세,상해없음,승용,여,58세,경상
2019062500100160,2019년 6월 25일 08시,화요일,광주광역시 남구 주월동,경상사고,0,0,3,0,차대차 - 측면충돌,교차로운행방법위반,건조,맑음,교차로 - 교차로안,승용,남,67세,상해없음,승용,여,44세,경상
2019062500100198,2019년 6월 25일 09시,화요일,광주광역시 서구 벽진동,경상사고,0,0,2,0,차대차 - 측면충돌,안전운전불이행,건조,맑음,교차로 - 교차로안,건설기계,남,36세,상해없음,승합,여,59세,경상
2019062500100230,2019년 6월 25일 10시,화요일,광주광역시 남구 백운동,사망사고,1,0,0,0,차대사람 - 횡단중,안전운전불이행,건조,맑음,교차로 - 교차로안,화물,남,55세,상해없음,보행자,남,85세,사망
2019062500100323,2019년 6월 25일 13시,화요일,광주광역시 광산구 월계동,중상사고,0,1,0,0,차량단독 - 주/정차차량 충돌,안전운전불이행,건조,맑음,단일로 - 기타,화물,남,44세,중상,,,,
2019062500100324,2019년 6월 25일 13시,화요일,광주광역시 광산구 우산동,경상사고,0,0,1,0,차대사람 - 횡단중,안전운전불이행,건조,맑음,교차로 - 교차로안,승용,여,57세,상해없음,보행자,남,45세,경상
2019062500100412,2019년 6월 25일 15시,화요일,광주광역시 남구 주월동,경상사고,0,0,1,0,차대차 - 기타,안전운전불이행,건조,맑음,교차로 - 교차로안,승용,남,66세,상해없음,승용,남,29세,경상
2019062500100413,2019년 6월 25일 15시,화요일,광주광역시 북구 본촌동,경상사고,0,0,1,0,차대사람 - 기타,안전운전불이행,건조,맑음,단일로 - 기타,승용,여,41세,상해없음,보행자,남,6세,경상
2019062500100467,2019년 6월 25일 16시,화요일,광주광역시 서구 농성동,경상사고,0,0,3,0,차대차 - 정면충돌,차로위반,건조,맑음,교차로 - 교차로부근,승용,남,68세,상해없음,승용,남,21세,경상
2019062500100468,2019년 6월 25일 16시,화요일,광주광역시 광산구 수완동,경상사고,0,0,1,0,차대차 - 기타,안전운전불이행,건조,맑음,교차로 - 교차로부근,화물,남,26세,상해없음,화물,남,34세,경상
2019062500100591,2019년 6월 25일 18시,화요일,광주광역시 동구 금남로4가,경상사고,0,0,1,0,차대차 - 측면충돌,신호위반,건조,맑음,교차로 - 교차로안,승용,여,25세,상해없음,승용,여,40세,경상
2019062500100627,2019년 6월 25일 19시,화요일,광주광역시 북구 운암동,경상사고,0,0,1,0,차대차 - 측면충돌,안전거리미확보,건조,맑음,단일로 - 고가도로위,이륜,남,17세,경상,승용,남,50세,상해없음
2019062500100694,2019년 6월 25일 21시,화요일,광주광역시 서구 풍암동,경상사고,0,0,1,0,차대차 - 측면충돌,안전운전불이행,건조,맑음,교차로 - 교차로안,원동기,남,31세,경상,승용,남,51세,상해없음
2019062500100715,2019년 6월 25일 22시,화요일,광주광역시 북구 신안동,경상사고,0,0,2,0,차대차 - 추돌,안전거리미확보,건조,맑음,교차로 - 교차로안,승용,남,56세,상해없음,승용,여,41세,경상
2019062600100043,2019년 6월 26일 01시,수요일,광주광역시 서구 쌍촌동,경상사고,0,0,1,0,차대차 - 측면충돌,교차로운행방법위반,건조,맑음,교차로 - 교차로안,이륜,남,25세,경상,승용,남,42세,상해없음
2019062600100044,2019년 6월 26일 01시,수요일,광주광역시 북구 오치동,경상사고,0,0,1,0,차대사람 - 기타,안전운전불이행,건조,맑음,교차로 - 교차로횡단보도내,사륜오토바이(ATV),기타불명,미분류,기타불명,보행자,남,47세,경상
2019062600100057,2019년 6월 26일 04시,수요일,광주광역시 북구 신안동,중상사고,0,1,1,0,차대차 - 정면충돌,신호위반,건조,맑음,교차로 - 교차로안,승용,남,30세,중상,승용,남,56세,경상
2019062600100072,2019년 6월 26일 06시,수요일,광주광역시 북구 오룡동,경상사고,0,0,1,0,차대차 - 측면충돌,신호위반,건조,맑음,교차로 - 교차로안,승용,남,65세,상해없음,승용,남,56세,경상
2019062600100092,2019년 6월 26일 07시,수요일,광주광역시 남구 봉선동,경상사고,0,0,1,0,차대사람 - 횡단중,안전운전불이행,젖음/습기,비,기타 - 기타,승용,남,63세,상해없음,보행자,남,15세,경상
2019062600100135,2019년 6월 26일 08시,수요일,광주광역시 동구 동명동,경상사고,0,0,2,0,차대차 - 측면충돌,안전운전불이행,젖음/습기,비,교차로 - 교차로부근,승용,남,57세,상해없음,승용,남,30세,경상
2019062600100136,2019년 6월 26일 08시,수요일,광주광역시 서구 금호동,경상사고,0,0,2,0,차대차 - 기타,안전거리미확보,젖음/습기,비,단일로 - 기타,승용,여,51세,상해없음,승용,여,65세,경상
2019062600100137,2019년 6월 26일 08시,수요일,광주광역시 북구 용봉동,경상사고,0,0,1,0,차대차 - 추돌,안전운전불이행,건조,맑음,단일로 - 기타,승용,남,67세,상해없음,승용,남,22세,상해없음
2019062600100177,2019년 6월 26일 09시,수요일,광주광역시 북구 우산동,경상사고,0,0,1,0,차대차 - 측면충돌,직진우회전진행방해,젖음/습기,비,교차로 - 교차로안,원동기,여,58세,경상,승용,여,36세,상해없음
2019062600100178,2019년 6월 26일 09시,수요일,광주광역시 북구 동림동,경상사고,0,0,3,0,차대차 - 추돌,안전운전불이행,젖음/습기,비,단일로 - 기타,화물,남,31세,기타불명,승용,남,60세,경상
2019062600100209,2019년 6월 26일 10시,수요일,광주광역시 서구 쌍촌동,경상사고,0,0,3,0,차대차 - 기타,차로위반,건조,맑음,단일로 - 기타,승합,남,27세,상해없음,승용,여,60세,경상
2019062600100251,2019년 6월 26일 11시,수요일,광주광역시 북구 유동,경상사고,0,0,1,0,차대차 - 측면충돌,직진우회전진행방해,젖음/습기,비,교차로 - 교차로안,승용,남,58세,상해없음,원동기,남,48세,경상
2019062600100252,2019년 6월 26일 11시,수요일,광주광역시 광산구 흑석동,경상사고,0,0,1,0,차대차 - 측면충돌,신호위반,젖음/습기,비,교차로 - 교차로안,승용,남,59세,상해없음,승용,여,51세,경상
2019062600100295,2019년 6월 26일 12시,수요일,광주광역시 남구 월산동,경상사고,0,0,1,0,차대차 - 추돌,안전거리미확보,젖음/습기,비,교차로 - 교차로안,승용,남,33세,상해없음,승용,여,34세,경상
2019062600100318,2019년 6월 26일 13시,수요일,광주광역시 북구 운암동,경상사고,0,0,4,0,차대차 - 기타,기타,젖음/습기,비,교차로 - 교차로안,승용,남,58세,경상,승용,여,42세,경상
2019062600100357,2019년 6월 26일 14시,수요일,광주광역시 남구 송하동,경상사고,0,0,1,0,차대차 - 추돌,안전운전불이행,건조,맑음,단일로 - 기타,승용,남,72세,상해없음,승용,여,41세,경상
2019062600100358,2019년 6월 26일 14시,수요일,광주광역시 북구 일곡동,경상사고,0,0,4,0,차대차 - 측면충돌,안전운전불이행,젖음/습기,비,교차로 - 교차로부근,승용,남,60세,상해없음,승용,남,22세,경상
2019062600100398,2019년 6월 26일 15시,수요일,광주광역시 서구 금호동,중상사고,0,1,0,0,차대사람 - 횡단중,신호위반,건조,맑음,교차로 - 교차로안,승용,남,73세,상해없음,보행자,여,64세,중상
2019062600100399,2019년 6월 26일 15시,수요일,광주광역시 서구 치평동,경상사고,0,0,1,0,차대차 - 기타,교차로운행방법위반,건조,맑음,교차로 - 교차로안,승용,여,28세,상해없음,승용,남,48세,경상
2019062600100400,2019년 6월 26일 15시,수요일,광주광역시 북구 용봉동,경상사고,0,0,1,0,차대차 - 추돌,안전운전불이행,건조,맑음,교차로 - 교차로부근,승용,남,70세,상해없음,승용,여,28세,경상
2019062600100401,2019년 6월 26일 15시,수요일,광주광역시 광산구 장덕동,중상사고,0,1,1,0,차대차 - 측면충돌,교차로운행방법위반,젖음/습기,흐림,교차로 - 교차로부근,화물,남,52세,경상,이륜,남,46세,중상
2019062600100452,2019년 6월 26일 16시,수요일,광주광역시 서구 쌍촌동,경상사고,0,0,1,0,차대사람 - 횡단중,안전운전불이행,건조,맑음,단일로 - 기타,승용,남,50세,상해없음,보행자,남,46세,경상
2019062600100453,2019년 6월 26일 16시,수요일,광주광역시 북구 양산동,경상사고,0,0,2,0,차대차 - 정면충돌,교차로운행방법위반,젖음/습기,흐림,교차로 - 교차로안,승용,남,51세,경상,승용,여,49세,경상
2019062600100454,2019년 6월 26일 16시,수요일,광주광역시 광산구 수완동,경상사고,0,0,3,0,차대차 - 기타,안전운전불이행,건조,맑음,교차로 - 교차로부근,승용,남,76세,상해없음,승용,남,54세,경상
2019062600100554,2019년 6월 26일 18시,수요일,광주광역시 북구 용봉동,경상사고,0,0,1,0,차대차 - 기타,안전운전불이행,젖음/습기,비,교차로 - 교차로안,승용,남,54세,상해없음,이륜,남,20세,경상
2019062600100601,2019년 6월 26일 19시,수요일,광주광역시 북구 중흥동,경상사고,0,0,1,0,차대사람 - 횡단중,신호위반,젖음/습기,비,단일로 - 기타,승용,남,61세,상해없음,보행자,남,39세,경상
2019062600100602,2019년 6월 26일 19시,수요일,광주광역시 광산구 오선동,경상사고,0,0,1,0,차대차 - 추돌,안전거리미확보,젖음/습기,비,단일로 - 기타,승용,남,34세,상해없음,승용,여,28세,상해없음
2019062600100603,2019년 6월 26일 19시,수요일,광주광역시 광산구 소촌동,부상신고사고,0,0,0,1,차대차 - 측면충돌,안전운전불이행,건조,맑음,교차로 - 교차로안,화물,남,27세,상해없음,승용,남,38세,부상신고
2019062600100632,2019년 6월 26일 20시,수요일,광주광역시 남구 진월동,경상사고,0,0,1,0,차대사람 - 기타,신호위반,건조,맑음,교차로 - 교차로안,이륜,남,20세,상해없음,보행자,남,13세,경상
2019062600100633,2019년 6월 26일 20시,수요일,광주광역시 북구 임동,경상사고,0,0,3,0,차대차 - 기타,안전거리미확보,젖음/습기,비,교차로 - 교차로부근,승용,여,30세,상해없음,승용,남,20세,경상
2019062600100634,2019년 6월 26일 20시,수요일,광주광역시 북구 우산동,경상사고,0,0,1,0,차대차 - 추돌,안전운전불이행,젖음/습기,흐림,단일로 - 기타,승용,남,60세,상해없음,승용,여,60세,경상
2019062600100663,2019년 6월 26일 21시,수요일,광주광역시 서구 치평동,경상사고,0,0,1,0,차대사람 - 기타,안전운전불이행,젖음/습기,비,단일로 - 기타,이륜,남,18세,경상,보행자,남,57세,상해없음
2019062700100080,2019년 6월 27일 06시,목요일,광주광역시 광산구 장록동,경상사고,0,0,1,0,차대차 - 기타,중앙선침범,건조,맑음,단일로 - 기타,승용,여,27세,상해없음,승합,남,63세,경상
2019062700100114,2019년 6월 27일 07시,목요일,광주광역시 광산구 송정동,경상사고,0,0,1,0,차대차 - 측면충돌,안전운전불이행,젖음/습기,비,교차로 - 교차로안,화물,남,32세,상해없음,승용,여,22세,경상
2019062700100200,2019년 6월 27일 09시,목요일,광주광역시 서구 벽진동,경상사고,0,0,1,0,차대차 - 측면충돌,신호위반,건조,맑음,교차로 - 교차로안,승용,남,50세,상해없음,승용,여,57세,경상
2019062700100201,2019년 6월 27일 09시,목요일,광주광역시 광산구 신가동,중상사고,0,1,0,0,차대차 - 측면충돌,신호위반,건조,흐림,교차로 - 교차로안,승용,여,35세,상해없음,승용,남,50세,중상
2019062700100202,2019년 6월 27일 09시,목요일,광주광역시 광산구 송정동,경상사고,0,0,3,0,차대차 - 추돌,안전운전불이행,건조,맑음,단일로 - 지하차도(도로)내,화물,남,31세,상해없음,승용,여,40세,경상
2019062700100255,2019년 6월 27일 11시,목요일,광주광역시 광산구 송정동,경상사고,0,0,1,0,차대차 - 측면충돌,안전운전불이행,건조,맑음,교차로 - 교차로부근,승용,남,71세,상해없음,화물,남,50세,경상
2019062700100293,2019년 6월 27일 12시,목요일,광주광역시 서구 치평동,경상사고,0,0,1,0,차대차 - 추돌,안전거리미확보,건조,맑음,단일로 - 기타,승용,여,44세,상해없음,승용,남,45세,경상
2019062700100327,2019년 6월 27일 13시,목요일,광주광역시 남구 방림동,중상사고,0,1,0,0,차대사람 - 횡단중,안전운전불이행,건조,맑음,교차로 - 교차로안,승용,여,47세,상해없음,보행자,여,69세,중상
2019062700100328,2019년 6월 27일 13시,목요일,광주광역시 광산구 도천동,경상사고,0,0,2,0,차대차 - 추돌,안전거리미확보,건조,맑음,교차로 - 교차로부근,건설기계,남,51세,상해없음,화물,남,39세,경상
2019062700100398,2019년 6월 27일 15시,목요일,광주광역시 서구 화정동,경상사고,0,0,1,0,차대차 - 측면충돌,안전운전불이행,건조,맑음,단일로 - 기타,승용,남,34세,상해없음,승용,여,55세,경상
2019062700100399,2019년 6월 27일 15시,목요일,광주광역시 북구 오치동,경상사고,0,0,1,0,차대사람 - 차도통행중,안전운전불이행,건조,맑음,교차로 - 교차로부근,승합,남,52세,상해없음,보행자,남,65세,경상