사고번호,사고일시,요일,시군구,사고내용,사망자수,중상자수,경상자수,부상신고자수,사고유형,법규위반,노면상태,기상상태,도로형태,가해운전자 차종,가해운전자 성별,가해운전자 연령,가해운전자 상해정도,피해운전자 차종,피해운전자 성별,피해운전자 연령,피해운전자 상해정도
2019070300100608,2019년 7월 3일 22시,수요일,광주광역시 북구 장등동,경상사고,0,0,2,0,차대차 - 측면충돌,안전거리미확보,건조,맑음,단일로 - 기타,화물,남,75세,상해없음,승용,남,22세,경상
2019070400100058,2019년 7월 4일 04시,목요일,광주광역시 광산구 월계동,경상사고,0,0,1,0,차대사람 - 횡단중,안전운전불이행,건조,맑음,단일로 - 기타,승용,남,56세,상해없음,보행자,여,38세,경상
2019070400100081,2019년 7월 4일 06시,목요일,광주광역시 광산구 신가동,경상사고,0,0,5,0,차대차 - 추돌,안전운전불이행,건조,맑음,단일로 - 기타,승용,여,55세,경상,승용,여,43세,경상
2019070400100104,2019년 7월 4일 07시,목요일,광주광역시 서구 농성동,경상사고,0,0,2,0,차대차 - 측면충돌,안전운전불이행,건조,맑음,교차로 - 교차로안,승용,여,56세,상해없음,승용,남,30세,경상
2019070400100105,2019년 7월 4일 07시,목요일,광주광역시 남구 방림동,경상사고,0,0,5,0,차대차 - 측면충돌,교차로운행방법위반,건조,맑음,교차로 - 교차로안,승합,여,52세,경상,승합,남,45세,경상
2019070400100156,2019년 7월 4일 08시,목요일,광주광역시 서구 농성동,경상사고,0,0,2,0,차대차 - 측면충돌,신호위반,건조,맑음,교차로 - 교차로안,승용,여,25세,상해없음,승용,남,26세,상해없음
2019070400100157,2019년 7월 4일 08시,목요일,광주광역시 북구 임동,경상사고,0,0,1,0,차대차 - 기타,안전거리미확보,건조,맑음,단일로 - 기타,승용,남,72세,상해없음,승용,여,42세,경상
2019070400100158,2019년 7월 4일 08시,목요일,광주광역시 북구 연제동,경상사고,0,0,3,0,차대차 - 측면충돌,교차로운행방법위반,건조,맑음,교차로 - 교차로부근,승용,남,66세,상해없음,승용,남,31세,경상
2019070400100159,2019년 7월 4일 08시,목요일,광주광역시 북구 문흥동,부상신고사고,0,0,0,1,차대차 - 측면충돌,안전운전불이행,건조,맑음,교차로 - 교차로안,승용,남,65세,상해없음,승용,여,56세,부상신고
2019070400100208,2019년 7월 4일 09시,목요일,광주광역시 광산구 우산동,경상사고,0,0,1,0,차대차 - 측면충돌,안전거리미확보,건조,맑음,교차로 - 교차로부근,승용,남,67세,상해없음,화물,남,55세,경상
2019070400100209,2019년 7월 4일 09시,목요일,광주광역시 광산구 월계동,경상사고,0,0,2,2,차대차 - 기타,기타,건조,맑음,기타 - 기타,승용,남,51세,상해없음,승용,남,26세,경상
2019070400100240,2019년 7월 4일 10시,목요일,광주광역시 동구 산수동,경상사고,0,0,1,0,차대차 - 측면충돌,안전운전불이행,건조,맑음,단일로 - 기타,승용,남,55세,기타불명,승용,여,62세,경상
2019070400100241,2019년 7월 4일 10시,목요일,광주광역시 서구 화정동,경상사고,0,0,1,0,차대차 - 측면충돌,교차로운행방법위반,건조,맑음,교차로 - 교차로안,승용,남,62세,상해없음,승용,여,35세,경상
2019070400100242,2019년 7월 4일 10시,목요일,광주광역시 광산구 월계동,경상사고,0,0,1,0,차대차 - 측면충돌,차로위반,건조,맑음,교차로 - 교차로안,승용,남,43세,경상,승용,남,60세,상해없음
2019070400100269,2019년 7월 4일 11시,목요일,광주광역시 동구 호남동,중상사고,0,1,0,0,차대차 - 기타,안전운전불이행,건조,맑음,교차로 - 교차로안,자전거,남,63세,중상,승용,남,26세,상해없음
2019070400100406,2019년 7월 4일 15시,목요일,광주광역시 서구 쌍촌동,중상사고,0,1,0,0,차대차 - 측면충돌,안전운전불이행,건조,맑음,단일로 - 기타,승용,여,37세,상해없음,이륜,남,23세,중상
2019070400100448,2019년 7월 4일 16시,목요일,광주광역시 서구 금호동,경상사고,0,0,2,0,차대차 - 추돌,안전운전불이행,건조,맑음,단일로 - 기타,승용,남,51세,상해없음,승용,여,43세,경상
2019070400100449,2019년 7월 4일 16시,목요일,광주광역시 광산구 월곡동,경상사고,0,0,1,0,차대차 - 후진중충돌,안전운전불이행,건조,맑음,주차장 - 주차장,승용,여,54세,상해없음,승용,여,37세,경상
2019070400100495,2019년 7월 4일 17시,목요일,광주광역시 서구 화정동,경상사고,0,0,1,0,차대사람 - 기타,보행자보호의무위반,건조,맑음,단일로 - 기타,승용,남,53세,상해없음,보행자,남,10세,경상
2019070400100496,2019년 7월 4일 17시,목요일,광주광역시 북구 운암동,경상사고,0,0,6,0,차대차 - 추돌,안전운전불이행,건조,맑음,단일로 - 기타,승용,남,24세,상해없음,승용,여,33세,경상
2019070400100497,2019년 7월 4일 17시,목요일,광주광역시 북구 신용동,부상신고사고,0,0,0,1,차대차 - 기타,안전운전불이행,건조,맑음,주차장 - 주차장,화물,남,64세,상해없음,승용,남,56세,부상신고
2019070400100595,2019년 7월 4일 20시,목요일,광주광역시 북구 오치동,부상신고사고,0,0,0,1,차대사람 - 기타,안전운전불이행,건조,맑음,단일로 - 기타,기타불명,기타불명,미분류,기타불명,보행자,남,24세,부상신고
2019070400100615,2019년 7월 4일 21시,목요일,광주광역시 북구 두암동,경상사고,0,0,1,0,차대차 - 기타,안전운전불이행,건조,맑음,단일로 - 기타,승용,남,36세,상해없음,개인형이동수단(PM),남,49세,경상
2019070400100659,2019년 7월 4일 23시,목요일,광주광역시 광산구 하남동,중상사고,0,1,0,0,차량단독 - 공작물충돌,안전운전불이행,건조,맑음,단일로 - 기타,이륜,남,37세,중상,,,,
2019070500100033,2019년 7월 5일 00시,금요일,광주광역시 북구 양산동,경상사고,0,0,1,0,차대차 - 측면충돌,중앙선침범,건조,맑음,단일로 - 기타,승용,남,46세,상해없음,이륜,남,18세,경상
2019070500100086,2019년 7월 5일 06시,금요일,광주광역시 광산구 우산동,경상사고,0,0,1,0,차대차 - 정면충돌,교차로운행방법위반,건조,맑음,교차로 - 교차로부근,화물,남,64세,상해없음,승용,남,63세,경상
2019070500100116,2019년 7월 5일 07시,금요일,광주광역시 서구 치평동,중상사고,0,1,0,0,차대사람 - 횡단중,안전운전불이행,건조,맑음,교차로 - 교차로부근,승용,남,69세,상해없음,보행자,여,27세,중상
2019070500100171,2019년 7월 5일 08시,금요일,광주광역시 서구 농성동,경상사고,0,0,3,0,차대차 - 기타,안전거리미확보,건조,맑음,단일로 - 기타,승합,남,78세,상해없음,승합,남,44세,상해없음
2019070500100172,2019년 7월 5일 08시,금요일,광주광역시 남구 진월동,경상사고,0,0,1,0,차대차 - 측면충돌,안전거리미확보,건조,맑음,단일로 - 기타,승용,여,26세,상해없음,승용,남,64세,경상
2019070500100203,2019년 7월 5일 09시,금요일,광주광역시 북구 유동,중상사고,0,1,0,0,차대사람 - 기타,안전운전불이행,건조,맑음,단일로 - 기타,승합,남,58세,상해없음,보행자,여,54세,중상
2019070500100255,2019년 7월 5일 11시,금요일,광주광역시 서구 치평동,중상사고,0,1,0,0,차대차 - 기타,신호위반,건조,맑음,교차로 - 교차로안,이륜,남,47세,중상,승용,남,46세,상해없음
2019070500100256,2019년 7월 5일 11시,금요일,광주광역시 서구 쌍촌동,경상사고,0,0,2,0,차대사람 - 기타,안전운전불이행,건조,맑음,교차로 - 교차로부근,화물,남,47세,상해없음,보행자,여,20세,경상
2019070500100294,2019년 7월 5일 12시,금요일,광주광역시 서구 치평동,중상사고,0,1,0,0,차대차 - 측면충돌,교차로운행방법위반,건조,맑음,단일로 - 기타,이륜,남,43세,중상,승용,남,45세,상해없음
2019070500100295,2019년 7월 5일 12시,금요일,광주광역시 서구 치평동,경상사고,0,0,1,0,차대차 - 측면충돌,중앙선침범,건조,맑음,단일로 - 기타,원동기,남,25세,기타불명,승용,여,54세,경상
2019070500100296,2019년 7월 5일 12시,금요일,광주광역시 광산구 우산동,경상사고,0,0,1,0,차대차 - 측면충돌,안전운전불이행,건조,맑음,기타 - 기타,승용,여,58세,상해없음,승용,남,41세,경상
2019070500100335,2019년 7월 5일 13시,금요일,광주광역시 남구 주월동,경상사고,0,0,2,0,차대차 - 측면충돌,교차로운행방법위반,건조,맑음,교차로 - 교차로안,승용,남,26세,경상,승용,여,38세,경상
2019070500100403,2019년 7월 5일 15시,금요일,광주광역시 서구 벽진동,경상사고,0,0,1,0,차대차 - 추돌,안전운전불이행,건조,맑음,단일로 - 기타,화물,남,47세,상해없음,승용,남,40세,경상
2019070500100453,2019년 7월 5일 16시,금요일,광주광역시 서구 금호동,경상사고,0,0,2,0,차대차 - 측면충돌,안전운전불이행,건조,맑음,교차로 - 교차로안,승용,남,32세,기타불명,승용,남,68세,경상
2019070500100454,2019년 7월 5일 16시,금요일,광주광역시 북구 운암동,경상사고,0,0,1,0,차대차 - 측면충돌,안전운전불이행,건조,맑음,교차로 - 교차로안,승용,남,33세,상해없음,승용,여,30세,경상
2019070500100558,2019년 7월 5일 18시,금요일,광주광역시 서구 광천동,부상신고사고,0,0,0,2,차대차 - 추돌,안전거리미확보,건조,맑음,단일로 - 기타,승용,여,42세,상해없음,승용,남,22세,부상신고
2019070500100559,2019년 7월 5일 18시,금요일,광주광역시 북구 매곡동,경상사고,0,0,1,0,차량단독 - 기타,안전운전불이행,건조,맑음,단일로 - 기타,승용,여,65세,상해없음,,,,
2019070500100560,2019년 7월 5일 18시,금요일,광주광역시 광산구 수완동,경상사고,0,0,4,0,차대차 - 측면충돌,안전운전불이행,건조,맑음,교차로 - 교차로부근,승용,남,54세,경상,승용,남,34세,경상
2019070500100561,2019년 7월 5일 18시,금요일,광주광역시 광산구 수완동,경상사고,0,0,1,0,차대차 - 측면충돌,불법유턴,건조,맑음,단일로 - 기타,자전거,남,11세,경상,승용,남,53세,상해없음
2019070500100597,2019년 7월 5일 19시,금요일,광주광역시 광산구 우산동,경상사고,0,0,2,0,차대차 - 측면충돌,직진우회전진행방해,건조,맑음,교차로 - 교차로안,승용,여,68세,경상,이륜,남,49세,경상
2019070500100619,2019년 7월 5일 20시,금요일,광주광역시 북구 두암동,경상사고,0,0,2,0,차대차 - 기타,안전운전불이행,건조,맑음,교차로 - 교차로안,이륜,남,56세,경상,이륜,남,21세,경상
2019070500100658,2019년 7월 5일 21시,금요일,광주광역시 남구 송하동,경상사고,0,0,1,0,차대차 - 기타,안전거리미확보,건조,맑음,단일로 - 기타,승용,남,62세,상해없음,승용,남,55세,경상
2019070500100678,2019년 7월 5일 22시,금요일,광주광역시 광산구 신가동,중상사고,0,1,0,0,차대차 - 측면충돌,안전거리미확보,건조,맑음,단일로 - 기타,승용,남,50세,상해없음,이륜,남,29세,중상
2019070500100700,2019년 7월 5일 23시,금요일,광주광역시 광산구 신가동,경상사고,0,0,1,0,차대차 - 측면충돌,안전운전불이행,건조,맑음,교차로 - 교차로부근,승용,남,53세,기타불명,승용,여,39세,경상
2019070600100046,2019년 7월 6일 00시,토요일,광주광역시 북구 두암동,경상사고,0,0,1,1,차대차 - 측면충돌,안전운전불이행,건조,맑음,단일로 - 기타,이륜,남,41세,부상신고,승용,남,59세,경상
2019070600100078,2019년 7월 6일 02시,토요일,광주광역시 광산구 소촌동,중상사고,0,1,0,0,차대차 - 측면충돌,안전운전불이행,건조,맑음,교차로 - 교차로안,이륜,남,21세,중상,승용,남,24세,상해없음
2019070600100116,2019년 7월 6일 05시,토요일,광주광역시 북구 운암동,중상사고,0,1,1,0,차량단독 - 공작물충돌,안전운전불이행,건조,맑음,단일로 - 기타,승용,남,27세,중상,,,,
2019070600100153,2019년 7월 6일 07시,토요일,광주광역시 동구 소태동,중상사고,0,1,0,0,차대사람 - 보도통행중,보행자보호의무위반,건조,맑음,단일로 - 기타,승용,남,24세,상해없음,보행자,여,79세,중상
2019070600100154,2019년 7월 6일 07시,토요일,광주광역시 서구 광천동,경상사고,0,0,2,0,차대차 - 측면충돌,교차로운행방법위반,건조,맑음,교차로 - 교차로안,승용,여,46세,상해없음,승용,여,37세,경상
2019070600100206,2019년 7월 6일 09시,토요일,광주광역시 동구 용산동,경상사고,0,0,1,0,차대사람 - 차도통행중,안전운전불이행,건조,맑음,단일로 - 기타,화물,남,58세,상해없음,보행자,여,32세,경상
2019070600100207,2019년 7월 6일 09시,토요일,광주광역시 남구 월산동,경상사고,0,0,2,0,차대차 - 추돌,안전운전불이행,건조,맑음,단일로 - 기타,승용,남,25세,상해없음,승용,남,58세,경상
2019070600100279,2019년 7월 6일 11시,토요일,광주광역시 광산구 하남동,경상사고,0,0,4,0,차대차 - 측면충돌,안전운전불이행,건조,맑음,단일로 - 기타,승용,남,21세,상해없음,승용,여,36세,경상
2019070600100376,2019년 7월 6일 13시,토요일,광주광역시 광산구 장덕동,경상사고,0,0,1,0,차대차 - 기타,안전거리미확보,건조,맑음,단일로 - 기타,이륜,남,25세,경상,승용,남,49세,상해없음
2019070600100377,2019년 7월 6일 13시,토요일,광주광역시 광산구 우산동,경상사고,0,0,1,0,차대차 - 후진중충돌,안전운전불이행,건조,맑음,단일로 - 기타,승용,남,58세,기타불명,화물,남,45세,경상
2019070600100457,2019년 7월 6일 15시,토요일,광주광역시 서구 풍암동,중상사고,0,1,5,0,차대차 - 측면충돌,안전운전불이행,건조,맑음,교차로 - 교차로안,승용,여,37세,경상,승용,남,61세,중상
2019070600100544,2019년 7월 6일 17시,토요일,광주광역시 남구 월산동,경상사고,0,0,1,0,차대차 - 기타,안전운전불이행,건조,맑음,단일로 - 기타,승용,남,63세,상해없음,승합,남,51세,상해없음
2019070600100545,2019년 7월 6일 17시,토요일,광주광역시 북구 용봉동,경상사고,0,0,1,0,차대차 - 측면충돌,안전운전불이행,건조,맑음,교차로 - 교차로안,승용,여,66세,상해없음,화물,남,45세,경상
2019070600100576,2019년 7월 6일 18시,토요일,광주광역시 광산구 쌍암동,중상사고,0,2,0,0,차대사람 - 횡단중,보행자보호의무위반,건조,맑음,교차로 - 교차로안,승용,남,67세,상해없음,보행자,남,39세,중상
2019070600100604,2019년 7월 6일 19시,토요일,광주광역시 북구 오치동,중상사고,0,1,0,0,차대차 - 정면충돌,안전운전불이행,건조,맑음,교차로 - 교차로안,승용,남,51세,상해없음,이륜,남,40세,중상
2019070600100634,2019년 7월 6일 20시,토요일,광주광역시 서구 마륵동,중상사고,0,1,0,0,차대사람 - 기타,안전운전불이행,건조,맑음,단일로 - 기타,승용,남,37세,상해없음,보행자,여,68세,중상
2019070600100701,2019년 7월 6일 22시,토요일,광주광역시 서구 쌍촌동,경상사고,0,0,1,0,차대차 - 측면충돌,안전운전불이행,건조,맑음,교차로 - 교차로안,승용,남,56세,상해없음,승용,남,60세,경상
2019070600100702,2019년 7월 6일 22시,토요일,광주광역시 북구 두암동,중상사고,0,1,0,0,차대차 - 측면충돌,안전운전불이행,건조,맑음,교차로 - 교차로안,승용,남,60세,중상,승용,여,50세,상해없음
2019070600100703,2019년 7월 6일 22시,토요일,광주광역시 광산구 산정동,중상사고,0,1,0,0,차대차 - 추돌,신호위반,건조,맑음,교차로 - 교차로안,승용,남,28세,상해없음,이륜,남,42세,중상
2019070600100726,2019년 7월 6일 23시,토요일,광주광역시 광산구 신창동,경상사고,0,0,2,0,차대차 - 측면충돌,안전운전불이행,건조,맑음,교차로 - 교차로안,승용,여,25세,상해없음,승용,남,49세,경상
2019070700100034,2019년 7월 7일 00시,일요일,광주광역시 서구 쌍촌동,부상신고사고,0,0,0,1,차대사람 - 횡단중,안전운전불이행,건조,맑음,단일로 - 기타,기타불명,기타불명,미분류,기타불명,보행자,남,27세,부상신고
2019070700100035,2019년 7월 7일 00시,일요일,광주광역시 남구 송하동,경상사고,0,0,1,0,차대차 - 측면충돌,안전거리미확보,건조,맑음,교차로 - 교차로안,승용,남,62세,상해없음,승용,남,44세,경상
2019070700100045,2019년 7월 7일 01시,일요일,광주광역시 광산구 송정동,경상사고,0,0,1,0,차대차 - 측면충돌,안전거리미확보,건조,맑음,교차로 - 교차로부근,승용,남,54세,상해없음,이륜,남,37세,경상
2019070700100083,2019년 7월 7일 05시,일요일,광주광역시 광산구 월곡동,경상사고,0,0,1,0,차대차 - 측면충돌,신호위반,건조,맑음,교차로 - 교차로안,자전거,남,55세,경상,승용,남,47세,상해없음
2019070700100102,2019년 7월 7일 07시,일요일,광주광역시 광산구 선암동,경상사고,0,0,3,0,차대차 - 추돌,안전운전불이행,건조,맑음,단일로 - 기타,승용,남,33세,상해없음,승용,여,49세,경상
2019070700100173,2019년 7월 7일 11시,일요일,광주광역시 서구 광천동,경상사고,0,0,1,0,차대차 - 측면충돌,안전운전불이행,건조,맑음,교차로 - 교차로안,승용,남,26세,상해없음,승용,남,25세,경상
2019070700100174,2019년 7월 7일 11시,일요일,광주광역시 남구 봉선동,경상사고,0,0,2,0,차대차 - 측면충돌,교차로운행방법위반,건조,맑음,교차로 - 교차로안,승용,여,43세,상해없음,승용,남,29세,경상
2019070700100175,2019년 7월 7일 11시,일요일,광주광역시 북구 중흥동,경상사고,0,0,1,0,차대차 - 측면충돌,신호위반,건조,맑음,교차로 - 교차로안,이륜,남,26세,경상,승용,남,37세,상해없음
2019070700100242,2019년 7월 7일 13시,일요일,광주광역시 북구 신안동,경상사고,0,0,1,0,차대차 - 기타,안전운전불이행,건조,맑음,교차로 - 교차로안,승용,남,26세,상해없음,자전거,남,66세,경상
2019070700100278,2019년 7월 7일 14시,일요일,광주광역시 광산구 선암동,경상사고,0,0,2,0,차대차 - 추돌,안전운전불이행,건조,흐림,교차로 - 교차로부근,승용,남,46세,상해없음,승용,남,46세,경상
2019070700100307,2019년 7월 7일 15시,일요일,광주광역시 서구 농성동,경상사고,0,0,1,0,차대차 - 기타,교차로운행방법위반,건조,맑음,단일로 - 기타,승용,남,28세,상해없음,원동기,남,42세,경상
2019070700100387,2019년 7월 7일 17시,일요일,광주광역시 서구 농성동,경상사고,0,0,2,0,차대차 - 측면충돌,안전운전불이행,건조,맑음,교차로 - 교차로부근,승용,여,52세,상해없음,승용,남,47세,경상
2019070700100432,2019년 7월 7일 19시,일요일,광주광역시 서구 풍암동,경상사고,0,0,2,0,차대차 - 측면충돌,교차로운행방법위반,건조,맑음,교차로 - 교차로안,승용,남,34세,경상,승용,남,24세,경상
2019070700100445,2019년 7월 7일 20시,일요일,광주광역시 광산구 수완동,중상사고,0,1,0,0,차대차 - 측면충돌,안전운전불이행,건조,맑음,단일로 - 기타,승용,여,52세,상해없음,승용,여,26세,중상
2019070700100476,2019년 7월 7일 21시,일요일,광주광역시 북구 운암동,경상사고,0,0,1,0,차대차 - 측면충돌,차로위반,건조,맑음,단일로 - 기타,승용,남,39세,기타불명,승용,남,48세,경상
2019070800100034,2019년 7월 8일 00시,월요일,광주광역시 북구 각화동,사망사고,1,1,1,0,차대차 - 추돌,안전운전불이행,젖음/습기,흐림,단일로 - 기타,승용,남,26세,사망,화물,남,58세,경상
2019070800100046,2019년 7월 8일 03시,월요일,광주광역시 서구 쌍촌동,중상사고,0,1,0,0,차대차 - 측면충돌,차로위반,건조,맑음,교차로 - 교차로부근,승용,남,30세,상해없음,이륜,남,42세,중상
2019070800100150,2019년 7월 8일 08시,월요일,광주광역시 동구 학동,경상사고,0,0,1,0,차대사람 - 횡단중,안전운전불이행,건조,맑음,교차로 - 교차로안,승용,남,62세,상해없음,보행자,여,71세,경상
2019070800100151,2019년 7월 8일 08시,월요일,광주광역시 북구 양산동,경상사고,0,0,1,0,차대차 - 측면충돌,신호위반,건조,맑음,교차로 - 교차로안,승용,여,26세,기타불명,승용,남,20세,경상
2019070800100190,2019년 7월 8일 09시,월요일,광주광역시 북구 유동,경상사고,0,0,1,0,차대차 - 측면충돌,교차로운행방법위반,건조,맑음,교차로 - 교차로안,승용,남,40세,상해없음,자전거,남,28세,경상
2019070800100223,2019년 7월 8일 10시,월요일,광주광역시 동구 대인동,경상사고,0,0,1,0,차량단독 - 기타,기타,건조,맑음,단일로 - 기타,승합,남,68세,상해없음,,,,
2019070800100384,2019년 7월 8일 15시,월요일,광주광역시 서구 치평동,경상사고,0,0,3,3,차대차 - 기타,안전운전불이행,건조,맑음,교차로 - 교차로안,승용,남,19세,부상신고,승용,남,53세,경상
2019070800100385,2019년 7월 8일 15시,월요일,광주광역시 북구 중흥동,부상신고사고,0,0,0,1,차대차 - 추돌,안전운전불이행,건조,맑음,단일로 - 기타,이륜,남,67세,상해없음,자전거,남,86세,부상신고
2019070800100428,2019년 7월 8일 16시,월요일,광주광역시 동구 남동,경상사고,0,0,1,1,차대차 - 측면충돌,안전운전불이행,건조,맑음,단일로 - 기타,이륜,남,23세,부상신고,화물,남,52세,경상
2019070800100429,2019년 7월 8일 16시,월요일,광주광역시 서구 쌍촌동,경상사고,0,0,1,0,차대차 - 추돌,안전운전불이행,건조,맑음,단일로 - 기타,승용,남,50세,상해없음,승용,남,41세,경상
2019070800100460,2019년 7월 8일 17시,월요일,광주광역시 서구 농성동,경상사고,0,0,1,1,차대차 - 측면충돌,안전거리미확보,건조,맑음,단일로 - 기타,승용,남,63세,부상신고,승용,남,41세,경상
2019070800100461,2019년 7월 8일 17시,월요일,광주광역시 광산구 신가동,중상사고,0,1,0,0,차대사람 - 횡단중,안전운전불이행,건조,맑음,교차로 - 교차로안,승용,여,48세,상해없음,보행자,남,82세,중상
2019070800100499,2019년 7월 8일 18시,월요일,광주광역시 서구 매월동,중상사고,0,1,3,0,차대차 - 추돌,안전운전불이행,건조,맑음,단일로 - 기타,승용,여,49세,중상,승용,여,55세,경상
2019070800100500,2019년 7월 8일 18시,월요일,광주광역시 서구 화정동,경상사고,0,0,1,0,차대차 - 기타,안전운전불이행,건조,맑음,단일로 - 기타,승용,남,56세,상해없음,자전거,남,13세,경상
2019070800100501,2019년 7월 8일 18시,월요일,광주광역시 서구 농성동,경상사고,0,0,2,0,차대차 - 기타,차로위반,건조,맑음,교차로 - 교차로부근,승용,여,37세,상해없음,승용,남,33세,경상
2019070800100598,2019년 7월 8일 22시,월요일,광주광역시 서구 쌍촌동,경상사고,0,0,1,0,차대차 - 후진중충돌,안전운전불이행,건조,맑음,단일로 - 기타,화물,남,58세,상해없음,승용,남,49세,경상
2019070800100617,2019년 7월 8일 23시,월요일,광주광역시 광산구 송정동,부상신고사고,0,0,0,1,차대차 - 기타,교차로운행방법위반,건조,맑음,교차로 - 교차로안,기타불명,기타불명,미분류,기타불명,승용,남,56세,상해없음
2019070900100083,2019년 7월 9일 06시,화요일,광주광역시 광산구 도천동,경상사고,0,0,2,0,차대차 - 측면충돌,신호위반,건조,맑음,교차로 - 교차로안,승용,남,47세,경상,승용,남,40세,경상
2019070900100162,2019년 7월 9일 08시,화요일,광주광역시 서구 내방동,경상사고,0,0,1,0,차대차 - 측면충돌,안전거리미확보,건조,맑음,교차로 - 교차로부근,승용,남,68세,상해없음,승용,남,36세,경상
2019070900100163,2019년 7월 9일 08시,화요일,광주광역시 광산구 산정동,경상사고,0,0,1,0,차대사람 - 길가장자리구역통행중,안전운전불이행,건조,맑음,단일로 - 기타,승용,여,56세,상해없음,보행자,여,18세,경상
2019070900100203,2019년 7월 9일 09시,화요일,광주광역시 동구 서석동,경상사고,0,0,1,0,차대차 - 측면충돌,안전거리미확보,건조,맑음,단일로 - 기타,승용,남,66세,상해없음,승용,여,46세,경상
2019070900100236,2019년 7월 9일 10시,화요일,광주광역시 북구 임동,경상사고,0,0,1,0,차대차 - 기타,안전운전불이행,건조,맑음,교차로 - 교차로안,승용,남,37세,상해없음,승용,여,50세,경상
2019070900100237,2019년 7월 9일 10시,화요일,광주광역시 북구 신안동,경상사고,0,0,1,0,차대차 - 기타,차로위반,건조,맑음,단일로 - 기타,승용,여,60세,상해없음,승합,남,63세,상해없음
2019070900100334,2019년 7월 9일 13시,화요일,광주광역시 북구 풍향동,경상사고,0,0,1,0,차대차 - 추돌,안전거리미확보,건조,맑음,단일로 - 기타,화물,남,61세,상해없음,승용,여,41세,경상
2019070900100360,2019년 7월 9일 14시,화요일,광주광역시 북구 월출동,경상사고,0,0,1,1,차대차 - 추돌,안전운전불이행,건조,맑음,단일로 - 기타,화물,남,24세,부상신고,승용,남,40세,경상
2019070900100394,2019년 7월 9일 15시,화요일,광주광역시 북구 중흥동,경상사고,0,0,1,0,차대차 - 측면충돌,안전운전불이행,건조,맑음,교차로 - 교차로부근,화물,남,35세,상해없음,승용,여,78세,경상
2019070900100430,2019년 7월 9일 16시,화요일,광주광역시 서구 화정동,경상사고,0,0,1,0,차대차 - 측면충돌,불법유턴,건조,맑음,단일로 - 기타,자전거,남,82세,경상,승용,남,88세,상해없음
2019070900100465,2019년 7월 9일 17시,화요일,광주광역시 서구 쌍촌동,경상사고,0,0,5,0,차대차 - 측면충돌,차로위반,젖음/습기,비,단일로 - 기타,승용,남,76세,상해없음,승용,남,25세,경상
2019070900100466,2019년 7월 9일 17시,화요일,광주광역시 북구 양산동,경상사고,0,0,1,0,차대차 - 측면충돌,교차로운행방법위반,건조,맑음,교차로 - 교차로안,승용,여,53세,상해없음,이륜,남,58세,경상
2019070900100467,2019년 7월 9일 17시,화요일,광주광역시 광산구 신가동,경상사고,0,0,3,0,차대차 - 측면충돌,안전운전불이행,건조,맑음,단일로 - 기타,승용,남,61세,상해없음,승용,남,18세,경상
2019070900100515,2019년 7월 9일 18시,화요일,광주광역시 동구 계림동,중상사고,0,1,0,0,차대차 - 측면충돌,안전운전불이행,건조,맑음,교차로 - 교차로안,승용,남,37세,상해없음,자전거,남,68세,중상
2019070900100550,2019년 7월 9일 19시,화요일,광주광역시 남구 봉선동,경상사고,0,0,1,0,차대사람 - 횡단중,신호위반,건조,맑음,교차로 - 교차로횡단보도내,승용,남,53세,상해없음,보행자,남,10세,경상
2019070900100578,2019년 7월 9일 20시,화요일,광주광역시 광산구 쌍암동,중상사고,0,1,2,0,차대차 - 측면충돌,교차로운행방법위반,건조,맑음,교차로 - 교차로안,승용,남,55세,상해없음,승용,남,36세,경상
2019070900100605,2019년 7월 9일 21시,화요일,광주광역시 광산구 하남동,경상사고,0,0,2,0,차대차 - 측면충돌,안전운전불이행,건조,맑음,교차로 - 교차로부근,승용,남,34세,경상,이륜,남,18세,경상
2019071000100061,2019년 7월 10일 05시,수요일,광주광역시 북구 운암동,경상사고,0,0,3,0,차대차 - 측면충돌,안전운전불이행,건조,맑음,단일로 - 기타,승용,남,60세,경상,승용,남,58세,경상
2019071000100092,2019년 7월 10일 07시,수요일,광주광역시 동구 계림동,중상사고,0,1,0,0,차대차 - 측면충돌,안전운전불이행,건조,맑음,단일로 - 기타,자전거,남,80세,중상,승용,여,60세,기타불명
2019071000100093,2019년 7월 10일 07시,수요일,광주광역시 남구 진월동,경상사고,0,0,1,0,차대차 - 측면충돌,교차로운행방법위반,건조,흐림,교차로 - 교차로안,승용,여,46세,상해없음,자전거,남,77세,경상
2019071000100094,2019년 7월 10일 07시,수요일,광주광역시 광산구 소촌동,경상사고,0,0,1,0,차대차 - 정면충돌,안전운전불이행,건조,맑음,단일로 - 기타,화물,남,64세,상해없음,승용,남,38세,경상
2019071000100126,2019년 7월 10일 08시,수요일,광주광역시 서구 매월동,경상사고,0,0,1,0,차대차 - 기타,기타,건조,맑음,단일로 - 기타,화물,남,25세,상해없음,승용,남,26세,경상
2019071000100127,2019년 7월 10일 08시,수요일,광주광역시 광산구 우산동,경상사고,0,0,1,0,차대차 - 후진중충돌,안전운전불이행,건조,맑음,단일로 - 기타,승용,남,53세,상해없음,승용,남,33세,경상
2019071000100162,2019년 7월 10일 09시,수요일,광주광역시 북구 동림동,경상사고,0,0,3,0,차대차 - 추돌,안전운전불이행,젖음/습기,비,단일로 - 기타,승용,남,28세,상해없음,승용,여,47세,경상
2019071000100163,2019년 7월 10일 09시,수요일,광주광역시 북구 운암동,경상사고,0,0,1,0,차대차 - 기타,안전운전불이행,건조,맑음,단일로 - 기타,승용,여,54세,상해없음,승용,남,51세,경상