사고번호,사고일시,요일,시군구,사고내용,사망자수,중상자수,경상자수,부상신고자수,사고유형,법규위반,노면상태,기상상태,도로형태,가해운전자 차종,가해운전자 성별,가해운전자 연령,가해운전자 상해정도,피해운전자 차종,피해운전자 성별,피해운전자 연령,피해운전자 상해정도
2019071700100298,2019년 7월 17일 13시,수요일,광주광역시 서구 금호동,경상사고,0,0,1,0,차대사람 - 기타,안전운전불이행,건조,맑음,단일로 - 기타,승용,남,34세,상해없음,보행자,여,8세,경상
2019071700100384,2019년 7월 17일 15시,수요일,광주광역시 서구 치평동,경상사고,0,0,2,0,차대차 - 후진중충돌,중앙선침범,건조,맑음,단일로 - 기타,승합,남,66세,상해없음,승용,남,26세,경상
2019071700100385,2019년 7월 17일 15시,수요일,광주광역시 북구 각화동,경상사고,0,0,1,0,차대차 - 측면충돌,중앙선침범,건조,맑음,교차로 - 교차로안,자전거,남,67세,경상,승용,여,35세,기타불명
2019071700100423,2019년 7월 17일 16시,수요일,광주광역시 동구 동명동,경상사고,0,0,2,0,차대사람 - 횡단중,안전운전불이행,건조,맑음,단일로 - 기타,이륜,남,18세,경상,보행자,남,13세,경상
2019071700100424,2019년 7월 17일 16시,수요일,광주광역시 서구 금호동,부상신고사고,0,0,0,1,차대차 - 측면충돌,교차로운행방법위반,건조,맑음,교차로 - 교차로안,이륜,남,52세,부상신고,승용,남,39세,상해없음
2019071700100459,2019년 7월 17일 17시,수요일,광주광역시 서구 매월동,경상사고,0,0,2,0,차대차 - 측면충돌,교차로운행방법위반,건조,맑음,교차로 - 교차로안,승용,여,50세,경상,승용,여,45세,경상
2019071700100460,2019년 7월 17일 17시,수요일,광주광역시 북구 운암동,경상사고,0,0,1,0,차대차 - 측면충돌,신호위반,건조,맑음,교차로 - 교차로안,승용,여,61세,경상,승용,남,28세,상해없음
2019071700100518,2019년 7월 17일 18시,수요일,광주광역시 북구 연제동,경상사고,0,0,1,0,차대사람 - 횡단중,안전운전불이행,건조,맑음,단일로 - 기타,승용,여,33세,상해없음,보행자,남,11세,경상
2019071700100543,2019년 7월 17일 19시,수요일,광주광역시 서구 유촌동,경상사고,0,0,5,0,차대차 - 측면충돌,안전거리미확보,건조,맑음,단일로 - 기타,승용,남,45세,상해없음,승합,남,56세,경상
2019071700100544,2019년 7월 17일 19시,수요일,광주광역시 서구 치평동,경상사고,0,0,2,0,차대차 - 측면충돌,안전운전불이행,건조,맑음,단일로 - 기타,승용,남,74세,경상,승용,남,28세,경상
2019071700100545,2019년 7월 17일 19시,수요일,광주광역시 광산구 우산동,경상사고,0,0,1,0,차대차 - 추돌,교차로운행방법위반,건조,맑음,교차로 - 교차로안,승용,남,66세,상해없음,이륜,남,45세,경상
2019071700100574,2019년 7월 17일 20시,수요일,광주광역시 서구 쌍촌동,경상사고,0,0,2,0,차대차 - 추돌,안전운전불이행,건조,맑음,교차로 - 교차로부근,승용,남,27세,상해없음,승용,남,39세,경상
2019071700100604,2019년 7월 17일 21시,수요일,광주광역시 서구 쌍촌동,경상사고,0,0,1,0,차대차 - 측면충돌,안전운전불이행,젖음/습기,비,교차로 - 교차로안,승용,남,52세,상해없음,이륜,남,23세,경상
2019071700100634,2019년 7월 17일 22시,수요일,광주광역시 동구 지산동,경상사고,0,0,1,0,차대사람 - 기타,안전운전불이행,젖음/습기,비,단일로 - 기타,승용,남,62세,상해없음,보행자,남,45세,경상
2019071700100635,2019년 7월 17일 22시,수요일,광주광역시 서구 금호동,경상사고,0,0,2,0,차대차 - 기타,안전거리미확보,젖음/습기,흐림,교차로 - 교차로부근,승용,남,48세,상해없음,승용,남,57세,경상
2019071700100636,2019년 7월 17일 22시,수요일,광주광역시 광산구 월계동,경상사고,0,0,1,0,차대사람 - 횡단중,보행자보호의무위반,젖음/습기,비,단일로 - 기타,승용,남,48세,상해없음,보행자,여,44세,경상
2019071800100026,2019년 7월 18일 00시,목요일,광주광역시 북구 운암동,부상신고사고,0,0,0,1,차대차 - 측면충돌,안전운전불이행,젖음/습기,맑음,단일로 - 기타,기타불명,기타불명,미분류,기타불명,자전거,남,41세,부상신고
2019071800100052,2019년 7월 18일 04시,목요일,광주광역시 동구 산수동,중상사고,0,1,0,0,차대차 - 추돌,안전운전불이행,젖음/습기,비,단일로 - 기타,이륜,여,59세,중상,승합,남,51세,기타불명
2019071800100063,2019년 7월 18일 05시,목요일,광주광역시 북구 운암동,중상사고,0,1,0,0,차대차 - 측면충돌,신호위반,젖음/습기,비,교차로 - 교차로안,자전거,여,62세,중상,승용,남,62세,상해없음
2019071800100072,2019년 7월 18일 06시,목요일,광주광역시 북구 장등동,중상사고,0,1,0,0,차대차 - 측면충돌,신호위반,젖음/습기,비,교차로 - 교차로안,승합,남,21세,상해없음,화물,남,56세,중상
2019071800100093,2019년 7월 18일 07시,목요일,광주광역시 서구 쌍촌동,경상사고,0,0,1,0,차대차 - 측면충돌,안전거리미확보,건조,맑음,단일로 - 기타,승용,남,27세,상해없음,승용,여,38세,경상
2019071800100133,2019년 7월 18일 08시,목요일,광주광역시 북구 두암동,경상사고,0,0,6,0,차대차 - 측면충돌,안전운전불이행,젖음/습기,비,교차로 - 교차로안,승용,여,37세,경상,승용,여,36세,경상
2019071800100161,2019년 7월 18일 09시,목요일,광주광역시 서구 내방동,경상사고,0,0,1,0,차대사람 - 기타,안전운전불이행,건조,맑음,단일로 - 기타,승용,남,59세,상해없음,보행자,여,28세,경상
2019071800100162,2019년 7월 18일 09시,목요일,광주광역시 서구 화정동,경상사고,0,0,1,0,차대사람 - 횡단중,안전운전불이행,건조,맑음,단일로 - 기타,기타불명,기타불명,미분류,기타불명,보행자,남,21세,경상
2019071800100163,2019년 7월 18일 09시,목요일,광주광역시 북구 운암동,경상사고,0,0,5,0,차대차 - 측면충돌,차로위반,건조,맑음,단일로 - 고가도로위,승용,남,27세,상해없음,승용,남,19세,경상
2019071800100164,2019년 7월 18일 09시,목요일,광주광역시 북구 운암동,경상사고,0,0,1,0,차대차 - 기타,교차로운행방법위반,건조,맑음,단일로 - 기타,승용,남,68세,상해없음,승용,여,58세,경상
2019071800100165,2019년 7월 18일 09시,목요일,광주광역시 광산구 비아동,경상사고,0,0,1,0,차대차 - 측면충돌,교차로운행방법위반,건조,맑음,교차로 - 교차로안,승용,남,79세,상해없음,승합,남,49세,경상
2019071800100197,2019년 7월 18일 10시,목요일,광주광역시 광산구 선암동,중상사고,0,2,0,0,차대차 - 측면충돌,중앙선침범,건조,맑음,단일로 - 기타,승용,여,25세,상해없음,승용,남,66세,중상
2019071800100251,2019년 7월 18일 12시,목요일,광주광역시 서구 농성동,경상사고,0,0,1,0,차대사람 - 횡단중,안전운전불이행,건조,맑음,교차로 - 교차로안,승용,남,47세,상해없음,보행자,여,56세,경상
2019071800100359,2019년 7월 18일 15시,목요일,광주광역시 서구 금호동,경상사고,0,0,5,0,차대차 - 측면충돌,안전운전불이행,건조,맑음,교차로 - 교차로부근,승용,여,44세,경상,승용,여,42세,경상
2019071800100395,2019년 7월 18일 16시,목요일,광주광역시 서구 광천동,경상사고,0,0,1,0,차대차 - 측면충돌,교차로운행방법위반,건조,맑음,교차로 - 교차로안,화물,남,52세,상해없음,승용,여,37세,경상
2019071800100425,2019년 7월 18일 17시,목요일,광주광역시 동구 학동,중상사고,0,1,0,0,차대사람 - 횡단중,안전운전불이행,건조,맑음,단일로 - 기타,승용,남,34세,상해없음,보행자,여,71세,중상
2019071800100426,2019년 7월 18일 17시,목요일,광주광역시 남구 월산동,중상사고,0,1,0,0,차대차 - 기타,교차로운행방법위반,건조,맑음,교차로 - 교차로안,화물,남,59세,상해없음,이륜,남,51세,중상
2019071800100427,2019년 7월 18일 17시,목요일,광주광역시 광산구 우산동,경상사고,0,0,1,0,차대차 - 측면충돌,안전운전불이행,건조,맑음,단일로 - 기타,승용,남,41세,상해없음,승용,여,37세,경상
2019071800100477,2019년 7월 18일 18시,목요일,광주광역시 서구 서창동,경상사고,0,0,1,0,차대차 - 측면충돌,교차로운행방법위반,건조,맑음,교차로 - 교차로안,승용,남,69세,상해없음,승용,여,34세,경상
2019071800100505,2019년 7월 18일 19시,목요일,광주광역시 남구 송하동,경상사고,0,0,1,0,차대차 - 측면충돌,안전거리미확보,건조,맑음,기타 - 기타,승용,여,56세,상해없음,승용,남,35세,경상
2019071800100506,2019년 7월 18일 19시,목요일,광주광역시 북구 중흥동,경상사고,0,0,1,0,차대차 - 측면충돌,중앙선침범,건조,맑음,단일로 - 기타,승용,남,31세,상해없음,승용,남,36세,경상
2019071800100507,2019년 7월 18일 19시,목요일,광주광역시 광산구 쌍암동,중상사고,0,1,1,0,차대차 - 측면충돌,신호위반,건조,맑음,교차로 - 교차로안,이륜,남,23세,경상,이륜,남,39세,중상
2019071800100508,2019년 7월 18일 19시,목요일,광주광역시 북구 오룡동,경상사고,0,0,1,0,차대차 - 측면충돌,신호위반,건조,맑음,교차로 - 교차로안,승용,남,31세,상해없음,승용,남,50세,경상
2019071800100550,2019년 7월 18일 20시,목요일,광주광역시 광산구 신가동,경상사고,0,0,2,0,차대차 - 추돌,안전운전불이행,건조,맑음,단일로 - 기타,승용,남,43세,상해없음,승용,남,71세,경상
2019071900100092,2019년 7월 19일 05시,금요일,광주광역시 광산구 월전동,중상사고,0,1,0,0,차대차 - 기타,신호위반,건조,맑음,교차로 - 교차로안,승용,남,61세,상해없음,화물,남,60세,중상
2019071900100121,2019년 7월 19일 07시,금요일,광주광역시 광산구 신촌동,경상사고,0,0,1,0,차대차 - 추돌,안전거리미확보,건조,맑음,단일로 - 기타,승용,여,28세,상해없음,승용,남,49세,경상
2019071900100171,2019년 7월 19일 08시,금요일,광주광역시 북구 양산동,경상사고,0,0,1,0,차대차 - 측면충돌,신호위반,건조,맑음,교차로 - 교차로안,자전거,남,50세,경상,승용,남,43세,상해없음
2019071900100172,2019년 7월 19일 08시,금요일,광주광역시 광산구 수완동,경상사고,0,0,1,0,차대차 - 추돌,안전운전불이행,건조,맑음,단일로 - 터널,승용,여,28세,경상,승합,남,62세,상해없음
2019071900100255,2019년 7월 19일 10시,금요일,광주광역시 서구 마륵동,중상사고,0,1,1,0,차대차 - 측면충돌,신호위반,건조,맑음,교차로 - 교차로안,승용,여,34세,경상,화물,남,48세,상해없음
2019071900100284,2019년 7월 19일 11시,금요일,광주광역시 광산구 월곡동,경상사고,0,0,1,0,차량단독 - 기타,안전운전불이행,건조,맑음,교차로 - 교차로안,기타불명,기타불명,미분류,기타불명,,,,
2019071900100330,2019년 7월 19일 12시,금요일,광주광역시 북구 운암동,경상사고,0,0,1,0,차대차 - 측면충돌,안전거리미확보,건조,맑음,교차로 - 교차로부근,승용,여,57세,상해없음,승용,남,60세,경상
2019071900100370,2019년 7월 19일 13시,금요일,광주광역시 남구 서동,부상신고사고,0,0,0,1,차대차 - 기타,교차로운행방법위반,건조,맑음,교차로 - 교차로안,이륜,남,56세,상해없음,자전거,여,41세,부상신고
2019071900100371,2019년 7월 19일 13시,금요일,광주광역시 북구 운암동,경상사고,0,0,1,0,차대차 - 기타,차로위반,건조,맑음,단일로 - 기타,승용,남,25세,상해없음,승용,남,61세,경상
2019071900100402,2019년 7월 19일 14시,금요일,광주광역시 서구 유촌동,경상사고,0,0,2,0,차대차 - 측면충돌,신호위반,건조,맑음,교차로 - 교차로안,승용,여,42세,상해없음,승용,남,30세,경상
2019071900100403,2019년 7월 19일 14시,금요일,광주광역시 북구 문흥동,경상사고,0,0,1,0,차대사람 - 기타,안전운전불이행,건조,맑음,단일로 - 기타,승용,여,43세,기타불명,보행자,남,36세,경상
2019071900100404,2019년 7월 19일 14시,금요일,광주광역시 광산구 운수동,경상사고,0,0,2,0,차대차 - 측면충돌,차로위반,건조,맑음,단일로 - 기타,화물,남,60세,상해없음,승용,남,29세,경상
2019071900100523,2019년 7월 19일 17시,금요일,광주광역시 북구 오치동,경상사고,0,0,2,0,차대차 - 측면충돌,안전운전불이행,건조,흐림,기타 - 기타,원동기,남,48세,경상,승용,남,42세,경상
2019071900100524,2019년 7월 19일 17시,금요일,광주광역시 광산구 쌍암동,경상사고,0,0,1,0,차대차 - 측면충돌,직진우회전진행방해,건조,맑음,교차로 - 교차로안,승용,남,72세,상해없음,화물,남,42세,상해없음
2019071900100525,2019년 7월 19일 17시,금요일,광주광역시 광산구 산정동,경상사고,0,0,2,0,차대차 - 측면충돌,신호위반,건조,맑음,교차로 - 교차로부근,승용,남,35세,경상,승용,여,37세,경상
2019071900100566,2019년 7월 19일 18시,금요일,광주광역시 서구 마륵동,경상사고,0,0,1,1,차대차 - 측면충돌,교차로운행방법위반,젖음/습기,맑음,교차로 - 교차로안,승용,여,53세,부상신고,승용,남,36세,경상
2019071900100567,2019년 7월 19일 18시,금요일,광주광역시 광산구 산정동,경상사고,0,0,1,0,차대차 - 추돌,안전거리미확보,건조,맑음,단일로 - 기타,승용,남,61세,상해없음,승용,남,39세,경상
2019071900100610,2019년 7월 19일 19시,금요일,광주광역시 광산구 쌍암동,중상사고,0,1,0,0,차대차 - 기타,신호위반,건조,맑음,교차로 - 교차로안,승용,남,64세,상해없음,이륜,남,45세,중상
2019071900100648,2019년 7월 19일 20시,금요일,광주광역시 북구 용봉동,중상사고,0,1,0,0,차대사람 - 횡단중,보행자보호의무위반,젖음/습기,비,교차로 - 교차로안,승용,남,68세,상해없음,보행자,여,26세,중상
2019071900100682,2019년 7월 19일 21시,금요일,광주광역시 동구 불로동,경상사고,0,0,3,0,차대차 - 기타,안전운전불이행,젖음/습기,비,교차로 - 교차로안,승용,여,61세,경상,승용,여,44세,경상
2019071900100683,2019년 7월 19일 21시,금요일,광주광역시 서구 치평동,경상사고,0,0,1,0,차대차 - 측면충돌,안전거리미확보,젖음/습기,비,교차로 - 교차로부근,승용,남,66세,상해없음,승용,남,25세,경상
2019071900100684,2019년 7월 19일 21시,금요일,광주광역시 남구 백운동,부상신고사고,0,0,0,1,차대차 - 측면충돌,안전운전불이행,건조,맑음,주차장 - 주차장,승용,남,52세,상해없음,승용,여,25세,부상신고
2019071900100685,2019년 7월 19일 21시,금요일,광주광역시 광산구 우산동,경상사고,0,0,2,0,차대차 - 추돌,교차로운행방법위반,젖음/습기,비,교차로 - 교차로안,승용,남,43세,경상,승합,남,64세,상해없음
2019071900100717,2019년 7월 19일 22시,금요일,광주광역시 동구 서석동,경상사고,0,0,1,0,차대사람 - 기타,신호위반,젖음/습기,비,교차로 - 교차로횡단보도내,이륜,남,21세,상해없음,보행자,남,60세,경상
2019071900100718,2019년 7월 19일 22시,금요일,광주광역시 서구 쌍촌동,경상사고,0,0,1,0,차대차 - 측면충돌,안전운전불이행,젖음/습기,비,교차로 - 교차로부근,승용,남,49세,상해없음,이륜,남,21세,경상
2019071900100719,2019년 7월 19일 22시,금요일,광주광역시 북구 우산동,경상사고,0,0,1,0,차대차 - 측면충돌,신호위반,젖음/습기,비,교차로 - 교차로안,승용,남,48세,상해없음,화물,남,65세,경상
2019072000100038,2019년 7월 20일 00시,토요일,광주광역시 서구 화정동,경상사고,0,0,3,0,차대차 - 측면충돌,안전운전불이행,건조,맑음,교차로 - 교차로부근,승용,남,65세,상해없음,승용,남,72세,경상
2019072000100039,2019년 7월 20일 00시,토요일,광주광역시 남구 월산동,경상사고,0,0,3,0,차대차 - 측면충돌,안전운전불이행,젖음/습기,비,교차로 - 교차로부근,승용,남,35세,상해없음,승용,남,56세,경상
2019072000100064,2019년 7월 20일 01시,토요일,광주광역시 서구 치평동,경상사고,0,0,2,0,차대차 - 측면충돌,안전거리미확보,건조,맑음,교차로 - 교차로부근,승용,남,55세,상해없음,승용,남,32세,경상
2019072000100065,2019년 7월 20일 01시,토요일,광주광역시 광산구 산정동,경상사고,0,0,2,0,차대차 - 측면충돌,안전운전불이행,젖음/습기,비,단일로 - 기타,승용,남,48세,상해없음,승용,여,57세,경상
2019072000100094,2019년 7월 20일 03시,토요일,광주광역시 광산구 수완동,경상사고,0,0,4,0,차대차 - 측면충돌,차로위반,건조,맑음,단일로 - 기타,승용,남,53세,상해없음,승용,남,23세,경상
2019072000100125,2019년 7월 20일 07시,토요일,광주광역시 남구 진월동,경상사고,0,0,2,0,차대차 - 정면충돌,신호위반,젖음/습기,비,교차로 - 교차로안,승용,여,53세,상해없음,화물,남,73세,경상
2019072000100191,2019년 7월 20일 10시,토요일,광주광역시 동구 불로동,부상신고사고,0,0,0,1,차대차 - 기타,교차로운행방법위반,젖음/습기,비,교차로 - 교차로안,화물,남,25세,상해없음,자전거,남,76세,부상신고
2019072000100192,2019년 7월 20일 10시,토요일,광주광역시 북구 임동,경상사고,0,0,1,0,차대차 - 측면충돌,신호위반,젖음/습기,비,교차로 - 교차로안,이륜,남,80세,경상,승용,남,64세,상해없음
2019072000100193,2019년 7월 20일 10시,토요일,광주광역시 북구 유동,경상사고,0,0,2,0,차대차 - 기타,교차로운행방법위반,건조,맑음,교차로 - 교차로안,승용,여,50세,상해없음,승용,남,46세,상해없음
2019072000100230,2019년 7월 20일 11시,토요일,광주광역시 광산구 우산동,경상사고,0,0,1,0,차대차 - 추돌,안전운전불이행,젖음/습기,비,단일로 - 기타,승용,남,32세,상해없음,승용,남,68세,경상
2019072000100308,2019년 7월 20일 13시,토요일,광주광역시 남구 주월동,중상사고,0,1,0,0,차대차 - 측면충돌,안전운전불이행,건조,맑음,교차로 - 교차로안,승용,여,52세,상해없음,이륜,남,35세,중상
2019072000100309,2019년 7월 20일 13시,토요일,광주광역시 북구 우산동,경상사고,0,0,1,0,차대사람 - 기타,안전운전불이행,젖음/습기,흐림,교차로 - 교차로안,승용,남,54세,기타불명,보행자,남,55세,경상
2019072000100310,2019년 7월 20일 13시,토요일,광주광역시 북구 월출동,경상사고,0,0,1,0,차대차 - 기타,차로위반,건조,맑음,단일로 - 기타,승합,남,45세,상해없음,승용,남,43세,경상
2019072000100350,2019년 7월 20일 14시,토요일,광주광역시 북구 오치동,경상사고,0,0,3,0,차대차 - 측면충돌,교차로운행방법위반,건조,맑음,교차로 - 교차로안,승용,남,44세,경상,화물,남,56세,경상
2019072000100376,2019년 7월 20일 15시,토요일,광주광역시 서구 매월동,경상사고,0,0,1,0,차대차 - 측면충돌,교차로운행방법위반,젖음/습기,비,교차로 - 교차로안,승용,남,63세,상해없음,승용,여,37세,경상
2019072000100377,2019년 7월 20일 15시,토요일,광주광역시 북구 누문동,중상사고,0,1,0,0,차대사람 - 횡단중,안전운전불이행,젖음/습기,비,단일로 - 기타,승용,남,56세,상해없음,보행자,여,82세,중상
2019072000100378,2019년 7월 20일 15시,토요일,광주광역시 북구 연제동,경상사고,0,0,9,0,차대차 - 추돌,안전거리미확보,건조,맑음,단일로 - 기타,화물,남,42세,경상,승용,남,47세,경상
2019072000100408,2019년 7월 20일 16시,토요일,광주광역시 동구 학동,경상사고,0,0,4,0,차대차 - 측면충돌,차로위반,젖음/습기,비,기타 - 기타,승용,남,25세,상해없음,승용,남,36세,경상
2019072000100409,2019년 7월 20일 16시,토요일,광주광역시 서구 화정동,경상사고,0,0,4,0,차대차 - 기타,기타,젖음/습기,비,교차로 - 교차로안,승용,남,28세,경상,승용,남,30세,경상
2019072000100410,2019년 7월 20일 16시,토요일,광주광역시 광산구 하남동,경상사고,0,0,1,0,차대차 - 기타,안전거리미확보,젖음/습기,비,단일로 - 기타,승용,남,24세,상해없음,승용,여,44세,경상
2019072000100463,2019년 7월 20일 18시,토요일,광주광역시 남구 월산동,경상사고,0,0,2,0,차대차 - 추돌,안전운전불이행,젖음/습기,비,단일로 - 기타,승용,남,42세,상해없음,승용,여,51세,경상
2019072000100464,2019년 7월 20일 18시,토요일,광주광역시 북구 임동,경상사고,0,0,2,0,차대차 - 기타,교차로운행방법위반,젖음/습기,비,교차로 - 교차로안,승용,남,58세,상해없음,승용,남,25세,경상
2019072000100465,2019년 7월 20일 18시,토요일,광주광역시 광산구 수완동,부상신고사고,0,0,0,1,차대차 - 측면충돌,안전운전불이행,젖음/습기,비,교차로 - 교차로부근,원동기,남,36세,부상신고,승용,남,53세,상해없음
2019072000100497,2019년 7월 20일 19시,토요일,광주광역시 광산구 월곡동,경상사고,0,0,1,0,차대차 - 기타,기타,젖음/습기,비,교차로 - 교차로안,승용,남,47세,상해없음,승용,남,39세,경상
2019072000100527,2019년 7월 20일 20시,토요일,광주광역시 서구 쌍촌동,경상사고,0,0,3,0,차대차 - 기타,불법유턴,젖음/습기,비,교차로 - 교차로부근,승용,여,53세,경상,승용,남,29세,경상
2019072000100528,2019년 7월 20일 20시,토요일,광주광역시 북구 두암동,경상사고,0,0,1,0,차대사람 - 횡단중,보행자보호의무위반,젖음/습기,비,교차로 - 교차로횡단보도내,승합,남,35세,상해없음,보행자,남,56세,경상
2019072000100565,2019년 7월 20일 21시,토요일,광주광역시 서구 화정동,경상사고,0,0,2,0,차대차 - 추돌,안전거리미확보,젖음/습기,비,단일로 - 기타,승용,남,55세,상해없음,승용,남,61세,상해없음
2019072000100566,2019년 7월 20일 21시,토요일,광주광역시 광산구 신가동,경상사고,0,0,1,0,차대사람 - 횡단중,보행자보호의무위반,젖음/습기,비,교차로 - 교차로횡단보도내,승용,남,50세,상해없음,보행자,여,17세,경상
2019072000100612,2019년 7월 20일 22시,토요일,광주광역시 서구 쌍촌동,경상사고,0,0,1,0,차대사람 - 횡단중,보행자보호의무위반,젖음/습기,비,교차로 - 교차로횡단보도내,승용,남,58세,상해없음,보행자,여,24세,경상
2019072000100613,2019년 7월 20일 22시,토요일,광주광역시 남구 봉선동,경상사고,0,0,2,0,차대차 - 후진중충돌,안전운전불이행,젖음/습기,비,단일로 - 기타,승용,남,48세,상해없음,승용,남,57세,경상
2019072000100614,2019년 7월 20일 22시,토요일,광주광역시 북구 신용동,경상사고,0,0,2,0,차대차 - 추돌,안전운전불이행,젖음/습기,비,교차로 - 교차로안,승용,남,72세,상해없음,승용,여,39세,경상
2019072000100615,2019년 7월 20일 22시,토요일,광주광역시 북구 용봉동,경상사고,0,0,1,0,차대차 - 기타,교차로운행방법위반,젖음/습기,비,교차로 - 교차로안,이륜,남,35세,경상,승용,남,22세,상해없음
2019072000100616,2019년 7월 20일 22시,토요일,광주광역시 광산구 신가동,경상사고,0,0,3,0,차대차 - 기타,안전운전불이행,젖음/습기,비,단일로 - 기타,승용,여,44세,경상,승용,남,43세,경상
2019072000100643,2019년 7월 20일 23시,토요일,광주광역시 서구 광천동,사망사고,1,0,0,0,차대사람 - 기타,안전운전불이행,젖음/습기,비,단일로 - 기타,승용,남,22세,상해없음,보행자,남,14세,사망
2019072100100033,2019년 7월 21일 00시,일요일,광주광역시 서구 농성동,경상사고,0,0,1,0,차대차 - 추돌,안전운전불이행,젖음/습기,비,단일로 - 기타,승용,남,33세,상해없음,승용,남,69세,경상
2019072100100034,2019년 7월 21일 00시,일요일,광주광역시 북구 용봉동,경상사고,0,0,1,0,차대차 - 기타,안전운전불이행,젖음/습기,비,교차로 - 교차로안,승용,남,23세,기타불명,승용,남,59세,경상
2019072100100035,2019년 7월 21일 00시,일요일,광주광역시 북구 양산동,경상사고,0,0,2,0,차대차 - 측면충돌,교차로운행방법위반,건조,맑음,교차로 - 교차로안,승용,남,55세,경상,승용,여,47세,경상
2019072100100089,2019년 7월 21일 03시,일요일,광주광역시 남구 백운동,경상사고,0,0,1,0,차대차 - 기타,신호위반,젖음/습기,비,교차로 - 교차로안,승용,남,37세,상해없음,승용,남,48세,경상
2019072100100148,2019년 7월 21일 08시,일요일,광주광역시 북구 삼각동,경상사고,0,0,1,0,차대차 - 기타,안전운전불이행,젖음/습기,흐림,교차로 - 교차로안,승용,여,27세,상해없음,승합,남,58세,경상
2019072100100159,2019년 7월 21일 09시,일요일,광주광역시 북구 삼각동,경상사고,0,0,1,0,차대차 - 측면충돌,안전운전불이행,젖음/습기,비,교차로 - 교차로부근,승용,여,31세,상해없음,승용,남,32세,경상
2019072100100160,2019년 7월 21일 09시,일요일,광주광역시 북구 중흥동,사망사고,1,2,0,0,차대사람 - 보도통행중,안전운전불이행,젖음/습기,흐림,교차로 - 교차로부근,승합,남,47세,중상,보행자,여,76세,사망
2019072100100177,2019년 7월 21일 10시,일요일,광주광역시 광산구 송정동,경상사고,0,0,1,0,차대사람 - 기타,안전운전불이행,젖음/습기,비,단일로 - 기타,기타불명,기타불명,미분류,기타불명,보행자,여,56세,경상
2019072100100197,2019년 7월 21일 11시,일요일,광주광역시 서구 금호동,경상사고,0,0,1,0,차대차 - 측면충돌,차로위반,건조,맑음,교차로 - 교차로안,승용,남,48세,상해없음,이륜,남,45세,경상
2019072100100221,2019년 7월 21일 12시,일요일,광주광역시 서구 화정동,경상사고,0,0,1,0,차대사람 - 횡단중,안전운전불이행,젖음/습기,흐림,교차로 - 교차로부근,승용,남,58세,상해없음,보행자,남,62세,경상
2019072100100302,2019년 7월 21일 15시,일요일,광주광역시 광산구 쌍암동,경상사고,0,0,1,0,차대차 - 정면충돌,중앙선침범,건조,맑음,교차로 - 교차로부근,이륜,남,18세,상해없음,승용,여,42세,경상
2019072100100303,2019년 7월 21일 15시,일요일,광주광역시 광산구 우산동,경상사고,0,0,1,0,차대차 - 측면충돌,안전거리미확보,건조,맑음,교차로 - 교차로부근,승용,남,65세,상해없음,승용,여,48세,경상
2019072100100363,2019년 7월 21일 17시,일요일,광주광역시 서구 용두동,경상사고,0,0,1,0,차대차 - 기타,중앙선침범,건조,맑음,단일로 - 기타,자전거,남,14세,경상,승용,남,66세,기타불명
2019072100100411,2019년 7월 21일 19시,일요일,광주광역시 서구 매월동,중상사고,0,1,0,0,차대차 - 측면충돌,차로위반,건조,맑음,단일로 - 기타,승용,남,48세,상해없음,승용,남,27세,중상
2019072100100469,2019년 7월 21일 21시,일요일,광주광역시 서구 풍암동,경상사고,0,0,1,0,차대차 - 측면충돌,교차로운행방법위반,건조,맑음,단일로 - 기타,승용,여,56세,상해없음,승용,여,25세,경상
2019072100100495,2019년 7월 21일 23시,일요일,광주광역시 북구 유동,중상사고,0,1,0,0,차대사람 - 횡단중,안전운전불이행,건조,맑음,단일로 - 기타,승용,여,51세,상해없음,보행자,남,64세,중상
2019072200100085,2019년 7월 22일 06시,월요일,광주광역시 남구 주월동,경상사고,0,0,1,0,차대차 - 추돌,안전운전불이행,건조,맑음,교차로 - 교차로안,승용,남,25세,상해없음,승용,남,27세,경상
2019072200100149,2019년 7월 22일 08시,월요일,광주광역시 광산구 우산동,경상사고,0,0,1,0,차대차 - 추돌,안전운전불이행,건조,맑음,교차로 - 교차로부근,승용,여,59세,상해없음,승용,남,50세,경상
2019072200100182,2019년 7월 22일 09시,월요일,광주광역시 서구 내방동,경상사고,0,0,1,0,차대차 - 추돌,안전운전불이행,건조,맑음,단일로 - 기타,승용,여,60세,상해없음,승용,여,32세,경상
2019072200100183,2019년 7월 22일 09시,월요일,광주광역시 북구 중흥동,경상사고,0,0,1,0,차대차 - 기타,직진우회전진행방해,건조,맑음,교차로 - 교차로안,승용,남,64세,상해없음,자전거,남,71세,경상
2019072200100223,2019년 7월 22일 10시,월요일,광주광역시 북구 두암동,경상사고,0,0,2,0,차대차 - 측면충돌,교차로운행방법위반,건조,맑음,교차로 - 교차로안,화물,여,59세,경상,승용,남,50세,경상
2019072200100294,2019년 7월 22일 12시,월요일,광주광역시 북구 운암동,경상사고,0,0,1,0,차대차 - 기타,안전거리미확보,건조,맑음,단일로 - 기타,승용,여,49세,상해없음,승용,여,48세,경상