사고번호,사고일시,요일,시군구,사고내용,사망자수,중상자수,경상자수,부상신고자수,사고유형,법규위반,노면상태,기상상태,도로형태,가해운전자 차종,가해운전자 성별,가해운전자 연령,가해운전자 상해정도,피해운전자 차종,피해운전자 성별,피해운전자 연령,피해운전자 상해정도
2019072200100348,2019년 7월 22일 13시,월요일,광주광역시 서구 풍암동,경상사고,0,0,1,0,차대사람 - 기타,안전운전불이행,건조,맑음,단일로 - 기타,승용,여,51세,상해없음,보행자,남,43세,경상
2019072200100349,2019년 7월 22일 13시,월요일,광주광역시 서구 농성동,중상사고,0,1,0,0,차대사람 - 보도통행중,기타,건조,맑음,교차로 - 교차로안,개인형이동수단(PM),여,47세,상해없음,보행자,여,59세,중상
2019072200100383,2019년 7월 22일 14시,월요일,광주광역시 광산구 송정동,경상사고,0,0,1,0,차대사람 - 기타,안전운전불이행,건조,맑음,교차로 - 교차로안,화물,남,49세,상해없음,보행자,남,52세,경상
2019072200100423,2019년 7월 22일 15시,월요일,광주광역시 남구 월산동,부상신고사고,0,0,0,1,차대차 - 정면충돌,안전운전불이행,건조,흐림,기타 - 기타,자전거,남,76세,부상신고,이륜,남,31세,상해없음
2019072200100424,2019년 7월 22일 15시,월요일,광주광역시 광산구 월계동,경상사고,0,0,3,0,차대차 - 측면충돌,신호위반,건조,맑음,교차로 - 교차로안,승용,여,57세,상해없음,승용,여,35세,경상
2019072200100464,2019년 7월 22일 16시,월요일,광주광역시 서구 화정동,경상사고,0,0,1,0,차대사람 - 횡단중,안전운전불이행,건조,맑음,단일로 - 기타,승용,남,35세,상해없음,보행자,남,7세,경상
2019072200100465,2019년 7월 22일 16시,월요일,광주광역시 서구 쌍촌동,중상사고,0,1,0,0,차대차 - 측면충돌,안전운전불이행,건조,맑음,교차로 - 교차로안,승용,여,44세,상해없음,승용,여,58세,중상
2019072200100466,2019년 7월 22일 16시,월요일,광주광역시 북구 용봉동,중상사고,0,1,1,0,차대차 - 측면충돌,직진우회전진행방해,건조,맑음,교차로 - 교차로안,이륜,남,20세,경상,이륜,남,49세,중상
2019072200100522,2019년 7월 22일 17시,월요일,광주광역시 광산구 도천동,경상사고,0,0,2,0,차대차 - 기타,안전거리미확보,건조,맑음,단일로 - 기타,화물,여,54세,상해없음,승용,여,37세,경상
2019072200100577,2019년 7월 22일 18시,월요일,광주광역시 서구 동천동,경상사고,0,0,2,0,차대차 - 기타,안전운전불이행,건조,맑음,단일로 - 기타,승용,남,47세,상해없음,승용,남,69세,경상
2019072200100578,2019년 7월 22일 18시,월요일,광주광역시 북구 용두동,경상사고,0,0,4,0,차대차 - 측면충돌,안전운전불이행,건조,맑음,단일로 - 기타,화물,남,64세,상해없음,승용,남,55세,경상
2019072200100579,2019년 7월 22일 18시,월요일,광주광역시 광산구 도산동,경상사고,0,0,1,0,차대사람 - 기타,안전운전불이행,건조,맑음,단일로 - 기타,이륜,남,23세,상해없음,보행자,여,6세,경상
2019072200100580,2019년 7월 22일 18시,월요일,광주광역시 광산구 수완동,경상사고,0,0,1,0,차대차 - 추돌,안전거리미확보,건조,맑음,단일로 - 기타,승용,남,50세,상해없음,승용,남,43세,경상
2019072200100623,2019년 7월 22일 19시,월요일,광주광역시 남구 봉선동,중상사고,0,1,0,0,차대차 - 측면충돌,교차로운행방법위반,건조,맑음,교차로 - 교차로안,승용,여,53세,상해없음,이륜,남,36세,중상
2019072200100624,2019년 7월 22일 19시,월요일,광주광역시 북구 양산동,중상사고,0,1,0,0,차대차 - 측면충돌,교차로운행방법위반,건조,맑음,교차로 - 교차로안,승용,여,29세,상해없음,이륜,남,38세,중상
2019072200100625,2019년 7월 22일 19시,월요일,광주광역시 광산구 하남동,경상사고,0,0,2,0,차대차 - 추돌,안전운전불이행,건조,맑음,교차로 - 교차로부근,기타불명,기타불명,미분류,기타불명,승용,여,46세,경상
2019072200100655,2019년 7월 22일 20시,월요일,광주광역시 북구 용봉동,경상사고,0,0,2,0,차대차 - 측면충돌,신호위반,건조,맑음,단일로 - 기타,이륜,남,18세,경상,승용,남,30세,경상
2019072200100712,2019년 7월 22일 22시,월요일,광주광역시 서구 농성동,경상사고,0,0,1,0,차대차 - 측면충돌,안전거리미확보,건조,맑음,단일로 - 기타,승용,남,61세,상해없음,승용,남,54세,경상
2019072200100713,2019년 7월 22일 22시,월요일,광주광역시 북구 중흥동,경상사고,0,0,2,0,차대차 - 측면충돌,교차로운행방법위반,건조,맑음,교차로 - 교차로안,화물,남,49세,상해없음,승용,남,63세,경상
2019072200100714,2019년 7월 22일 22시,월요일,광주광역시 광산구 수완동,경상사고,0,0,1,0,차대차 - 기타,안전운전불이행,건조,맑음,단일로 - 기타,이륜,남,29세,경상,승용,남,72세,상해없음
2019072300100144,2019년 7월 23일 08시,화요일,광주광역시 서구 유촌동,경상사고,0,0,1,0,차대차 - 추돌,안전운전불이행,건조,맑음,단일로 - 기타,승합,남,48세,상해없음,승용,남,20세,경상
2019072300100145,2019년 7월 23일 08시,화요일,광주광역시 광산구 월계동,경상사고,0,0,1,0,차대차 - 기타,안전거리미확보,건조,맑음,단일로 - 기타,승용,여,26세,상해없음,승용,남,39세,경상
2019072300100242,2019년 7월 23일 11시,화요일,광주광역시 서구 양동,부상신고사고,0,0,0,1,차대사람 - 기타,안전운전불이행,건조,맑음,단일로 - 기타,화물,남,40세,상해없음,보행자,남,52세,부상신고
2019072300100243,2019년 7월 23일 11시,화요일,광주광역시 서구 매월동,경상사고,0,0,1,0,차대차 - 측면충돌,안전운전불이행,건조,맑음,교차로 - 교차로안,승용,남,55세,상해없음,화물,남,59세,경상
2019072300100277,2019년 7월 23일 12시,화요일,광주광역시 서구 벽진동,경상사고,0,0,1,0,차대차 - 측면충돌,안전운전불이행,건조,맑음,교차로 - 교차로부근,화물,남,70세,상해없음,승용,남,44세,경상
2019072300100278,2019년 7월 23일 12시,화요일,광주광역시 광산구 송정동,경상사고,0,0,2,0,차대차 - 기타,안전운전불이행,건조,맑음,단일로 - 기타,승용,여,46세,상해없음,승용,남,54세,경상
2019072300100315,2019년 7월 23일 13시,화요일,광주광역시 광산구 월계동,경상사고,0,0,3,0,차대차 - 측면충돌,신호위반,건조,맑음,교차로 - 교차로안,승용,남,21세,기타불명,승용,여,32세,경상
2019072300100359,2019년 7월 23일 14시,화요일,광주광역시 광산구 장덕동,경상사고,0,0,1,0,차대차 - 기타,교차로운행방법위반,건조,맑음,교차로 - 교차로안,화물,남,43세,상해없음,승용,남,37세,경상
2019072300100398,2019년 7월 23일 15시,화요일,광주광역시 광산구 하남동,경상사고,0,0,1,0,차대차 - 기타,안전운전불이행,건조,맑음,교차로 - 교차로안,승용,여,52세,상해없음,승용,여,45세,경상
2019072300100439,2019년 7월 23일 16시,화요일,광주광역시 서구 양동,경상사고,0,0,2,0,차대차 - 측면충돌,교차로운행방법위반,건조,맑음,교차로 - 교차로안,화물,남,47세,경상,승용,여,61세,경상
2019072300100440,2019년 7월 23일 16시,화요일,광주광역시 북구 매곡동,경상사고,0,0,1,0,차대차 - 측면충돌,직진우회전진행방해,건조,맑음,교차로 - 교차로안,승용,여,41세,상해없음,이륜,남,25세,경상
2019072300100441,2019년 7월 23일 16시,화요일,광주광역시 광산구 월계동,경상사고,0,0,1,0,차대차 - 후진중충돌,안전운전불이행,건조,맑음,단일로 - 기타,승용,남,58세,상해없음,이륜,남,32세,경상
2019072300100497,2019년 7월 23일 17시,화요일,광주광역시 동구 금남로5가,경상사고,0,0,1,0,차대사람 - 기타,안전운전불이행,건조,맑음,단일로 - 기타,승용,남,51세,상해없음,보행자,여,60세,경상
2019072300100498,2019년 7월 23일 17시,화요일,광주광역시 서구 화정동,경상사고,0,0,1,0,차대사람 - 보도통행중,기타,건조,맑음,단일로 - 기타,승용,남,58세,상해없음,보행자,남,13세,경상
2019072300100499,2019년 7월 23일 17시,화요일,광주광역시 서구 치평동,경상사고,0,0,2,0,차대차 - 측면충돌,기타,건조,맑음,교차로 - 교차로안,승용,여,23세,경상,승용,남,56세,경상
2019072300100500,2019년 7월 23일 17시,화요일,광주광역시 북구 중흥동,경상사고,0,0,1,0,차대차 - 추돌,안전거리미확보,건조,맑음,단일로 - 기타,승용,남,26세,상해없음,승용,남,52세,경상
2019072300100501,2019년 7월 23일 17시,화요일,광주광역시 광산구 우산동,경상사고,0,0,2,0,차대차 - 측면충돌,차로위반,건조,맑음,단일로 - 기타,승용,남,50세,상해없음,승용,남,39세,경상
2019072300100569,2019년 7월 23일 19시,화요일,광주광역시 서구 광천동,경상사고,0,0,1,0,차대차 - 측면충돌,안전거리미확보,건조,맑음,단일로 - 기타,승용,남,18세,상해없음,승용,남,70세,경상
2019072300100570,2019년 7월 23일 19시,화요일,광주광역시 서구 마륵동,경상사고,0,0,1,0,차대차 - 추돌,안전운전불이행,건조,맑음,단일로 - 기타,승용,남,52세,상해없음,승용,여,54세,경상
2019072300100571,2019년 7월 23일 19시,화요일,광주광역시 광산구 우산동,경상사고,0,0,1,0,차대차 - 기타,안전운전불이행,건조,맑음,단일로 - 기타,승용,남,44세,상해없음,이륜,남,25세,경상
2019072300100643,2019년 7월 23일 21시,화요일,광주광역시 광산구 월계동,경상사고,0,0,4,0,차대차 - 추돌,안전거리미확보,건조,맑음,교차로 - 교차로부근,승용,남,47세,상해없음,승용,여,40세,경상
2019072300100652,2019년 7월 23일 22시,화요일,광주광역시 북구 장등동,경상사고,0,0,1,0,차대차 - 기타,안전운전불이행,건조,맑음,단일로 - 기타,승합,남,44세,상해없음,승용,남,23세,경상
2019072300100655,2019년 7월 23일 22시,화요일,광주광역시 광산구 도산동,부상신고사고,0,0,0,1,차량단독 - 기타,안전운전불이행,건조,맑음,교차로 - 교차로안,원동기,남,20세,상해없음,,,,
2019072400100035,2019년 7월 24일 00시,수요일,광주광역시 서구 화정동,경상사고,0,0,3,0,차대차 - 측면충돌,신호위반,건조,맑음,교차로 - 교차로안,승용,남,31세,상해없음,승용,남,51세,경상
2019072400100134,2019년 7월 24일 08시,수요일,광주광역시 서구 금호동,경상사고,0,0,2,0,차대차 - 기타,교차로운행방법위반,건조,맑음,교차로 - 교차로안,승합,남,68세,상해없음,승용,남,39세,경상
2019072400100135,2019년 7월 24일 08시,수요일,광주광역시 광산구 진곡동,경상사고,0,0,2,0,차대차 - 측면충돌,신호위반,건조,맑음,교차로 - 교차로안,승용,남,35세,경상,승용,남,34세,경상
2019072400100175,2019년 7월 24일 09시,수요일,광주광역시 남구 월산동,경상사고,0,0,1,0,차대사람 - 기타,안전운전불이행,건조,맑음,단일로 - 기타,기타불명,기타불명,미분류,기타불명,보행자,여,53세,경상
2019072400100208,2019년 7월 24일 10시,수요일,광주광역시 북구 우산동,부상신고사고,0,0,0,1,차대사람 - 횡단중,안전운전불이행,건조,맑음,교차로 - 교차로안,기타불명,기타불명,미분류,기타불명,보행자,여,29세,부상신고
2019072400100243,2019년 7월 24일 11시,수요일,광주광역시 북구 운암동,경상사고,0,0,1,0,차대사람 - 횡단중,보행자보호의무위반,건조,맑음,교차로 - 교차로횡단보도내,승용,남,41세,상해없음,보행자,남,22세,경상
2019072400100282,2019년 7월 24일 12시,수요일,광주광역시 북구 유동,경상사고,0,0,4,0,차대차 - 추돌,안전운전불이행,건조,맑음,교차로 - 교차로부근,승용,남,61세,상해없음,승용,여,39세,경상
2019072400100310,2019년 7월 24일 13시,수요일,광주광역시 서구 금호동,경상사고,0,0,2,0,차대차 - 기타,안전거리미확보,건조,맑음,단일로 - 기타,건설기계,남,59세,상해없음,승용,남,22세,경상
2019072400100311,2019년 7월 24일 13시,수요일,광주광역시 서구 치평동,경상사고,0,0,3,0,차대차 - 측면충돌,안전운전불이행,건조,맑음,교차로 - 교차로부근,이륜,남,54세,경상,승용,여,40세,경상
2019072400100312,2019년 7월 24일 13시,수요일,광주광역시 남구 행암동,경상사고,0,0,2,0,차대차 - 추돌,교차로운행방법위반,건조,맑음,교차로 - 교차로안,승용,여,27세,경상,승용,남,27세,경상
2019072400100313,2019년 7월 24일 13시,수요일,광주광역시 광산구 월전동,경상사고,0,0,1,0,차대차 - 기타,안전운전불이행,건조,맑음,단일로 - 기타,승용,남,31세,경상,승용,남,55세,상해없음
2019072400100355,2019년 7월 24일 14시,수요일,광주광역시 남구 주월동,경상사고,0,0,1,0,차대차 - 추돌,안전운전불이행,건조,맑음,단일로 - 기타,승용,여,67세,상해없음,승용,남,27세,경상
2019072400100356,2019년 7월 24일 14시,수요일,광주광역시 광산구 소촌동,경상사고,0,0,2,0,차대차 - 측면충돌,교차로운행방법위반,건조,맑음,교차로 - 교차로안,승용,여,39세,경상,승용,남,25세,경상
2019072400100404,2019년 7월 24일 15시,수요일,광주광역시 광산구 수완동,경상사고,0,0,3,0,차대차 - 측면충돌,교차로운행방법위반,건조,맑음,교차로 - 교차로안,승용,남,63세,경상,승용,여,63세,경상
2019072400100555,2019년 7월 24일 18시,수요일,광주광역시 서구 치평동,경상사고,0,0,1,0,차대차 - 추돌,안전운전불이행,건조,맑음,단일로 - 기타,승용,여,51세,상해없음,승용,여,42세,경상
2019072400100556,2019년 7월 24일 18시,수요일,광주광역시 광산구 수완동,경상사고,0,0,2,0,차대차 - 후진중충돌,안전운전불이행,건조,맑음,교차로 - 교차로안,승용,남,51세,상해없음,승용,남,42세,경상
2019072400100583,2019년 7월 24일 19시,수요일,광주광역시 북구 용봉동,경상사고,0,0,2,0,차대차 - 측면충돌,직진우회전진행방해,건조,맑음,교차로 - 교차로안,이륜,남,47세,경상,승용,남,61세,경상
2019072400100615,2019년 7월 24일 20시,수요일,광주광역시 서구 화정동,중상사고,0,1,0,0,차대사람 - 횡단중,보행자보호의무위반,건조,맑음,교차로 - 교차로부근,승용,남,60세,기타불명,보행자,여,31세,중상
2019072400100616,2019년 7월 24일 20시,수요일,광주광역시 남구 송하동,경상사고,0,0,4,0,차대차 - 추돌,안전운전불이행,건조,맑음,단일로 - 기타,승용,여,56세,상해없음,승용,여,48세,경상
2019072400100617,2019년 7월 24일 20시,수요일,광주광역시 북구 문흥동,경상사고,0,0,2,0,차대차 - 측면충돌,교차로운행방법위반,건조,맑음,교차로 - 교차로부근,화물,남,69세,상해없음,승용,남,29세,경상
2019072400100618,2019년 7월 24일 20시,수요일,광주광역시 북구 풍향동,경상사고,0,0,2,0,차대차 - 측면충돌,안전운전불이행,건조,맑음,단일로 - 기타,승용,여,52세,상해없음,승용,남,47세,경상
2019072400100619,2019년 7월 24일 20시,수요일,광주광역시 북구 용봉동,중상사고,0,1,0,0,차대사람 - 횡단중,보행자보호의무위반,건조,맑음,교차로 - 교차로횡단보도내,승용,남,43세,상해없음,보행자,남,54세,중상
2019072400100642,2019년 7월 24일 21시,수요일,광주광역시 서구 풍암동,경상사고,0,0,4,0,차대차 - 측면충돌,교차로운행방법위반,건조,맑음,교차로 - 교차로부근,승용,남,27세,상해없음,승용,남,22세,경상
2019072500100042,2019년 7월 25일 01시,목요일,광주광역시 남구 주월동,경상사고,0,0,1,0,차대차 - 측면충돌,안전운전불이행,건조,맑음,단일로 - 기타,승용,남,46세,상해없음,승용,여,44세,경상
2019072500100053,2019년 7월 25일 02시,목요일,광주광역시 서구 치평동,경상사고,0,0,1,0,차대사람 - 횡단중,보행자보호의무위반,건조,맑음,교차로 - 교차로횡단보도내,승용,남,38세,상해없음,보행자,남,45세,경상
2019072500100067,2019년 7월 25일 04시,목요일,광주광역시 북구 문흥동,경상사고,0,0,1,0,차대사람 - 횡단중,안전운전불이행,건조,맑음,교차로 - 교차로안,승용,남,34세,상해없음,보행자,여,76세,경상
2019072500100113,2019년 7월 25일 07시,목요일,광주광역시 북구 오룡동,경상사고,0,0,1,0,차대차 - 측면충돌,안전운전불이행,젖음/습기,맑음,교차로 - 교차로안,화물,남,52세,상해없음,승용,남,36세,경상
2019072500100149,2019년 7월 25일 08시,목요일,광주광역시 서구 치평동,경상사고,0,0,1,0,차대차 - 측면충돌,안전운전불이행,건조,맑음,교차로 - 교차로부근,화물,남,48세,상해없음,승용,여,53세,경상
2019072500100150,2019년 7월 25일 08시,목요일,광주광역시 북구 오치동,부상신고사고,0,0,0,1,차대차 - 추돌,안전거리미확보,건조,맑음,교차로 - 교차로안,승용,여,60세,상해없음,승용,여,42세,부상신고
2019072500100151,2019년 7월 25일 08시,목요일,광주광역시 광산구 신가동,경상사고,0,0,1,0,차대사람 - 횡단중,안전운전불이행,건조,맑음,교차로 - 교차로부근,승용,남,26세,상해없음,보행자,여,30세,경상
2019072500100208,2019년 7월 25일 10시,목요일,광주광역시 북구 운암동,경상사고,0,0,1,0,차대차 - 기타,신호위반,건조,맑음,교차로 - 교차로안,이륜,남,34세,경상,승용,남,39세,상해없음
2019072500100209,2019년 7월 25일 10시,목요일,광주광역시 광산구 월계동,경상사고,0,0,2,0,차대차 - 측면충돌,안전운전불이행,건조,맑음,단일로 - 기타,승용,남,49세,상해없음,승용,남,42세,경상
2019072500100210,2019년 7월 25일 10시,목요일,광주광역시 광산구 송정동,경상사고,0,0,1,0,차대차 - 기타,안전운전불이행,건조,맑음,단일로 - 기타,승용,남,35세,상해없음,자전거,여,47세,경상
2019072500100249,2019년 7월 25일 11시,목요일,광주광역시 북구 운암동,경상사고,0,0,1,1,차대차 - 측면충돌,신호위반,건조,맑음,교차로 - 교차로안,이륜,남,33세,부상신고,승용,여,42세,경상
2019072500100315,2019년 7월 25일 13시,목요일,광주광역시 북구 임동,경상사고,0,0,1,0,차대차 - 기타,안전운전불이행,건조,맑음,교차로 - 교차로안,이륜,남,38세,경상,화물,남,22세,상해없음
2019072500100380,2019년 7월 25일 15시,목요일,광주광역시 광산구 선암동,경상사고,0,0,1,0,차대사람 - 횡단중,보행자보호의무위반,건조,맑음,교차로 - 교차로횡단보도내,승용,남,73세,상해없음,보행자,남,8세,경상
2019072500100381,2019년 7월 25일 15시,목요일,광주광역시 광산구 월계동,경상사고,0,0,2,0,차대차 - 기타,안전거리미확보,건조,맑음,단일로 - 기타,승용,남,31세,상해없음,승용,남,41세,경상
2019072500100404,2019년 7월 25일 16시,목요일,광주광역시 북구 동림동,부상신고사고,0,0,0,1,차대차 - 기타,안전운전불이행,건조,맑음,단일로 - 기타,기타불명,기타불명,미분류,기타불명,이륜,남,31세,부상신고
2019072500100405,2019년 7월 25일 16시,목요일,광주광역시 광산구 신가동,중상사고,0,1,0,0,차대사람 - 길가장자리구역통행중,안전운전불이행,건조,맑음,단일로 - 기타,화물,남,39세,상해없음,보행자,남,10세,중상
2019072500100444,2019년 7월 25일 17시,목요일,광주광역시 서구 벽진동,경상사고,0,0,1,0,차대차 - 측면충돌,안전운전불이행,건조,맑음,교차로 - 교차로안,승용,남,46세,상해없음,승용,남,34세,경상
2019072500100445,2019년 7월 25일 17시,목요일,광주광역시 북구 임동,경상사고,0,0,1,0,차대차 - 측면충돌,교차로운행방법위반,건조,맑음,교차로 - 교차로안,승용,여,56세,상해없음,승용,남,31세,경상
2019072500100446,2019년 7월 25일 17시,목요일,광주광역시 북구 임동,경상사고,0,0,2,0,차대차 - 측면충돌,안전운전불이행,건조,맑음,단일로 - 기타,승용,남,64세,상해없음,승용,남,28세,경상
2019072500100531,2019년 7월 25일 19시,목요일,광주광역시 북구 동림동,경상사고,0,0,1,0,차대차 - 측면충돌,안전운전불이행,건조,맑음,교차로 - 교차로안,승용,남,63세,상해없음,승용,여,30세,경상
2019072500100532,2019년 7월 25일 19시,목요일,광주광역시 북구 동림동,중상사고,0,1,0,0,차대차 - 기타,교차로운행방법위반,건조,맑음,교차로 - 교차로안,승용,여,48세,상해없음,이륜,남,47세,중상
2019072500100533,2019년 7월 25일 19시,목요일,광주광역시 북구 용봉동,경상사고,0,0,2,0,차대차 - 측면충돌,안전운전불이행,건조,맑음,단일로 - 기타,승용,여,23세,경상,이륜,남,46세,경상
2019072500100563,2019년 7월 25일 20시,목요일,광주광역시 서구 농성동,경상사고,0,0,2,0,차대차 - 측면충돌,신호위반,건조,맑음,교차로 - 교차로안,승용,남,30세,상해없음,승용,여,33세,경상
2019072500100564,2019년 7월 25일 20시,목요일,광주광역시 서구 동천동,경상사고,0,0,1,0,차대사람 - 횡단중,기타,건조,흐림,교차로 - 교차로횡단보도내,승용,여,51세,상해없음,보행자,여,4세,경상
2019072500100611,2019년 7월 25일 22시,목요일,광주광역시 광산구 우산동,경상사고,0,0,2,0,차대차 - 측면충돌,신호위반,건조,맑음,교차로 - 교차로안,승용,남,62세,상해없음,승용,남,24세,경상
2019072500100633,2019년 7월 25일 23시,목요일,광주광역시 서구 쌍촌동,중상사고,0,1,1,0,차대차 - 정면충돌,신호위반,건조,맑음,교차로 - 교차로안,승용,남,38세,경상,이륜,남,26세,중상
2019072600100039,2019년 7월 26일 00시,금요일,광주광역시 북구 두암동,경상사고,0,0,1,0,차대사람 - 기타,안전운전불이행,건조,맑음,단일로 - 기타,승용,남,50세,상해없음,보행자,여,21세,경상
2019072600100040,2019년 7월 26일 00시,금요일,광주광역시 광산구 장덕동,중상사고,0,2,0,0,차량단독 - 기타,안전운전불이행,건조,맑음,단일로 - 기타,이륜,남,34세,중상,,,,
2019072600100054,2019년 7월 26일 01시,금요일,광주광역시 광산구 신창동,중상사고,0,1,2,0,차량단독 - 공작물충돌,안전운전불이행,건조,맑음,교차로 - 교차로안,승용,남,21세,경상,,,,
2019072600100094,2019년 7월 26일 06시,금요일,광주광역시 남구 송하동,경상사고,0,0,12,0,차대차 - 추돌,안전운전불이행,건조,맑음,교차로 - 교차로부근,승용,남,22세,경상,승합,남,62세,경상
2019072600100136,2019년 7월 26일 08시,금요일,광주광역시 동구 산수동,중상사고,0,1,0,0,차대사람 - 횡단중,안전운전불이행,건조,맑음,단일로 - 기타,승용,남,63세,상해없음,보행자,여,78세,중상
2019072600100137,2019년 7월 26일 08시,금요일,광주광역시 북구 풍향동,경상사고,0,0,2,1,차대차 - 측면충돌,차로위반,건조,맑음,교차로 - 교차로안,승용,남,61세,상해없음,승용,남,41세,경상
2019072600100171,2019년 7월 26일 09시,금요일,광주광역시 서구 치평동,경상사고,0,0,1,0,차대사람 - 횡단중,교차로운행방법위반,건조,맑음,교차로 - 교차로안,승용,남,67세,상해없음,보행자,여,82세,경상
2019072600100172,2019년 7월 26일 09시,금요일,광주광역시 광산구 월곡동,경상사고,0,0,1,0,차대차 - 기타,안전운전불이행,건조,맑음,교차로 - 교차로안,승용,여,39세,상해없음,자전거,남,62세,경상
2019072600100192,2019년 7월 26일 10시,금요일,광주광역시 동구 대인동,경상사고,0,0,2,0,차대차 - 측면충돌,차로위반,건조,맑음,교차로 - 교차로안,승용,남,52세,경상,승용,남,51세,경상
2019072600100221,2019년 7월 26일 11시,금요일,광주광역시 서구 덕흥동,경상사고,0,0,1,0,차대차 - 기타,안전운전불이행,젖음/습기,비,단일로 - 기타,기타불명,기타불명,미분류,기타불명,승용,여,47세,경상
2019072600100222,2019년 7월 26일 11시,금요일,광주광역시 북구 문흥동,중상사고,0,1,0,0,차대사람 - 횡단중,안전운전불이행,건조,맑음,교차로 - 교차로안,승용,남,81세,상해없음,보행자,남,81세,중상
2019072600100254,2019년 7월 26일 12시,금요일,광주광역시 북구 중흥동,경상사고,0,0,1,0,차대차 - 측면충돌,안전운전불이행,건조,맑음,교차로 - 교차로부근,승용,남,46세,상해없음,승용,여,26세,경상
2019072600100323,2019년 7월 26일 14시,금요일,광주광역시 광산구 신창동,경상사고,0,0,2,0,차대차 - 기타,중앙선침범,건조,맑음,단일로 - 기타,화물,남,55세,경상,승용,남,68세,경상
2019072600100324,2019년 7월 26일 14시,금요일,광주광역시 광산구 신창동,경상사고,0,0,2,0,차대차 - 측면충돌,중앙선침범,건조,맑음,단일로 - 기타,화물,남,55세,경상,승용,남,68세,경상
2019072600100368,2019년 7월 26일 15시,금요일,광주광역시 광산구 산정동,경상사고,0,0,1,0,차대차 - 후진중충돌,안전운전불이행,젖음/습기,흐림,단일로 - 기타,화물,남,19세,상해없음,승용,여,40세,경상
2019072600100403,2019년 7월 26일 16시,금요일,광주광역시 광산구 수완동,중상사고,0,1,3,0,차대차 - 정면충돌,교차로운행방법위반,건조,맑음,교차로 - 교차로안,승용,여,28세,상해없음,승용,여,49세,중상
2019072600100441,2019년 7월 26일 17시,금요일,광주광역시 남구 방림동,경상사고,0,0,3,0,차대차 - 추돌,안전거리미확보,건조,맑음,교차로 - 교차로부근,승용,여,49세,상해없음,승용,남,55세,경상
2019072600100483,2019년 7월 26일 18시,금요일,광주광역시 광산구 도천동,경상사고,0,0,2,0,차대차 - 측면충돌,교차로운행방법위반,젖음/습기,비,교차로 - 교차로안,승용,남,56세,상해없음,승용,여,55세,경상
2019072600100484,2019년 7월 26일 18시,금요일,광주광역시 광산구 월계동,경상사고,0,0,1,0,차대차 - 측면충돌,신호위반,젖음/습기,비,교차로 - 교차로안,승용,여,56세,상해없음,승용,남,51세,경상
2019072600100517,2019년 7월 26일 19시,금요일,광주광역시 서구 금호동,경상사고,0,0,1,0,차대차 - 기타,교차로운행방법위반,젖음/습기,비,교차로 - 교차로안,승합,남,57세,상해없음,승용,여,53세,경상
2019072600100518,2019년 7월 26일 19시,금요일,광주광역시 서구 쌍촌동,경상사고,0,0,3,0,차대차 - 측면충돌,안전운전불이행,젖음/습기,비,교차로 - 교차로안,승용,남,61세,경상,승용,남,58세,경상
2019072600100519,2019년 7월 26일 19시,금요일,광주광역시 광산구 장덕동,경상사고,0,0,1,0,차대차 - 측면충돌,안전운전불이행,젖음/습기,비,교차로 - 교차로안,승용,여,44세,상해없음,이륜,남,18세,경상
2019072600100520,2019년 7월 26일 19시,금요일,광주광역시 광산구 수완동,경상사고,0,0,2,0,차대차 - 측면충돌,신호위반,젖음/습기,비,교차로 - 교차로안,승용,남,37세,경상,승용,남,43세,경상
2019072600100556,2019년 7월 26일 20시,금요일,광주광역시 북구 두암동,경상사고,0,0,1,0,차대차 - 기타,안전운전불이행,젖음/습기,비,교차로 - 교차로안,승용,여,27세,상해없음,이륜,남,30세,경상
2019072600100557,2019년 7월 26일 20시,금요일,광주광역시 북구 신용동,중상사고,0,1,3,0,차대차 - 측면충돌,안전운전불이행,젖음/습기,비,교차로 - 교차로안,승용,남,46세,중상,승용,남,41세,경상
2019072600100558,2019년 7월 26일 20시,금요일,광주광역시 북구 두암동,중상사고,0,1,0,0,차량단독 - 기타,안전운전불이행,젖음/습기,비,교차로 - 교차로안,이륜,남,58세,중상,,,,
2019072600100590,2019년 7월 26일 21시,금요일,광주광역시 서구 유촌동,경상사고,0,0,1,0,차대차 - 기타,안전운전불이행,건조,맑음,단일로 - 기타,승용,여,21세,상해없음,승용,여,47세,경상
2019072600100625,2019년 7월 26일 22시,금요일,광주광역시 북구 신용동,경상사고,0,0,1,0,차대차 - 기타,안전운전불이행,젖음/습기,비,교차로 - 교차로부근,승용,남,36세,상해없음,이륜,남,43세,경상
2019072600100648,2019년 7월 26일 23시,금요일,광주광역시 동구 산수동,경상사고,0,0,1,0,차대차 - 측면충돌,안전운전불이행,건조,맑음,단일로 - 기타,승용,남,36세,상해없음,승용,남,24세,경상
2019072600100649,2019년 7월 26일 23시,금요일,광주광역시 광산구 하남동,경상사고,0,0,1,0,차대차 - 기타,안전운전불이행,건조,맑음,교차로 - 교차로안,승용,남,49세,상해없음,승용,남,57세,경상
2019072700100044,2019년 7월 27일 00시,토요일,광주광역시 동구 서석동,중상사고,0,1,0,0,차대사람 - 횡단중,신호위반,침수,비,교차로 - 교차로횡단보도내,승용,남,74세,상해없음,보행자,남,39세,중상
2019072700100045,2019년 7월 27일 00시,토요일,광주광역시 서구 치평동,경상사고,0,0,1,0,차대사람 - 기타,보행자보호의무위반,젖음/습기,비,단일로 - 기타,승용,남,48세,상해없음,보행자,남,26세,경상