사고번호,사고일시,요일,시군구,사고내용,사망자수,중상자수,경상자수,부상신고자수,사고유형,법규위반,노면상태,기상상태,도로형태,가해운전자 차종,가해운전자 성별,가해운전자 연령,가해운전자 상해정도,피해운전자 차종,피해운전자 성별,피해운전자 연령,피해운전자 상해정도
2019072700100046,2019년 7월 27일 00시,토요일,광주광역시 북구 연제동,중상사고,0,1,0,0,차대사람 - 기타,안전운전불이행,젖음/습기,비,단일로 - 기타,화물,남,39세,상해없음,보행자,남,50세,중상
2019072700100047,2019년 7월 27일 00시,토요일,광주광역시 광산구 장덕동,경상사고,0,0,1,0,차대차 - 기타,교차로운행방법위반,건조,맑음,교차로 - 교차로안,승용,남,58세,상해없음,승용,남,70세,경상
2019072700100068,2019년 7월 27일 01시,토요일,광주광역시 남구 주월동,경상사고,0,0,1,0,차량단독 - 기타,안전운전불이행,건조,맑음,단일로 - 고가도로위,승용,남,51세,상해없음,,,,
2019072700100069,2019년 7월 27일 01시,토요일,광주광역시 북구 오치동,경상사고,0,0,1,0,차대사람 - 기타,안전운전불이행,젖음/습기,비,단일로 - 기타,승용,남,27세,상해없음,보행자,남,25세,경상
2019072700100086,2019년 7월 27일 02시,토요일,광주광역시 동구 서석동,중상사고,0,1,0,1,차대사람 - 횡단중,신호위반,젖음/습기,비,교차로 - 교차로안,이륜,남,20세,부상신고,보행자,남,22세,중상
2019072700100087,2019년 7월 27일 02시,토요일,광주광역시 서구 벽진동,경상사고,0,0,1,0,차대차 - 측면충돌,안전운전불이행,젖음/습기,비,단일로 - 기타,승용,남,27세,상해없음,승용,남,53세,경상
2019072700100088,2019년 7월 27일 02시,토요일,광주광역시 광산구 우산동,경상사고,0,0,1,0,차량단독 - 공작물충돌,안전운전불이행,젖음/습기,비,단일로 - 기타,승용,남,61세,상해없음,,,,
2019072700100106,2019년 7월 27일 03시,토요일,광주광역시 광산구 신가동,경상사고,0,0,1,0,차대차 - 측면충돌,안전운전불이행,젖음/습기,비,단일로 - 기타,승용,남,44세,상해없음,승용,남,32세,경상
2019072700100128,2019년 7월 27일 05시,토요일,광주광역시 남구 노대동,중상사고,0,1,0,0,차량단독 - 공작물충돌,안전운전불이행,젖음/습기,흐림,교차로 - 교차로안,승용,남,22세,상해없음,,,,
2019072700100129,2019년 7월 27일 05시,토요일,광주광역시 북구 두암동,중상사고,0,1,0,0,차대사람 - 기타,안전운전불이행,젖음/습기,흐림,단일로 - 기타,승용,여,49세,상해없음,보행자,남,80세,중상
2019072700100267,2019년 7월 27일 11시,토요일,광주광역시 서구 양동,경상사고,0,0,1,0,차대사람 - 기타,신호위반,젖음/습기,흐림,단일로 - 기타,이륜,남,48세,상해없음,보행자,여,9세,경상
2019072700100268,2019년 7월 27일 11시,토요일,광주광역시 동구 계림동,경상사고,0,0,1,0,차대차 - 기타,안전운전불이행,젖음/습기,비,교차로 - 교차로안,원동기,남,66세,경상,승용,남,54세,상해없음
2019072700100269,2019년 7월 27일 11시,토요일,광주광역시 광산구 수완동,경상사고,0,0,2,0,차대차 - 측면충돌,안전운전불이행,건조,맑음,단일로 - 기타,승용,여,48세,상해없음,승용,여,36세,경상
2019072700100305,2019년 7월 27일 12시,토요일,광주광역시 북구 매곡동,중상사고,0,1,2,0,차대차 - 측면충돌,안전운전불이행,건조,흐림,교차로 - 교차로안,승용,남,55세,경상,승용,여,52세,중상
2019072700100306,2019년 7월 27일 12시,토요일,광주광역시 광산구 선암동,경상사고,0,0,2,0,차대차 - 측면충돌,안전거리미확보,젖음/습기,비,단일로 - 기타,화물,남,61세,상해없음,승용,남,66세,경상
2019072700100341,2019년 7월 27일 13시,토요일,광주광역시 서구 쌍촌동,경상사고,0,0,4,0,차대차 - 측면충돌,안전거리미확보,젖음/습기,비,교차로 - 교차로부근,화물,남,60세,상해없음,승용,남,47세,경상
2019072700100374,2019년 7월 27일 14시,토요일,광주광역시 서구 치평동,경상사고,0,0,1,0,차대사람 - 기타,안전운전불이행,건조,맑음,단일로 - 기타,화물,남,54세,상해없음,보행자,남,59세,경상
2019072700100375,2019년 7월 27일 14시,토요일,광주광역시 서구 광천동,경상사고,0,0,1,0,차대차 - 측면충돌,차로위반,건조,맑음,단일로 - 기타,승용,여,54세,기타불명,승용,남,77세,경상
2019072700100376,2019년 7월 27일 14시,토요일,광주광역시 광산구 오선동,경상사고,0,0,1,0,차대차 - 측면충돌,안전거리미확보,건조,흐림,단일로 - 기타,화물,남,30세,상해없음,화물,남,59세,경상
2019072700100439,2019년 7월 27일 16시,토요일,광주광역시 서구 금호동,경상사고,0,0,2,0,차대차 - 측면충돌,직진우회전진행방해,건조,흐림,교차로 - 교차로안,승용,여,61세,기타불명,승용,여,39세,경상
2019072700100539,2019년 7월 27일 19시,토요일,광주광역시 서구 치평동,경상사고,0,0,1,0,차대차 - 측면충돌,차로위반,건조,맑음,단일로 - 기타,승용,남,18세,상해없음,이륜,남,54세,경상
2019072700100540,2019년 7월 27일 19시,토요일,광주광역시 북구 용봉동,경상사고,0,0,2,0,차대차 - 측면충돌,신호위반,건조,맑음,교차로 - 교차로안,원동기,남,26세,경상,승용,남,42세,경상
2019072700100581,2019년 7월 27일 20시,토요일,광주광역시 북구 본촌동,경상사고,0,0,2,0,차대차 - 추돌,교차로운행방법위반,건조,맑음,교차로 - 교차로안,승용,남,28세,상해없음,승용,여,32세,경상
2019072700100582,2019년 7월 27일 20시,토요일,광주광역시 광산구 송정동,경상사고,0,0,1,0,차대사람 - 횡단중,보행자보호의무위반,젖음/습기,흐림,교차로 - 교차로횡단보도내,승용,남,61세,상해없음,보행자,여,59세,경상
2019072700100609,2019년 7월 27일 21시,토요일,광주광역시 동구 학동,경상사고,0,0,1,0,차대차 - 측면충돌,신호위반,건조,맑음,교차로 - 교차로안,승용,남,57세,상해없음,승용,남,52세,경상
2019072700100610,2019년 7월 27일 21시,토요일,광주광역시 동구 금남로5가,경상사고,0,0,1,0,차대사람 - 횡단중,신호위반,건조,흐림,교차로 - 교차로횡단보도내,승용,남,63세,상해없음,보행자,남,42세,경상
2019072700100611,2019년 7월 27일 21시,토요일,광주광역시 서구 화정동,경상사고,0,0,1,0,차대차 - 후진중충돌,안전운전불이행,젖음/습기,비,단일로 - 기타,승용,남,23세,상해없음,승용,남,49세,경상
2019072700100648,2019년 7월 27일 22시,토요일,광주광역시 서구 치평동,경상사고,0,0,1,0,차대차 - 기타,차로위반,건조,맑음,단일로 - 기타,승용,여,47세,상해없음,승용,여,23세,경상
2019072800100030,2019년 7월 28일 00시,일요일,광주광역시 서구 쌍촌동,중상사고,0,1,2,0,차대차 - 추돌,안전거리미확보,건조,맑음,단일로 - 기타,이륜,남,17세,중상,이륜,남,26세,경상
2019072800100031,2019년 7월 28일 00시,일요일,광주광역시 북구 용봉동,경상사고,0,0,1,0,차대차 - 측면충돌,안전운전불이행,건조,맑음,교차로 - 교차로안,승합,여,47세,상해없음,이륜,남,17세,경상
2019072800100045,2019년 7월 28일 01시,일요일,광주광역시 서구 치평동,경상사고,0,0,1,0,차대차 - 측면충돌,안전운전불이행,건조,맑음,단일로 - 기타,승용,남,27세,상해없음,승용,남,28세,경상
2019072800100046,2019년 7월 28일 01시,일요일,광주광역시 서구 화정동,경상사고,0,0,1,0,차대차 - 추돌,안전운전불이행,건조,맑음,교차로 - 교차로부근,승용,남,67세,상해없음,승용,남,58세,경상
2019072800100066,2019년 7월 28일 03시,일요일,광주광역시 동구 계림동,사망사고,1,0,1,0,차대사람 - 횡단중,안전운전불이행,젖음/습기,비,교차로 - 교차로안,승용,남,28세,상해없음,보행자,남,19세,사망
2019072800100076,2019년 7월 28일 04시,일요일,광주광역시 남구 주월동,경상사고,0,0,1,0,차대차 - 측면충돌,안전거리미확보,건조,맑음,교차로 - 교차로부근,승용,여,29세,상해없음,승용,여,20세,경상
2019072800100094,2019년 7월 28일 06시,일요일,광주광역시 서구 유촌동,경상사고,0,0,2,0,차대차 - 추돌,안전운전불이행,건조,맑음,교차로 - 교차로부근,승용,남,49세,상해없음,승용,남,47세,경상
2019072800100122,2019년 7월 28일 09시,일요일,광주광역시 광산구 신창동,경상사고,0,0,6,0,차대차 - 측면충돌,신호위반,젖음/습기,비,교차로 - 교차로안,승용,여,49세,경상,승용,남,45세,경상
2019072800100222,2019년 7월 28일 14시,일요일,광주광역시 광산구 우산동,경상사고,0,0,1,0,차대차 - 기타,안전운전불이행,건조,맑음,교차로 - 교차로안,승용,남,51세,상해없음,자전거,남,73세,경상
2019072800100253,2019년 7월 28일 15시,일요일,광주광역시 동구 산수동,경상사고,0,0,6,0,차대차 - 측면충돌,교차로운행방법위반,건조,맑음,교차로 - 교차로안,승용,남,22세,상해없음,승용,남,31세,경상
2019072800100254,2019년 7월 28일 15시,일요일,광주광역시 서구 유촌동,경상사고,0,0,1,0,차대차 - 측면충돌,안전거리미확보,건조,맑음,교차로 - 교차로부근,승용,여,41세,상해없음,승용,남,27세,경상
2019072800100275,2019년 7월 28일 16시,일요일,광주광역시 북구 용전동,중상사고,0,1,0,0,차대차 - 측면충돌,안전운전불이행,건조,맑음,기타 - 기타,승용,여,59세,상해없음,자전거,남,59세,중상
2019072800100276,2019년 7월 28일 16시,일요일,광주광역시 광산구 도산동,경상사고,0,0,3,0,차대차 - 측면충돌,안전운전불이행,건조,맑음,단일로 - 기타,승용,여,50세,상해없음,승용,여,47세,경상
2019072800100331,2019년 7월 28일 18시,일요일,광주광역시 동구 소태동,경상사고,0,0,2,0,차대차 - 추돌,안전거리미확보,건조,맑음,기타 - 기타,화물,남,70세,상해없음,승용,남,40세,경상
2019072800100332,2019년 7월 28일 18시,일요일,광주광역시 광산구 도천동,중상사고,0,1,2,0,차대차 - 측면충돌,직진우회전진행방해,건조,맑음,교차로 - 교차로안,승용,남,30세,경상,승용,남,59세,경상
2019072800100358,2019년 7월 28일 19시,일요일,광주광역시 동구 소태동,경상사고,0,0,2,0,차대차 - 추돌,안전거리미확보,젖음/습기,맑음,단일로 - 기타,승용,남,61세,상해없음,승용,여,49세,경상
2019072800100359,2019년 7월 28일 19시,일요일,광주광역시 북구 용봉동,경상사고,0,0,1,0,차대차 - 기타,차로위반,건조,맑음,단일로 - 기타,승용,여,40세,상해없음,승용,남,27세,경상
2019072800100382,2019년 7월 28일 20시,일요일,광주광역시 광산구 신가동,부상신고사고,0,0,0,1,차대차 - 측면충돌,차로위반,건조,맑음,단일로 - 기타,승용,남,59세,상해없음,승용,여,38세,부상신고
2019072800100419,2019년 7월 28일 22시,일요일,광주광역시 광산구 월계동,경상사고,0,0,1,3,차대차 - 측면충돌,안전거리미확보,건조,맑음,단일로 - 기타,승용,남,63세,경상,승용,남,19세,부상신고
2019072800100431,2019년 7월 28일 23시,일요일,광주광역시 북구 신안동,경상사고,0,0,2,0,차대차 - 추돌,안전운전불이행,건조,맑음,단일로 - 기타,승용,여,39세,상해없음,승용,남,56세,경상
2019072900100128,2019년 7월 29일 08시,월요일,광주광역시 동구 학동,경상사고,0,0,1,0,차대차 - 기타,안전거리미확보,건조,맑음,단일로 - 기타,승용,남,65세,기타불명,승합,남,41세,상해없음
2019072900100129,2019년 7월 29일 08시,월요일,광주광역시 광산구 신창동,중상사고,0,1,3,0,차대차 - 기타,안전거리미확보,건조,맑음,단일로 - 기타,승용,남,65세,경상,승용,남,43세,경상
2019072900100163,2019년 7월 29일 09시,월요일,광주광역시 서구 쌍촌동,경상사고,0,0,1,0,차대사람 - 기타,안전운전불이행,건조,맑음,단일로 - 기타,승합,여,45세,상해없음,보행자,남,19세,경상
2019072900100199,2019년 7월 29일 10시,월요일,광주광역시 서구 풍암동,경상사고,0,0,3,0,차대차 - 측면충돌,안전운전불이행,건조,맑음,교차로 - 교차로부근,승용,남,36세,경상,승용,여,61세,경상
2019072900100200,2019년 7월 29일 10시,월요일,광주광역시 남구 주월동,경상사고,0,0,2,0,차대차 - 측면충돌,안전거리미확보,건조,맑음,교차로 - 교차로부근,승용,여,62세,상해없음,승용,여,66세,경상
2019072900100233,2019년 7월 29일 11시,월요일,광주광역시 광산구 신창동,중상사고,0,1,0,0,차대차 - 기타,교차로운행방법위반,건조,맑음,교차로 - 교차로안,승용,여,40세,상해없음,승용,여,78세,중상
2019072900100302,2019년 7월 29일 13시,월요일,광주광역시 북구 오치동,경상사고,0,0,3,0,차대차 - 측면충돌,안전운전불이행,건조,맑음,교차로 - 교차로안,승용,남,72세,상해없음,승용,남,30세,경상
2019072900100303,2019년 7월 29일 13시,월요일,광주광역시 광산구 수완동,중상사고,0,1,0,0,차대차 - 추돌,신호위반,건조,맑음,단일로 - 기타,승용,여,40세,상해없음,자전거,남,54세,중상
2019072900100345,2019년 7월 29일 14시,월요일,광주광역시 남구 송하동,경상사고,0,0,3,0,차대차 - 기타,안전운전불이행,건조,맑음,단일로 - 기타,화물,남,55세,상해없음,승용,여,23세,경상
2019072900100346,2019년 7월 29일 14시,월요일,광주광역시 광산구 신가동,경상사고,0,0,4,0,차대차 - 기타,안전운전불이행,건조,맑음,교차로 - 교차로부근,이륜,남,20세,경상,승용,남,43세,경상
2019072900100397,2019년 7월 29일 15시,월요일,광주광역시 남구 방림동,부상신고사고,0,0,0,1,차대사람 - 차도통행중,안전운전불이행,건조,맑음,단일로 - 기타,승용,남,55세,상해없음,보행자,여,78세,부상신고
2019072900100398,2019년 7월 29일 15시,월요일,광주광역시 북구 두암동,경상사고,0,0,2,1,차대차 - 기타,안전운전불이행,건조,맑음,교차로 - 교차로안,승용,여,60세,상해없음,승용,남,32세,경상
2019072900100399,2019년 7월 29일 15시,월요일,광주광역시 북구 운암동,경상사고,0,0,2,0,차대차 - 측면충돌,교차로운행방법위반,건조,맑음,교차로 - 교차로안,승용,남,23세,기타불명,승용,남,38세,경상
2019072900100400,2019년 7월 29일 15시,월요일,광주광역시 광산구 수완동,경상사고,0,0,1,0,차대차 - 기타,안전거리미확보,건조,맑음,단일로 - 기타,승용,여,34세,상해없음,승용,남,24세,경상
2019072900100443,2019년 7월 29일 16시,월요일,광주광역시 동구 금남로1가,경상사고,0,0,1,0,차대차 - 기타,안전운전불이행,건조,맑음,기타 - 기타,승용,남,60세,상해없음,자전거,여,35세,경상
2019072900100484,2019년 7월 29일 17시,월요일,광주광역시 서구 치평동,중상사고,0,1,0,0,차대사람 - 횡단중,보행자보호의무위반,건조,맑음,교차로 - 교차로안,승용,남,51세,상해없음,보행자,남,14세,중상
2019072900100485,2019년 7월 29일 17시,월요일,광주광역시 서구 덕흥동,경상사고,0,0,6,0,차대차 - 추돌,안전거리미확보,건조,맑음,단일로 - 기타,승용,남,53세,상해없음,승용,남,41세,상해없음
2019072900100486,2019년 7월 29일 17시,월요일,광주광역시 서구 광천동,경상사고,0,0,1,0,차대차 - 기타,안전운전불이행,건조,맑음,단일로 - 기타,승용,남,72세,상해없음,화물,남,38세,상해없음
2019072900100542,2019년 7월 29일 18시,월요일,광주광역시 남구 주월동,경상사고,0,0,1,0,차대차 - 측면충돌,안전운전불이행,건조,맑음,교차로 - 교차로안,승용,남,53세,기타불명,승용,남,55세,경상
2019072900100606,2019년 7월 29일 20시,월요일,광주광역시 북구 중흥동,경상사고,0,0,1,0,차대사람 - 기타,안전운전불이행,건조,맑음,단일로 - 기타,승용,남,57세,상해없음,보행자,여,54세,경상
2019072900100607,2019년 7월 29일 20시,월요일,광주광역시 북구 용봉동,경상사고,0,0,1,0,차대차 - 측면충돌,신호위반,건조,맑음,단일로 - 기타,승용,여,50세,상해없음,승용,여,51세,경상
2019072900100642,2019년 7월 29일 21시,월요일,광주광역시 북구 양산동,중상사고,0,2,1,0,차대차 - 추돌,안전운전불이행,건조,맑음,교차로 - 교차로부근,승용,남,59세,경상,승용,남,43세,중상
2019073000100036,2019년 7월 30일 00시,화요일,광주광역시 서구 내방동,부상신고사고,0,0,0,1,차대차 - 기타,안전운전불이행,건조,맑음,단일로 - 기타,이륜,남,17세,부상신고,승용,남,52세,상해없음
2019073000100080,2019년 7월 30일 06시,화요일,광주광역시 북구 각화동,경상사고,0,0,2,0,차대차 - 후진중충돌,안전운전불이행,건조,맑음,주차장 - 주차장,화물,남,72세,상해없음,승용,남,38세,경상
2019073000100110,2019년 7월 30일 07시,화요일,광주광역시 북구 운암동,경상사고,0,0,2,0,차대차 - 측면충돌,안전운전불이행,건조,맑음,교차로 - 교차로안,화물,남,28세,경상,승용,남,73세,경상
2019073000100134,2019년 7월 30일 08시,화요일,광주광역시 남구 양림동,경상사고,0,0,1,0,차대차 - 측면충돌,안전운전불이행,건조,맑음,교차로 - 교차로안,승용,여,46세,상해없음,승용,여,51세,경상
2019073000100173,2019년 7월 30일 09시,화요일,광주광역시 북구 두암동,경상사고,0,0,1,0,차대사람 - 횡단중,교차로운행방법위반,건조,맑음,교차로 - 교차로안,승용,남,72세,상해없음,보행자,여,58세,경상
2019073000100174,2019년 7월 30일 09시,화요일,광주광역시 광산구 소촌동,경상사고,0,0,1,0,차대차 - 기타,안전운전불이행,건조,맑음,교차로 - 교차로안,화물,남,40세,상해없음,승용,여,42세,경상
2019073000100201,2019년 7월 30일 10시,화요일,광주광역시 동구 서석동,경상사고,0,0,2,0,차대차 - 측면충돌,차로위반,건조,맑음,단일로 - 기타,승용,여,57세,경상,승용,남,69세,상해없음
2019073000100233,2019년 7월 30일 11시,화요일,광주광역시 서구 유촌동,경상사고,0,0,2,0,차대차 - 추돌,안전운전불이행,건조,맑음,교차로 - 교차로부근,승용,여,40세,상해없음,승용,여,45세,경상
2019073000100319,2019년 7월 30일 13시,화요일,광주광역시 광산구 운남동,경상사고,0,0,2,0,차대차 - 측면충돌,교차로운행방법위반,건조,맑음,교차로 - 교차로부근,승용,여,49세,상해없음,화물,남,70세,경상
2019073000100320,2019년 7월 30일 13시,화요일,광주광역시 광산구 수완동,경상사고,0,0,1,0,차대차 - 측면충돌,차로위반,건조,맑음,교차로 - 교차로부근,승용,남,70세,상해없음,승용,여,33세,경상
2019073000100365,2019년 7월 30일 14시,화요일,광주광역시 서구 풍암동,경상사고,0,0,1,0,차대차 - 측면충돌,안전거리미확보,건조,맑음,단일로 - 기타,승용,남,78세,상해없음,승용,남,30세,경상
2019073000100366,2019년 7월 30일 14시,화요일,광주광역시 북구 두암동,경상사고,0,0,1,0,차대차 - 기타,안전운전불이행,건조,맑음,교차로 - 교차로부근,승용,여,59세,상해없음,이륜,남,78세,경상
2019073000100367,2019년 7월 30일 14시,화요일,광주광역시 광산구 운남동,경상사고,0,0,2,0,차대사람 - 차도통행중,안전운전불이행,건조,맑음,교차로 - 교차로안,승용,남,50세,상해없음,보행자,여,29세,경상
2019073000100406,2019년 7월 30일 15시,화요일,광주광역시 북구 두암동,경상사고,0,0,1,1,차대차 - 측면충돌,안전운전불이행,건조,맑음,교차로 - 교차로안,화물,남,51세,부상신고,화물,남,76세,경상
2019073000100499,2019년 7월 30일 17시,화요일,광주광역시 남구 월산동,경상사고,0,0,2,0,차대차 - 측면충돌,신호위반,건조,맑음,교차로 - 교차로안,승용,여,59세,상해없음,승용,남,50세,경상
2019073000100500,2019년 7월 30일 17시,화요일,광주광역시 광산구 송정동,경상사고,0,0,1,0,차대차 - 기타,중앙선침범,건조,맑음,교차로 - 교차로안,원동기,여,30세,경상,승용,남,31세,상해없음
2019073000100545,2019년 7월 30일 18시,화요일,광주광역시 북구 동림동,부상신고사고,0,0,0,1,차대차 - 기타,안전운전불이행,건조,맑음,단일로 - 기타,화물,남,63세,상해없음,이륜,남,22세,부상신고
2019073000100606,2019년 7월 30일 20시,화요일,광주광역시 남구 임암동,경상사고,0,0,5,0,차대차 - 추돌,안전운전불이행,건조,맑음,단일로 - 기타,승용,남,30세,상해없음,승용,남,39세,경상
2019073000100636,2019년 7월 30일 21시,화요일,광주광역시 서구 쌍촌동,경상사고,0,0,1,0,차대차 - 기타,안전운전불이행,건조,맑음,교차로 - 교차로부근,승용,남,49세,상해없음,승용,여,43세,상해없음
2019073000100637,2019년 7월 30일 21시,화요일,광주광역시 북구 문흥동,중상사고,0,1,0,0,차대차 - 기타,안전운전불이행,건조,맑음,단일로 - 기타,승용,남,74세,상해없음,승용,남,31세,기타불명
2019073100100059,2019년 7월 31일 03시,수요일,광주광역시 광산구 신창동,경상사고,0,0,1,0,차대차 - 측면충돌,신호위반,건조,맑음,교차로 - 교차로안,승용,남,27세,상해없음,승용,남,23세,경상
2019073100100248,2019년 7월 31일 11시,수요일,광주광역시 서구 유촌동,경상사고,0,0,1,0,차대차 - 측면충돌,안전거리미확보,건조,맑음,단일로 - 기타,승용,여,60세,상해없음,승용,남,35세,경상
2019073100100289,2019년 7월 31일 12시,수요일,광주광역시 광산구 월계동,경상사고,0,0,1,0,차대차 - 기타,안전운전불이행,건조,맑음,교차로 - 교차로부근,기타불명,기타불명,미분류,기타불명,승용,여,54세,경상
2019073100100348,2019년 7월 31일 14시,수요일,광주광역시 남구 주월동,경상사고,0,0,1,0,차대사람 - 기타,안전운전불이행,건조,맑음,단일로 - 기타,승용,남,64세,상해없음,보행자,남,24세,경상
2019073100100381,2019년 7월 31일 15시,수요일,광주광역시 남구 송하동,경상사고,0,0,1,0,차대차 - 측면충돌,안전거리미확보,건조,맑음,단일로 - 기타,화물,남,56세,상해없음,승용,여,51세,경상
2019073100100382,2019년 7월 31일 15시,수요일,광주광역시 북구 신안동,중상사고,0,1,0,0,차대차 - 측면충돌,안전운전불이행,건조,맑음,교차로 - 교차로부근,화물,남,34세,상해없음,자전거,남,81세,중상
2019073100100383,2019년 7월 31일 15시,수요일,광주광역시 광산구 송정동,사망사고,1,0,1,0,차대차 - 측면충돌,안전거리미확보,건조,맑음,단일로 - 기타,이륜,여,70세,사망,승용,남,24세,경상
2019073100100384,2019년 7월 31일 15시,수요일,광주광역시 광산구 월계동,경상사고,0,0,1,0,차대차 - 측면충돌,안전운전불이행,건조,맑음,단일로 - 기타,승용,여,27세,상해없음,승용,남,41세,경상
2019073100100419,2019년 7월 31일 16시,수요일,광주광역시 동구 동명동,경상사고,0,0,1,0,차대차 - 기타,교차로운행방법위반,건조,맑음,교차로 - 교차로안,승용,남,23세,상해없음,승용,여,40세,경상
2019073100100420,2019년 7월 31일 16시,수요일,광주광역시 북구 대촌동,경상사고,0,0,2,0,차대차 - 측면충돌,교차로운행방법위반,건조,맑음,교차로 - 교차로안,승용,남,43세,상해없음,승용,여,51세,경상
2019073100100421,2019년 7월 31일 16시,수요일,광주광역시 광산구 서봉동,부상신고사고,0,0,0,2,차대차 - 추돌,안전운전불이행,건조,맑음,교차로 - 교차로부근,화물,남,48세,부상신고,화물,남,48세,부상신고
2019073100100512,2019년 7월 31일 18시,수요일,광주광역시 남구 백운동,경상사고,0,0,1,0,차대차 - 측면충돌,신호위반,건조,맑음,교차로 - 교차로횡단보도내,승용,여,31세,상해없음,자전거,여,51세,경상
2019073100100513,2019년 7월 31일 18시,수요일,광주광역시 북구 동림동,경상사고,0,0,2,0,차대차 - 기타,신호위반,건조,맑음,교차로 - 교차로안,승용,여,23세,상해없음,승용,남,29세,경상
2019073100100514,2019년 7월 31일 18시,수요일,광주광역시 광산구 월곡동,중상사고,0,1,0,0,차대차 - 측면충돌,불법유턴,건조,맑음,교차로 - 교차로안,승합,여,61세,상해없음,원동기,남,21세,중상
2019073100100587,2019년 7월 31일 20시,수요일,광주광역시 서구 쌍촌동,경상사고,0,0,3,0,차대차 - 측면충돌,안전운전불이행,건조,흐림,단일로 - 지하차도(도로)내,승용,남,26세,상해없음,승용,여,55세,경상
2019073100100623,2019년 7월 31일 21시,수요일,광주광역시 북구 운암동,경상사고,0,0,5,0,차대차 - 기타,안전운전불이행,건조,맑음,단일로 - 고가도로위,승용,남,51세,상해없음,승용,여,19세,경상
2019073100100655,2019년 7월 31일 22시,수요일,광주광역시 서구 화정동,경상사고,0,0,1,0,차대차 - 기타,안전운전불이행,건조,맑음,단일로 - 기타,개인형이동수단(PM),남,29세,경상,화물,남,53세,상해없음
2019073100100656,2019년 7월 31일 22시,수요일,광주광역시 남구 주월동,경상사고,0,0,1,0,차대차 - 측면충돌,안전운전불이행,건조,맑음,교차로 - 교차로안,승용,여,44세,상해없음,승용,남,60세,경상
2019073100100657,2019년 7월 31일 22시,수요일,광주광역시 광산구 쌍암동,경상사고,0,0,2,0,차량단독 - 공작물충돌,안전운전불이행,건조,맑음,교차로 - 교차로부근,승용,남,60세,상해없음,,,,
2019080100100035,2019년 8월 1일 00시,목요일,광주광역시 서구 치평동,중상사고,0,1,0,0,차대사람 - 횡단중,보행자보호의무위반,건조,맑음,교차로 - 교차로횡단보도내,승용,남,28세,상해없음,보행자,여,24세,중상
2019080100100036,2019년 8월 1일 00시,목요일,광주광역시 남구 월산동,경상사고,0,0,1,0,차대차 - 추돌,안전운전불이행,건조,맑음,단일로 - 기타,승용,남,22세,상해없음,승용,여,38세,경상
2019080100100050,2019년 8월 1일 01시,목요일,광주광역시 광산구 월계동,경상사고,0,0,1,0,차대사람 - 기타,보행자보호의무위반,건조,맑음,교차로 - 교차로횡단보도내,승용,여,26세,상해없음,보행자,남,41세,경상
2019080100100067,2019년 8월 1일 03시,목요일,광주광역시 서구 금호동,경상사고,0,0,2,0,차대차 - 측면충돌,안전운전불이행,건조,맑음,교차로 - 교차로부근,승용,남,46세,상해없음,승용,남,44세,경상
2019080100100154,2019년 8월 1일 08시,목요일,광주광역시 남구 진월동,경상사고,0,0,1,0,차대차 - 추돌,안전거리미확보,건조,맑음,단일로 - 기타,승용,남,60세,상해없음,승용,남,31세,경상
2019080100100221,2019년 8월 1일 10시,목요일,광주광역시 광산구 수완동,경상사고,0,0,1,0,차대사람 - 차도통행중,안전운전불이행,건조,맑음,단일로 - 기타,승용,남,22세,상해없음,보행자,여,23세,경상
2019080100100259,2019년 8월 1일 11시,목요일,광주광역시 북구 삼각동,경상사고,0,0,4,0,차대차 - 기타,안전운전불이행,건조,맑음,단일로 - 기타,승용,여,46세,경상,승합,남,53세,경상
2019080100100299,2019년 8월 1일 12시,목요일,광주광역시 북구 신용동,중상사고,0,1,0,0,차대차 - 추돌,안전운전불이행,건조,맑음,기타 - 기타,화물,남,52세,상해없음,화물,남,48세,중상
2019080100100300,2019년 8월 1일 12시,목요일,광주광역시 광산구 수완동,중상사고,0,1,3,0,차대차 - 추돌,과속,건조,맑음,단일로 - 기타,승용,남,26세,경상,승용,남,52세,상해없음
2019080100100301,2019년 8월 1일 12시,목요일,광주광역시 광산구 신창동,경상사고,0,0,5,0,차대차 - 추돌,안전운전불이행,건조,맑음,단일로 - 기타,승용,남,41세,상해없음,승합,여,38세,경상
2019080100100337,2019년 8월 1일 13시,목요일,광주광역시 광산구 수완동,경상사고,0,0,7,0,차대차 - 측면충돌,안전거리미확보,건조,맑음,단일로 - 기타,승용,남,52세,경상,승용,남,19세,경상
2019080100100373,2019년 8월 1일 14시,목요일,광주광역시 동구 소태동,경상사고,0,0,1,0,차대차 - 측면충돌,안전거리미확보,건조,맑음,단일로 - 기타,승용,남,19세,상해없음,승용,여,32세,경상
2019080100100374,2019년 8월 1일 14시,목요일,광주광역시 북구 두암동,경상사고,0,0,3,0,차대차 - 측면충돌,교차로운행방법위반,건조,맑음,교차로 - 교차로안,화물,남,31세,경상,승용,여,58세,경상
2019080100100402,2019년 8월 1일 15시,목요일,광주광역시 서구 매월동,경상사고,0,0,3,0,차대차 - 측면충돌,교차로운행방법위반,건조,맑음,교차로 - 교차로안,화물,남,52세,경상,승용,남,31세,경상