사고번호,사고일시,요일,시군구,사고내용,사망자수,중상자수,경상자수,부상신고자수,사고유형,법규위반,노면상태,기상상태,도로형태,가해운전자 차종,가해운전자 성별,가해운전자 연령,가해운전자 상해정도,피해운전자 차종,피해운전자 성별,피해운전자 연령,피해운전자 상해정도
2019080100100403,2019년 8월 1일 15시,목요일,광주광역시 광산구 서봉동,중상사고,0,1,11,0,차대차 - 측면충돌,안전운전불이행,건조,맑음,단일로 - 기타,승용,여,37세,경상,승용,남,36세,경상
2019080100100456,2019년 8월 1일 16시,목요일,광주광역시 동구 용산동,경상사고,0,0,2,0,차대차 - 기타,안전운전불이행,건조,맑음,교차로 - 교차로부근,승합,남,63세,상해없음,승용,남,52세,경상
2019080100100490,2019년 8월 1일 17시,목요일,광주광역시 북구 운암동,경상사고,0,0,1,0,차대차 - 기타,교차로운행방법위반,건조,맑음,교차로 - 교차로안,승합,남,67세,상해없음,이륜,남,39세,경상
2019080100100491,2019년 8월 1일 17시,목요일,광주광역시 광산구 장덕동,부상신고사고,0,0,0,1,차대차 - 추돌,안전거리미확보,건조,맑음,단일로 - 기타,승용,남,28세,상해없음,승용,남,29세,상해없음
2019080100100573,2019년 8월 1일 19시,목요일,광주광역시 서구 치평동,경상사고,0,0,2,0,차대차 - 측면충돌,안전운전불이행,건조,맑음,단일로 - 기타,승용,남,25세,상해없음,승용,여,50세,경상
2019080100100574,2019년 8월 1일 19시,목요일,광주광역시 북구 양산동,경상사고,0,0,1,0,차대차 - 측면충돌,차로위반,건조,맑음,단일로 - 기타,이륜,남,51세,경상,승용,남,24세,상해없음
2019080100100613,2019년 8월 1일 20시,목요일,광주광역시 동구 궁동,경상사고,0,0,2,0,차대차 - 추돌,안전거리미확보,건조,맑음,교차로 - 교차로부근,승용,남,64세,상해없음,승용,남,29세,경상
2019080100100666,2019년 8월 1일 22시,목요일,광주광역시 광산구 송정동,경상사고,0,0,1,0,차대차 - 추돌,안전운전불이행,건조,맑음,교차로 - 교차로안,승용,남,61세,상해없음,승용,남,34세,경상
2019080100100678,2019년 8월 1일 23시,목요일,광주광역시 광산구 월계동,경상사고,0,0,3,0,차대차 - 측면충돌,신호위반,건조,맑음,교차로 - 교차로안,이륜,남,19세,경상,승용,남,24세,경상
2019080200100039,2019년 8월 2일 00시,금요일,광주광역시 서구 매월동,경상사고,0,0,2,0,차대차 - 추돌,안전운전불이행,건조,맑음,교차로 - 교차로부근,승용,남,31세,상해없음,승용,남,66세,경상
2019080200100059,2019년 8월 2일 02시,금요일,광주광역시 남구 진월동,경상사고,0,0,1,0,차대차 - 측면충돌,교차로운행방법위반,건조,맑음,교차로 - 교차로부근,승용,여,54세,상해없음,승용,남,76세,경상
2019080200100132,2019년 8월 2일 08시,금요일,광주광역시 북구 연제동,경상사고,0,0,2,0,차대차 - 측면충돌,안전운전불이행,건조,맑음,단일로 - 기타,화물,남,64세,상해없음,승용,여,36세,경상
2019080200100156,2019년 8월 2일 09시,금요일,광주광역시 북구 중흥동,경상사고,0,0,2,0,차대차 - 기타,교차로운행방법위반,건조,맑음,교차로 - 교차로안,승용,여,58세,상해없음,승용,여,68세,경상
2019080200100187,2019년 8월 2일 10시,금요일,광주광역시 동구 지산동,경상사고,0,0,2,0,차대차 - 기타,안전운전불이행,건조,맑음,단일로 - 기타,화물,남,31세,상해없음,이륜,남,81세,경상
2019080200100268,2019년 8월 2일 12시,금요일,광주광역시 서구 쌍촌동,경상사고,0,0,1,0,차대사람 - 기타,안전운전불이행,건조,맑음,단일로 - 기타,화물,남,47세,상해없음,보행자,남,28세,경상
2019080200100269,2019년 8월 2일 12시,금요일,광주광역시 북구 용봉동,경상사고,0,0,2,0,차대차 - 측면충돌,안전운전불이행,건조,맑음,교차로 - 교차로안,승용,여,42세,상해없음,원동기,남,49세,경상
2019080200100270,2019년 8월 2일 12시,금요일,광주광역시 광산구 수완동,경상사고,0,0,1,0,차대차 - 기타,안전거리미확보,건조,맑음,교차로 - 교차로부근,이륜,남,19세,경상,승용,남,46세,상해없음
2019080200100361,2019년 8월 2일 14시,금요일,광주광역시 서구 쌍촌동,경상사고,0,0,1,0,차대차 - 후진중충돌,안전운전불이행,건조,맑음,단일로 - 기타,승용,여,43세,상해없음,승용,남,20세,경상
2019080200100362,2019년 8월 2일 14시,금요일,광주광역시 북구 두암동,경상사고,0,0,1,0,차대차 - 기타,안전거리미확보,건조,맑음,단일로 - 기타,기타불명,기타불명,미분류,기타불명,승용,남,61세,상해없음
2019080200100393,2019년 8월 2일 15시,금요일,광주광역시 남구 양림동,경상사고,0,0,1,0,차대차 - 측면충돌,교차로운행방법위반,건조,맑음,교차로 - 교차로안,승용,남,29세,상해없음,승용,여,32세,경상
2019080200100394,2019년 8월 2일 15시,금요일,광주광역시 광산구 산정동,중상사고,0,1,0,0,차대차 - 기타,중앙선침범,건조,맑음,단일로 - 기타,승용,남,51세,상해없음,이륜,남,26세,중상
2019080200100432,2019년 8월 2일 16시,금요일,광주광역시 서구 치평동,경상사고,0,0,2,0,차대차 - 기타,차로위반,건조,맑음,교차로 - 교차로부근,승용,남,20세,상해없음,화물,남,62세,경상
2019080200100433,2019년 8월 2일 16시,금요일,광주광역시 북구 풍향동,경상사고,0,0,1,0,차량단독 - 기타,안전운전불이행,건조,맑음,단일로 - 기타,승합,남,49세,상해없음,,,,
2019080200100434,2019년 8월 2일 16시,금요일,광주광역시 광산구 오산동,중상사고,0,1,0,0,차대차 - 측면충돌,안전운전불이행,건조,맑음,단일로 - 기타,원동기,남,82세,중상,화물,남,57세,상해없음
2019080200100492,2019년 8월 2일 17시,금요일,광주광역시 서구 양동,경상사고,0,0,2,0,차대차 - 측면충돌,안전운전불이행,건조,맑음,교차로 - 교차로안,승용,여,37세,경상,승용,남,51세,경상
2019080200100493,2019년 8월 2일 17시,금요일,광주광역시 광산구 월계동,경상사고,0,0,1,0,차대차 - 기타,신호위반,젖음/습기,비,교차로 - 교차로안,이륜,남,43세,경상,승합,남,42세,상해없음
2019080200100546,2019년 8월 2일 18시,금요일,광주광역시 남구 양촌동,중상사고,0,1,0,0,차대차 - 기타,교차로운행방법위반,건조,맑음,교차로 - 교차로안,화물,남,63세,상해없음,원동기,남,62세,중상
2019080200100547,2019년 8월 2일 18시,금요일,광주광역시 북구 누문동,경상사고,0,0,2,0,차대차 - 기타,안전운전불이행,건조,맑음,단일로 - 기타,원동기,남,47세,상해없음,승용,여,30세,경상
2019080200100585,2019년 8월 2일 19시,금요일,광주광역시 동구 학동,중상사고,0,3,7,0,차대차 - 추돌,안전운전불이행,건조,맑음,단일로 - 터널,승용,남,39세,중상,승용,남,54세,경상
2019080200100586,2019년 8월 2일 19시,금요일,광주광역시 광산구 산월동,경상사고,0,0,1,0,차대차 - 측면충돌,안전거리미확보,건조,맑음,단일로 - 기타,승용,여,26세,상해없음,이륜,남,26세,경상
2019080200100620,2019년 8월 2일 20시,금요일,광주광역시 서구 광천동,경상사고,0,0,3,0,차대차 - 측면충돌,안전거리미확보,건조,맑음,단일로 - 기타,승용,여,34세,상해없음,승용,남,29세,경상
2019080200100621,2019년 8월 2일 20시,금요일,광주광역시 서구 화정동,경상사고,0,0,1,1,차대차 - 측면충돌,기타,건조,맑음,단일로 - 기타,승용,남,36세,부상신고,이륜,남,19세,경상
2019080200100622,2019년 8월 2일 20시,금요일,광주광역시 북구 우산동,경상사고,0,0,2,0,차대차 - 기타,안전운전불이행,건조,맑음,교차로 - 교차로안,승용,남,60세,상해없음,승용,남,31세,경상
2019080200100623,2019년 8월 2일 20시,금요일,광주광역시 북구 동림동,경상사고,0,0,1,0,차대차 - 측면충돌,안전운전불이행,건조,맑음,교차로 - 교차로안,자전거,남,59세,경상,승용,여,57세,상해없음
2019080200100624,2019년 8월 2일 20시,금요일,광주광역시 광산구 신창동,경상사고,0,0,3,0,차대차 - 측면충돌,중앙선침범,건조,맑음,교차로 - 교차로부근,승용,남,61세,상해없음,승용,남,28세,경상
2019080200100625,2019년 8월 2일 20시,금요일,광주광역시 광산구 신가동,경상사고,0,0,1,0,차대사람 - 보도통행중,안전운전불이행,건조,맑음,단일로 - 기타,승용,남,23세,상해없음,보행자,여,31세,경상
2019080200100654,2019년 8월 2일 21시,금요일,광주광역시 남구 주월동,중상사고,0,1,0,0,차대사람 - 기타,안전운전불이행,건조,맑음,교차로 - 교차로안,승용,여,49세,상해없음,보행자,남,53세,중상
2019080200100655,2019년 8월 2일 21시,금요일,광주광역시 북구 우산동,사망사고,1,0,0,0,차대사람 - 횡단중,안전운전불이행,건조,맑음,단일로 - 기타,승용,남,56세,상해없음,보행자,남,67세,사망
2019080200100656,2019년 8월 2일 21시,금요일,광주광역시 광산구 송정동,경상사고,0,0,1,0,차대사람 - 보도통행중,안전운전불이행,건조,맑음,단일로 - 기타,승용,남,57세,상해없음,보행자,남,17세,경상
2019080200100657,2019년 8월 2일 21시,금요일,광주광역시 광산구 장덕동,중상사고,0,1,1,0,차대차 - 기타,신호위반,건조,맑음,교차로 - 교차로안,이륜,남,16세,중상,승용,남,37세,경상
2019080200100658,2019년 8월 2일 21시,금요일,광주광역시 광산구 송정동,경상사고,0,0,1,0,차대사람 - 기타,안전운전불이행,건조,맑음,단일로 - 기타,승용,여,44세,상해없음,보행자,남,18세,경상
2019080200100708,2019년 8월 2일 23시,금요일,광주광역시 광산구 우산동,경상사고,0,0,3,0,차대차 - 측면충돌,교차로운행방법위반,건조,맑음,교차로 - 교차로부근,승용,여,26세,상해없음,승용,남,65세,경상
2019080300100035,2019년 8월 3일 00시,토요일,광주광역시 북구 두암동,경상사고,0,0,1,0,차량단독 - 기타,안전운전불이행,건조,맑음,단일로 - 기타,승용,남,65세,상해없음,,,,
2019080300100071,2019년 8월 3일 04시,토요일,광주광역시 북구 중흥동,경상사고,0,0,2,0,차대차 - 추돌,중앙선침범,건조,맑음,교차로 - 교차로안,승용,남,28세,상해없음,화물,남,57세,경상
2019080300100072,2019년 8월 3일 04시,토요일,광주광역시 북구 신안동,경상사고,0,0,1,0,차대차 - 추돌,안전거리미확보,건조,맑음,단일로 - 기타,승용,남,33세,상해없음,승용,남,55세,경상
2019080300100073,2019년 8월 3일 04시,토요일,광주광역시 광산구 신창동,경상사고,0,0,1,0,차대차 - 측면충돌,중앙선침범,건조,맑음,단일로 - 기타,승용,여,39세,상해없음,화물,남,43세,기타불명
2019080300100088,2019년 8월 3일 06시,토요일,광주광역시 광산구 비아동,경상사고,0,0,1,0,차대차 - 추돌,안전거리미확보,건조,맑음,기타 - 기타,승용,남,27세,상해없음,승용,남,51세,경상
2019080300100089,2019년 8월 3일 06시,토요일,광주광역시 동구 학동,경상사고,0,0,1,0,차대차 - 기타,안전거리미확보,건조,맑음,단일로 - 기타,이륜,남,54세,경상,승용,여,39세,상해없음
2019080300100102,2019년 8월 3일 07시,토요일,광주광역시 북구 지야동,경상사고,0,0,2,0,차대차 - 기타,교차로운행방법위반,건조,맑음,교차로 - 교차로안,승용,남,30세,경상,승용,남,68세,경상
2019080300100118,2019년 8월 3일 08시,토요일,광주광역시 북구 운암동,경상사고,0,0,7,0,차대차 - 기타,차로위반,건조,맑음,단일로 - 기타,승용,남,28세,경상,승용,여,59세,경상
2019080300100144,2019년 8월 3일 09시,토요일,광주광역시 북구 우산동,경상사고,0,0,1,0,차대차 - 측면충돌,교차로운행방법위반,건조,맑음,교차로 - 교차로안,승용,여,45세,상해없음,승용,여,53세,상해없음
2019080300100145,2019년 8월 3일 09시,토요일,광주광역시 광산구 송정동,경상사고,0,0,1,0,차대차 - 추돌,안전거리미확보,건조,맑음,단일로 - 기타,승용,여,26세,상해없음,승용,남,58세,경상
2019080300100345,2019년 8월 3일 15시,토요일,광주광역시 남구 월산동,경상사고,0,0,1,0,차대차 - 기타,교차로운행방법위반,건조,맑음,단일로 - 기타,승용,남,55세,상해없음,이륜,남,45세,경상
2019080300100346,2019년 8월 3일 15시,토요일,광주광역시 남구 월산동,경상사고,0,0,1,0,차대사람 - 기타,기타,건조,맑음,기타 - 기타,승용,남,59세,상해없음,보행자,여,48세,경상
2019080300100406,2019년 8월 3일 17시,토요일,광주광역시 서구 유촌동,경상사고,0,0,2,0,차대차 - 추돌,안전운전불이행,건조,맑음,교차로 - 교차로부근,승용,여,34세,상해없음,승용,여,52세,경상
2019080300100463,2019년 8월 3일 19시,토요일,광주광역시 광산구 수완동,경상사고,0,0,1,0,차대차 - 측면충돌,안전운전불이행,건조,맑음,기타 - 기타,승용,남,37세,상해없음,승용,남,37세,경상
2019080300100493,2019년 8월 3일 20시,토요일,광주광역시 북구 신안동,경상사고,0,0,2,0,차대차 - 정면충돌,중앙선침범,건조,맑음,교차로 - 교차로부근,이륜,남,61세,경상,이륜,남,18세,경상
2019080300100520,2019년 8월 3일 21시,토요일,광주광역시 북구 오치동,경상사고,0,0,1,0,차대사람 - 기타,안전운전불이행,건조,맑음,단일로 - 기타,승용,남,64세,상해없음,보행자,남,27세,경상
2019080300100521,2019년 8월 3일 21시,토요일,광주광역시 북구 삼각동,경상사고,0,0,4,1,차대차 - 측면충돌,안전운전불이행,건조,맑음,교차로 - 교차로안,승용,여,33세,경상,승용,남,50세,경상
2019080300100522,2019년 8월 3일 21시,토요일,광주광역시 광산구 우산동,경상사고,0,0,2,1,차대차 - 추돌,안전거리미확보,건조,맑음,단일로 - 기타,승용,여,53세,상해없음,승용,남,35세,경상
2019080300100566,2019년 8월 3일 23시,토요일,광주광역시 광산구 도산동,경상사고,0,0,1,0,차대차 - 기타,교차로운행방법위반,건조,맑음,교차로 - 교차로안,승용,남,22세,상해없음,승용,여,21세,경상
2019080400100053,2019년 8월 4일 01시,일요일,광주광역시 북구 오치동,경상사고,0,0,4,0,차대차 - 측면충돌,직진우회전진행방해,건조,맑음,교차로 - 교차로안,승용,남,62세,상해없음,승합,남,37세,상해없음
2019080400100082,2019년 8월 4일 04시,일요일,광주광역시 북구 유동,경상사고,0,0,1,0,차량단독 - 전도전복 - 전도,안전운전불이행,건조,맑음,단일로 - 기타,이륜,남,17세,경상,,,,
2019080400100083,2019년 8월 4일 04시,일요일,광주광역시 광산구 신가동,경상사고,0,0,1,0,차대차 - 추돌,안전운전불이행,건조,맑음,단일로 - 기타,승용,남,32세,상해없음,승용,남,39세,경상
2019080400100099,2019년 8월 4일 05시,일요일,광주광역시 북구 용봉동,중상사고,0,1,0,0,차대차 - 측면충돌,신호위반,건조,맑음,교차로 - 교차로안,승용,남,65세,상해없음,자전거,여,59세,중상
2019080400100117,2019년 8월 4일 07시,일요일,광주광역시 광산구 신창동,경상사고,0,0,1,0,차대차 - 기타,불법유턴,건조,맑음,교차로 - 교차로횡단보도내,개인형이동수단(PM),여,33세,경상,승용,남,30세,상해없음
2019080400100132,2019년 8월 4일 08시,일요일,광주광역시 동구 학동,경상사고,0,0,2,0,차대차 - 측면충돌,안전운전불이행,건조,맑음,교차로 - 교차로부근,승용,여,28세,기타불명,승용,여,30세,경상
2019080400100166,2019년 8월 4일 10시,일요일,광주광역시 북구 용봉동,경상사고,0,0,1,0,차대사람 - 기타,안전운전불이행,건조,맑음,주차장 - 주차장,기타불명,기타불명,미분류,기타불명,보행자,남,46세,경상
2019080400100223,2019년 8월 4일 12시,일요일,광주광역시 동구 학동,경상사고,0,0,1,0,차량단독 - 기타,기타,건조,맑음,단일로 - 기타,승용,남,68세,상해없음,,,,
2019080400100224,2019년 8월 4일 12시,일요일,광주광역시 북구 임동,경상사고,0,0,1,0,차량단독 - 공작물충돌,안전운전불이행,건조,맑음,교차로 - 교차로부근,승합,남,63세,상해없음,,,,
2019080400100285,2019년 8월 4일 14시,일요일,광주광역시 서구 매월동,경상사고,0,0,4,0,차대차 - 추돌,안전운전불이행,건조,맑음,교차로 - 교차로부근,승용,남,63세,기타불명,승용,여,27세,경상
2019080400100421,2019년 8월 4일 18시,일요일,광주광역시 서구 광천동,중상사고,0,1,0,0,차대사람 - 기타,안전운전불이행,건조,맑음,단일로 - 기타,승용,남,65세,상해없음,보행자,남,56세,중상
2019080400100422,2019년 8월 4일 18시,일요일,광주광역시 남구 봉선동,경상사고,0,0,2,0,차대차 - 측면충돌,기타,건조,맑음,교차로 - 교차로안,승용,남,25세,경상,승용,여,31세,경상
2019080400100423,2019년 8월 4일 18시,일요일,광주광역시 북구 용봉동,경상사고,0,0,4,0,차대차 - 측면충돌,중앙선침범,건조,맑음,단일로 - 기타,승용,여,20세,경상,승용,남,44세,경상
2019080400100444,2019년 8월 4일 19시,일요일,광주광역시 서구 화정동,경상사고,0,0,1,0,차대차 - 측면충돌,차로위반,건조,맑음,단일로 - 기타,이륜,남,59세,경상,승용,여,59세,상해없음
2019080400100445,2019년 8월 4일 19시,일요일,광주광역시 북구 문흥동,중상사고,0,1,0,0,차대차 - 기타,교차로운행방법위반,건조,맑음,교차로 - 교차로안,승합,남,48세,상해없음,이륜,남,25세,중상
2019080400100446,2019년 8월 4일 19시,일요일,광주광역시 북구 본촌동,중상사고,0,1,0,0,차대차 - 측면충돌,안전운전불이행,건조,맑음,단일로 - 기타,승용,남,66세,상해없음,이륜,남,50세,중상
2019080400100473,2019년 8월 4일 20시,일요일,광주광역시 서구 내방동,경상사고,0,0,4,0,차대차 - 추돌,안전운전불이행,건조,맑음,단일로 - 기타,승용,남,50세,상해없음,승용,남,27세,경상
2019080400100474,2019년 8월 4일 20시,일요일,광주광역시 광산구 월계동,경상사고,0,0,1,1,차대차 - 측면충돌,안전운전불이행,건조,맑음,교차로 - 교차로안,원동기,남,18세,부상신고,승용,남,31세,경상
2019080400100493,2019년 8월 4일 21시,일요일,광주광역시 북구 우산동,경상사고,0,0,3,0,차대차 - 측면충돌,불법유턴,건조,맑음,단일로 - 기타,승용,남,35세,경상,승용,남,65세,경상
2019080400100522,2019년 8월 4일 23시,일요일,광주광역시 북구 용봉동,경상사고,0,0,1,0,차량단독 - 기타,안전운전불이행,건조,흐림,단일로 - 기타,이륜,남,59세,경상,,,,
2019080500100131,2019년 8월 5일 08시,월요일,광주광역시 서구 풍암동,부상신고사고,0,0,0,1,차량단독 - 기타,기타,건조,맑음,교차로 - 교차로안,승합,남,59세,상해없음,,,,
2019080500100166,2019년 8월 5일 09시,월요일,광주광역시 동구 운림동,경상사고,0,0,1,0,차대사람 - 기타,안전운전불이행,건조,맑음,단일로 - 기타,승용,남,77세,상해없음,보행자,여,8세,경상
2019080500100167,2019년 8월 5일 09시,월요일,광주광역시 남구 방림동,경상사고,0,0,1,0,차대사람 - 기타,기타,건조,맑음,기타 - 기타,자전거,남,56세,상해없음,보행자,여,75세,경상
2019080500100244,2019년 8월 5일 11시,월요일,광주광역시 서구 매월동,경상사고,0,0,1,0,차대차 - 기타,안전거리미확보,건조,맑음,단일로 - 기타,화물,남,55세,상해없음,승용,남,54세,상해없음
2019080500100297,2019년 8월 5일 12시,월요일,광주광역시 서구 금호동,경상사고,0,0,2,0,차대차 - 기타,기타,건조,맑음,교차로 - 교차로안,승용,여,46세,경상,승용,여,39세,경상
2019080500100298,2019년 8월 5일 12시,월요일,광주광역시 북구 중흥동,경상사고,0,0,4,0,차대차 - 측면충돌,교차로운행방법위반,건조,맑음,교차로 - 교차로안,승용,남,55세,경상,승용,남,27세,경상
2019080500100299,2019년 8월 5일 12시,월요일,광주광역시 광산구 산정동,경상사고,0,0,1,0,차대차 - 기타,안전운전불이행,건조,맑음,교차로 - 교차로부근,승용,남,59세,상해없음,승용,남,32세,경상
2019080500100300,2019년 8월 5일 12시,월요일,광주광역시 광산구 수완동,경상사고,0,0,2,0,차대차 - 후진중충돌,불법유턴,건조,맑음,교차로 - 교차로안,승용,남,71세,기타불명,승용,여,34세,경상
2019080500100335,2019년 8월 5일 13시,월요일,광주광역시 광산구 신가동,중상사고,0,1,0,0,차대차 - 정면충돌,안전운전불이행,건조,맑음,교차로 - 교차로안,승용,남,50세,상해없음,승용,여,58세,중상
2019080500100376,2019년 8월 5일 14시,월요일,광주광역시 광산구 우산동,경상사고,0,0,1,0,차대차 - 추돌,안전운전불이행,건조,맑음,단일로 - 기타,승용,남,41세,상해없음,이륜,남,32세,경상
2019080500100377,2019년 8월 5일 14시,월요일,광주광역시 광산구 하남동,경상사고,0,0,1,0,차대차 - 추돌,안전운전불이행,건조,맑음,교차로 - 교차로부근,원동기,남,16세,상해없음,승용,여,36세,경상
2019080500100378,2019년 8월 5일 14시,월요일,광주광역시 광산구 월곡동,경상사고,0,0,1,0,차대차 - 추돌,안전거리미확보,건조,맑음,단일로 - 기타,승용,남,24세,기타불명,화물,남,62세,경상
2019080500100415,2019년 8월 5일 15시,월요일,광주광역시 북구 신안동,경상사고,0,0,2,0,차대차 - 추돌,안전운전불이행,건조,맑음,단일로 - 기타,화물,남,41세,상해없음,승용,남,34세,경상
2019080500100459,2019년 8월 5일 16시,월요일,광주광역시 북구 두암동,경상사고,0,0,1,0,차대사람 - 기타,안전운전불이행,건조,맑음,단일로 - 기타,승합,남,40세,상해없음,보행자,남,26세,경상
2019080500100504,2019년 8월 5일 17시,월요일,광주광역시 북구 신용동,경상사고,0,0,1,0,차대차 - 측면충돌,기타,건조,맑음,교차로 - 교차로부근,이륜,남,36세,상해없음,승용,남,60세,경상
2019080500100545,2019년 8월 5일 18시,월요일,광주광역시 서구 쌍촌동,경상사고,0,0,2,0,차대차 - 측면충돌,안전운전불이행,건조,맑음,교차로 - 교차로부근,승용,여,44세,상해없음,승용,남,59세,상해없음
2019080500100546,2019년 8월 5일 18시,월요일,광주광역시 광산구 하남동,경상사고,0,0,2,0,차대차 - 기타,과속,건조,맑음,교차로 - 교차로안,승용,남,36세,경상,승용,여,35세,경상
2019080500100578,2019년 8월 5일 19시,월요일,광주광역시 동구 수기동,경상사고,0,0,1,0,차대차 - 측면충돌,안전거리미확보,건조,맑음,교차로 - 교차로안,승용,남,58세,상해없음,승용,여,66세,경상
2019080500100579,2019년 8월 5일 19시,월요일,광주광역시 서구 치평동,경상사고,0,0,1,0,차대차 - 측면충돌,안전거리미확보,건조,맑음,교차로 - 교차로안,승용,남,18세,상해없음,승용,남,35세,경상
2019080500100580,2019년 8월 5일 19시,월요일,광주광역시 서구 풍암동,경상사고,0,0,5,0,차대차 - 후진중충돌,안전운전불이행,건조,맑음,단일로 - 기타,승용,남,51세,상해없음,승용,남,36세,경상
2019080500100581,2019년 8월 5일 19시,월요일,광주광역시 북구 신용동,경상사고,0,0,1,0,차대차 - 측면충돌,신호위반,건조,맑음,교차로 - 교차로안,승용,여,53세,상해없음,승용,남,33세,경상
2019080500100610,2019년 8월 5일 20시,월요일,광주광역시 서구 유촌동,경상사고,0,0,1,0,차대차 - 측면충돌,교차로운행방법위반,건조,맑음,교차로 - 교차로안,승용,남,38세,상해없음,승용,남,31세,경상
2019080500100639,2019년 8월 5일 21시,월요일,광주광역시 북구 중흥동,경상사고,0,0,1,0,차대차 - 측면충돌,신호위반,건조,흐림,교차로 - 교차로안,승용,남,48세,기타불명,이륜,남,50세,경상
2019080500100659,2019년 8월 5일 22시,월요일,광주광역시 광산구 선암동,경상사고,0,0,1,0,차대차 - 측면충돌,신호위반,건조,맑음,교차로 - 교차로안,원동기,남,21세,경상,승용,남,30세,상해없음
2019080600100055,2019년 8월 6일 02시,화요일,광주광역시 서구 농성동,부상신고사고,0,0,0,3,차대차 - 기타,안전거리미확보,건조,맑음,단일로 - 기타,승용,남,23세,상해없음,승용,남,27세,부상신고
2019080600100093,2019년 8월 6일 06시,화요일,광주광역시 광산구 용봉동,경상사고,0,0,4,0,차대차 - 측면충돌,차로위반,건조,맑음,교차로 - 교차로안,승용,여,18세,경상,승용,남,47세,경상
2019080600100164,2019년 8월 6일 09시,화요일,광주광역시 광산구 쌍암동,경상사고,0,0,2,0,차대차 - 측면충돌,신호위반,건조,맑음,교차로 - 교차로안,승용,남,57세,상해없음,승용,남,46세,경상
2019080600100210,2019년 8월 6일 10시,화요일,광주광역시 동구 용산동,경상사고,0,0,1,0,차대사람 - 기타,안전운전불이행,건조,맑음,단일로 - 기타,이륜,남,39세,상해없음,보행자,여,7세,경상
2019080600100211,2019년 8월 6일 10시,화요일,광주광역시 서구 농성동,경상사고,0,0,2,0,차대차 - 추돌,안전운전불이행,건조,맑음,교차로 - 교차로부근,승용,여,42세,상해없음,화물,남,41세,경상
2019080600100212,2019년 8월 6일 10시,화요일,광주광역시 남구 월산동,경상사고,0,0,1,0,차대차 - 측면충돌,안전거리미확보,건조,맑음,단일로 - 기타,승용,남,61세,상해없음,승용,남,43세,경상
2019080600100239,2019년 8월 6일 11시,화요일,광주광역시 북구 용봉동,경상사고,0,0,1,0,차대차 - 추돌,안전운전불이행,건조,맑음,교차로 - 교차로안,승용,여,40세,상해없음,기타불명,기타불명,미분류,기타불명
2019080600100276,2019년 8월 6일 12시,화요일,광주광역시 광산구 쌍암동,경상사고,0,0,2,0,차대차 - 측면충돌,안전운전불이행,건조,맑음,교차로 - 교차로안,승용,남,45세,기타불명,승용,남,50세,경상
2019080600100314,2019년 8월 6일 13시,화요일,광주광역시 동구 대인동,중상사고,0,1,0,0,차대차 - 측면충돌,중앙선침범,건조,맑음,단일로 - 기타,승용,여,57세,기타불명,이륜,남,32세,중상
2019080600100315,2019년 8월 6일 13시,화요일,광주광역시 서구 유촌동,경상사고,0,0,3,0,차대차 - 측면충돌,안전운전불이행,건조,맑음,단일로 - 기타,승용,여,43세,상해없음,건설기계,남,47세,경상
2019080600100316,2019년 8월 6일 13시,화요일,광주광역시 광산구 운남동,경상사고,0,0,1,0,차대차 - 기타,안전운전불이행,건조,맑음,교차로 - 교차로안,승용,여,64세,기타불명,승용,남,35세,경상
2019080600100382,2019년 8월 6일 15시,화요일,광주광역시 동구 호남동,경상사고,0,0,3,0,차대차 - 측면충돌,안전운전불이행,건조,맑음,단일로 - 기타,승용,남,25세,상해없음,승용,여,31세,경상
2019080600100383,2019년 8월 6일 15시,화요일,광주광역시 서구 광천동,경상사고,0,0,1,0,차대차 - 측면충돌,안전거리미확보,건조,맑음,단일로 - 기타,건설기계,남,54세,상해없음,승용,여,23세,경상
2019080600100384,2019년 8월 6일 15시,화요일,광주광역시 북구 매곡동,중상사고,0,1,0,0,차대차 - 측면충돌,안전운전불이행,건조,맑음,교차로 - 교차로안,승용,남,53세,상해없음,자전거,남,78세,중상
2019080600100433,2019년 8월 6일 16시,화요일,광주광역시 동구 소태동,중상사고,0,1,0,0,차대사람 - 기타,안전운전불이행,건조,맑음,단일로 - 기타,승용,남,53세,상해없음,보행자,여,75세,중상
2019080600100434,2019년 8월 6일 16시,화요일,광주광역시 서구 농성동,경상사고,0,0,1,1,차대차 - 기타,중앙선침범,건조,맑음,단일로 - 지하차도(도로)내,승용,남,66세,부상신고,승용,여,35세,경상
2019080600100435,2019년 8월 6일 16시,화요일,광주광역시 남구 봉선동,경상사고,0,0,3,0,차대차 - 측면충돌,안전운전불이행,건조,맑음,단일로 - 기타,승용,남,57세,상해없음,승용,남,28세,경상
2019080600100472,2019년 8월 6일 17시,화요일,광주광역시 남구 임암동,경상사고,0,0,1,0,차대차 - 측면충돌,교차로운행방법위반,건조,맑음,교차로 - 교차로안,승용,남,49세,상해없음,승용,여,29세,경상
2019080600100473,2019년 8월 6일 17시,화요일,광주광역시 북구 동림동,경상사고,0,0,1,0,차대사람 - 횡단중,신호위반,건조,맑음,단일로 - 기타,승용,남,64세,상해없음,보행자,남,7세,경상
2019080600100528,2019년 8월 6일 18시,화요일,광주광역시 남구 주월동,경상사고,0,0,2,0,차대차 - 기타,신호위반,건조,맑음,교차로 - 교차로안,승용,남,69세,상해없음,승합,남,64세,경상
2019080600100565,2019년 8월 6일 19시,화요일,광주광역시 서구 풍암동,경상사고,0,0,2,0,차대차 - 추돌,안전운전불이행,건조,맑음,교차로 - 교차로안,승용,남,59세,상해없음,승용,여,33세,경상