사고번호,사고일시,요일,시군구,사고내용,사망자수,중상자수,경상자수,부상신고자수,사고유형,법규위반,노면상태,기상상태,도로형태,가해운전자 차종,가해운전자 성별,가해운전자 연령,가해운전자 상해정도,피해운전자 차종,피해운전자 성별,피해운전자 연령,피해운전자 상해정도
2019080600100606,2019년 8월 6일 20시,화요일,광주광역시 서구 농성동,경상사고,0,0,1,0,차대차 - 측면충돌,교차로운행방법위반,건조,맑음,교차로 - 교차로부근,승용,남,62세,상해없음,승용,여,31세,경상
2019080600100607,2019년 8월 6일 20시,화요일,광주광역시 북구 본촌동,중상사고,0,1,0,0,차대차 - 측면충돌,안전운전불이행,건조,맑음,교차로 - 교차로안,승용,여,23세,상해없음,이륜,남,45세,중상
2019080600100608,2019년 8월 6일 20시,화요일,광주광역시 북구 오치동,경상사고,0,0,2,0,차대차 - 기타,안전거리미확보,건조,맑음,단일로 - 기타,승용,남,41세,상해없음,승용,남,35세,경상
2019080600100670,2019년 8월 6일 22시,화요일,광주광역시 서구 내방동,경상사고,0,0,2,0,차대차 - 기타,교차로운행방법위반,건조,맑음,교차로 - 교차로안,승용,남,67세,상해없음,승용,남,19세,경상
2019080600100694,2019년 8월 6일 23시,화요일,광주광역시 서구 양동,중상사고,0,1,0,0,차대사람 - 차도통행중,안전운전불이행,건조,맑음,단일로 - 기타,화물,남,59세,상해없음,보행자,남,57세,중상
2019080600100695,2019년 8월 6일 23시,화요일,광주광역시 남구 월산동,중상사고,0,1,0,0,차대차 - 측면충돌,안전운전불이행,건조,맑음,교차로 - 교차로부근,승용,남,52세,상해없음,승용,여,54세,중상
2019080600100696,2019년 8월 6일 23시,화요일,광주광역시 북구 운암동,경상사고,0,0,1,0,차대사람 - 횡단중,교차로운행방법위반,건조,맑음,교차로 - 교차로안,승용,남,26세,상해없음,보행자,남,24세,경상
2019080600100697,2019년 8월 6일 23시,화요일,광주광역시 북구 운암동,경상사고,0,0,1,0,차대사람 - 횡단중,안전운전불이행,건조,맑음,교차로 - 교차로안,승용,여,43세,상해없음,보행자,남,40세,경상
2019080700100034,2019년 8월 7일 00시,수요일,광주광역시 서구 쌍촌동,경상사고,0,0,1,0,차대차 - 추돌,안전운전불이행,건조,맑음,단일로 - 기타,승용,남,27세,상해없음,승용,남,28세,경상
2019080700100098,2019년 8월 7일 06시,수요일,광주광역시 남구 월산동,경상사고,0,0,1,0,차대차 - 측면충돌,안전운전불이행,건조,맑음,단일로 - 기타,승용,남,73세,상해없음,승합,여,49세,경상
2019080700100115,2019년 8월 7일 07시,수요일,광주광역시 광산구 하남동,경상사고,0,0,1,0,차대차 - 기타,안전운전불이행,건조,맑음,교차로 - 교차로부근,기타불명,기타불명,미분류,기타불명,승용,남,43세,상해없음
2019080700100142,2019년 8월 7일 08시,수요일,광주광역시 북구 중흥동,경상사고,0,0,2,0,차대차 - 측면충돌,직진우회전진행방해,건조,맑음,교차로 - 교차로안,승용,남,62세,경상,승용,여,37세,경상
2019080700100143,2019년 8월 7일 08시,수요일,광주광역시 광산구 장덕동,경상사고,0,0,1,0,차대사람 - 차도통행중,안전운전불이행,건조,맑음,기타 - 기타,승용,남,36세,상해없음,보행자,남,21세,경상
2019080700100203,2019년 8월 7일 10시,수요일,광주광역시 북구 임동,경상사고,0,0,1,0,차대차 - 기타,안전운전불이행,건조,맑음,단일로 - 기타,자전거,남,23세,경상,승용,여,48세,상해없음
2019080700100240,2019년 8월 7일 11시,수요일,광주광역시 북구 일곡동,경상사고,0,0,1,0,차대사람 - 차도통행중,안전운전불이행,젖음/습기,비,단일로 - 기타,승용,여,51세,상해없음,보행자,남,57세,경상
2019080700100241,2019년 8월 7일 11시,수요일,광주광역시 북구 운암동,부상신고사고,0,0,0,1,차대차 - 기타,안전운전불이행,건조,맑음,단일로 - 고가도로위,승용,여,45세,상해없음,건설기계,여,44세,부상신고
2019080700100242,2019년 8월 7일 11시,수요일,광주광역시 북구 대촌동,경상사고,0,0,1,0,차대차 - 기타,안전운전불이행,건조,맑음,교차로 - 교차로안,승용,여,41세,상해없음,화물,남,34세,경상
2019080700100243,2019년 8월 7일 11시,수요일,광주광역시 광산구 도산동,경상사고,0,0,1,0,차대차 - 정면충돌,교차로운행방법위반,건조,맑음,교차로 - 교차로부근,승용,남,67세,상해없음,화물,남,37세,경상
2019080700100286,2019년 8월 7일 12시,수요일,광주광역시 광산구 쌍암동,경상사고,0,0,4,0,차대차 - 측면충돌,안전거리미확보,건조,맑음,교차로 - 교차로부근,승용,여,40세,상해없음,승용,남,32세,경상
2019080700100326,2019년 8월 7일 13시,수요일,광주광역시 남구 봉선동,경상사고,0,0,1,0,차대차 - 측면충돌,안전거리미확보,건조,맑음,단일로 - 기타,원동기,남,30세,상해없음,승용,남,40세,경상
2019080700100365,2019년 8월 7일 14시,수요일,광주광역시 북구 양산동,경상사고,0,0,2,0,차대차 - 측면충돌,신호위반,건조,맑음,교차로 - 교차로안,승용,여,55세,상해없음,승용,남,34세,경상
2019080700100366,2019년 8월 7일 14시,수요일,광주광역시 광산구 흑석동,경상사고,0,0,2,0,차대차 - 추돌,중앙선침범,건조,맑음,단일로 - 기타,승용,남,37세,경상,화물,남,46세,경상
2019080700100399,2019년 8월 7일 15시,수요일,광주광역시 남구 월산동,경상사고,0,0,4,0,차대차 - 추돌,안전거리미확보,건조,맑음,단일로 - 기타,승용,남,59세,상해없음,승용,여,61세,경상
2019080700100440,2019년 8월 7일 16시,수요일,광주광역시 북구 매곡동,경상사고,0,0,1,0,차대차 - 추돌,안전운전불이행,건조,맑음,단일로 - 기타,승용,남,40세,상해없음,승용,여,25세,경상
2019080700100594,2019년 8월 7일 20시,수요일,광주광역시 서구 화정동,경상사고,0,0,1,0,차대사람 - 횡단중,보행자보호의무위반,건조,맑음,교차로 - 교차로횡단보도내,승합,남,62세,상해없음,보행자,남,48세,경상
2019080700100595,2019년 8월 7일 20시,수요일,광주광역시 남구 백운동,중상사고,0,1,0,0,차대차 - 측면충돌,교차로운행방법위반,건조,맑음,교차로 - 교차로안,승용,여,44세,상해없음,이륜,여,43세,중상
2019080700100596,2019년 8월 7일 20시,수요일,광주광역시 북구 운암동,중상사고,0,1,0,0,차량단독 - 기타,안전운전불이행,건조,맑음,교차로 - 교차로부근,승합,남,47세,상해없음,,,,
2019080700100650,2019년 8월 7일 22시,수요일,광주광역시 광산구 신창동,경상사고,0,0,3,0,차대차 - 추돌,안전운전불이행,건조,맑음,교차로 - 교차로부근,승용,여,40세,상해없음,승용,남,63세,경상
2019080800100038,2019년 8월 8일 01시,목요일,광주광역시 동구 불로동,중상사고,0,1,2,1,차대차 - 측면충돌,안전운전불이행,건조,맑음,교차로 - 교차로부근,승용,여,29세,중상,승용,여,33세,경상
2019080800100047,2019년 8월 8일 02시,목요일,광주광역시 서구 쌍촌동,경상사고,0,0,1,0,차대차 - 후진중충돌,안전운전불이행,건조,맑음,단일로 - 기타,승용,남,44세,상해없음,승용,여,33세,경상
2019080800100052,2019년 8월 8일 03시,목요일,광주광역시 광산구 신촌동,경상사고,0,0,1,0,차량단독 - 기타,안전운전불이행,건조,맑음,교차로 - 교차로부근,이륜,남,19세,상해없음,,,,
2019080800100097,2019년 8월 8일 07시,목요일,광주광역시 남구 주월동,경상사고,0,0,2,0,차대차 - 측면충돌,안전거리미확보,건조,맑음,단일로 - 기타,승용,남,66세,상해없음,승용,남,51세,경상
2019080800100127,2019년 8월 8일 08시,목요일,광주광역시 북구 문흥동,경상사고,0,0,1,0,차대차 - 측면충돌,교차로운행방법위반,건조,맑음,교차로 - 교차로안,이륜,남,25세,경상,승용,여,49세,상해없음
2019080800100128,2019년 8월 8일 08시,목요일,광주광역시 광산구 서봉동,경상사고,0,0,1,0,차량단독 - 공작물충돌,안전운전불이행,건조,맑음,단일로 - 기타,화물,남,59세,경상,,,,
2019080800100174,2019년 8월 8일 09시,목요일,광주광역시 서구 금호동,경상사고,0,0,1,0,차대차 - 측면충돌,안전운전불이행,건조,맑음,교차로 - 교차로부근,화물,남,34세,상해없음,화물,남,50세,경상
2019080800100214,2019년 8월 8일 10시,목요일,광주광역시 광산구 하남동,경상사고,0,0,5,0,차대차 - 추돌,안전운전불이행,건조,맑음,단일로 - 기타,화물,남,39세,상해없음,승용,남,49세,경상
2019080800100322,2019년 8월 8일 13시,목요일,광주광역시 동구 계림동,경상사고,0,0,1,0,차대사람 - 횡단중,안전운전불이행,건조,맑음,기타 - 기타,화물,남,62세,상해없음,보행자,남,11세,경상
2019080800100323,2019년 8월 8일 13시,목요일,광주광역시 북구 용봉동,경상사고,0,0,1,0,차대차 - 기타,안전운전불이행,건조,맑음,단일로 - 기타,승용,여,32세,상해없음,이륜,남,34세,경상
2019080800100324,2019년 8월 8일 13시,목요일,광주광역시 북구 연제동,중상사고,0,2,0,0,차대차 - 측면충돌,중앙선침범,건조,맑음,교차로 - 교차로부근,화물,남,33세,상해없음,승용,여,34세,중상
2019080800100382,2019년 8월 8일 15시,목요일,광주광역시 북구 임동,경상사고,0,0,4,0,차대차 - 측면충돌,안전거리미확보,건조,맑음,교차로 - 교차로부근,승용,여,56세,경상,승용,남,25세,경상
2019080800100383,2019년 8월 8일 15시,목요일,광주광역시 북구 일곡동,중상사고,0,1,0,0,차대차 - 기타,안전운전불이행,건조,맑음,교차로 - 교차로안,승합,남,75세,기타불명,승합,남,40세,상해없음
2019080800100384,2019년 8월 8일 15시,목요일,광주광역시 북구 신용동,부상신고사고,0,0,0,1,차대차 - 측면충돌,신호위반,건조,맑음,교차로 - 교차로안,자전거,남,13세,부상신고,승용,남,61세,상해없음
2019080800100385,2019년 8월 8일 15시,목요일,광주광역시 북구 오치동,경상사고,0,0,1,0,차대차 - 기타,안전운전불이행,건조,맑음,단일로 - 기타,승용,여,44세,상해없음,승용,여,30세,경상
2019080800100426,2019년 8월 8일 16시,목요일,광주광역시 북구 중흥동,경상사고,0,0,5,0,차대차 - 기타,안전운전불이행,건조,맑음,단일로 - 기타,승용,남,62세,경상,승용,남,35세,경상
2019080800100518,2019년 8월 8일 18시,목요일,광주광역시 광산구 비아동,경상사고,0,0,4,0,차대차 - 측면충돌,안전운전불이행,건조,맑음,단일로 - 기타,승용,남,28세,상해없음,승용,남,35세,경상
2019080800100547,2019년 8월 8일 19시,목요일,광주광역시 서구 광천동,경상사고,0,0,1,0,차량단독 - 기타,안전운전불이행,건조,맑음,교차로 - 교차로부근,승용,남,50세,상해없음,,,,
2019080800100576,2019년 8월 8일 20시,목요일,광주광역시 북구 두암동,경상사고,0,0,1,0,차대사람 - 기타,안전운전불이행,건조,맑음,단일로 - 기타,승용,남,60세,상해없음,보행자,남,63세,경상
2019080800100577,2019년 8월 8일 20시,목요일,광주광역시 북구 문흥동,경상사고,0,0,2,0,차대차 - 측면충돌,안전운전불이행,건조,맑음,단일로 - 기타,승용,남,63세,경상,승용,남,49세,경상
2019080800100607,2019년 8월 8일 21시,목요일,광주광역시 북구 중흥동,경상사고,0,0,1,0,차대차 - 후진중충돌,안전운전불이행,건조,맑음,단일로 - 기타,승용,남,40세,상해없음,승용,여,38세,경상
2019080800100624,2019년 8월 8일 22시,목요일,광주광역시 서구 매월동,경상사고,0,0,1,0,차대차 - 측면충돌,안전운전불이행,건조,맑음,교차로 - 교차로안,승용,여,48세,상해없음,승용,남,51세,경상
2019080800100648,2019년 8월 8일 23시,목요일,광주광역시 북구 용봉동,경상사고,0,0,1,0,차대차 - 추돌,안전운전불이행,건조,맑음,교차로 - 교차로부근,승용,여,33세,상해없음,승용,남,38세,경상
2019080900100137,2019년 8월 9일 07시,금요일,광주광역시 북구 일곡동,경상사고,0,0,1,0,차대사람 - 횡단중,안전운전불이행,건조,맑음,교차로 - 교차로횡단보도내,화물,남,82세,상해없음,보행자,여,79세,경상
2019080900100138,2019년 8월 9일 07시,금요일,광주광역시 광산구 하남동,경상사고,0,0,5,0,차대차 - 측면충돌,안전거리미확보,건조,맑음,단일로 - 기타,승용,남,50세,기타불명,승용,남,19세,경상
2019080900100161,2019년 8월 9일 08시,금요일,광주광역시 북구 신안동,경상사고,0,0,1,0,차량단독 - 기타,안전운전불이행,건조,맑음,단일로 - 기타,승합,남,64세,상해없음,,,,
2019080900100202,2019년 8월 9일 09시,금요일,광주광역시 서구 광천동,경상사고,0,0,1,0,차대차 - 측면충돌,안전거리미확보,건조,맑음,단일로 - 기타,승용,남,83세,상해없음,승용,남,41세,경상
2019080900100391,2019년 8월 9일 14시,금요일,광주광역시 남구 월산동,경상사고,0,0,1,0,차대차 - 추돌,안전운전불이행,건조,맑음,교차로 - 교차로부근,승용,남,62세,상해없음,승용,여,29세,경상
2019080900100392,2019년 8월 9일 14시,금요일,광주광역시 남구 주월동,경상사고,0,0,1,0,차대차 - 측면충돌,교차로운행방법위반,건조,맑음,교차로 - 교차로안,승용,여,44세,상해없음,화물,남,50세,경상
2019080900100393,2019년 8월 9일 14시,금요일,광주광역시 광산구 수완동,경상사고,0,0,1,0,차대사람 - 횡단중,안전운전불이행,건조,맑음,교차로 - 교차로부근,승용,남,43세,상해없음,보행자,여,12세,경상
2019080900100425,2019년 8월 9일 15시,금요일,광주광역시 서구 유촌동,경상사고,0,0,2,0,차대차 - 기타,안전거리미확보,건조,맑음,단일로 - 기타,승용,여,35세,상해없음,승용,남,56세,경상
2019080900100426,2019년 8월 9일 15시,금요일,광주광역시 북구 유동,경상사고,0,0,2,0,차대차 - 측면충돌,안전운전불이행,건조,맑음,교차로 - 교차로부근,승용,남,38세,경상,승용,남,42세,경상
2019080900100467,2019년 8월 9일 16시,금요일,광주광역시 서구 치평동,경상사고,0,0,1,0,차대사람 - 기타,안전운전불이행,건조,맑음,단일로 - 기타,승용,여,22세,상해없음,보행자,남,63세,경상
2019080900100468,2019년 8월 9일 16시,금요일,광주광역시 북구 오치동,경상사고,0,0,1,0,차대차 - 측면충돌,안전운전불이행,건조,맑음,교차로 - 교차로부근,자전거,남,73세,경상,승용,남,63세,상해없음
2019080900100469,2019년 8월 9일 16시,금요일,광주광역시 광산구 선암동,경상사고,0,0,2,0,차대차 - 측면충돌,안전거리미확보,건조,맑음,단일로 - 기타,화물,남,58세,상해없음,승용,남,62세,경상
2019080900100518,2019년 8월 9일 17시,금요일,광주광역시 서구 화정동,경상사고,0,0,1,0,차대차 - 추돌,안전운전불이행,건조,맑음,교차로 - 교차로부근,승용,남,70세,상해없음,화물,남,34세,경상
2019080900100519,2019년 8월 9일 17시,금요일,광주광역시 광산구 월곡동,중상사고,0,1,0,0,차대사람 - 기타,보행자보호의무위반,건조,맑음,교차로 - 교차로횡단보도내,자전거,남,77세,상해없음,보행자,여,79세,중상
2019080900100520,2019년 8월 9일 17시,금요일,광주광역시 광산구 도천동,경상사고,0,0,1,0,차대차 - 측면충돌,안전거리미확보,건조,맑음,단일로 - 기타,승용,남,72세,상해없음,승용,남,47세,상해없음
2019080900100586,2019년 8월 9일 18시,금요일,광주광역시 남구 송하동,경상사고,0,0,1,0,차대차 - 추돌,안전거리미확보,건조,맑음,단일로 - 기타,승용,여,23세,상해없음,승용,여,56세,경상
2019080900100623,2019년 8월 9일 19시,금요일,광주광역시 남구 월산동,경상사고,0,0,2,0,차대차 - 측면충돌,안전운전불이행,건조,맑음,교차로 - 교차로부근,승용,남,69세,상해없음,승용,남,36세,경상
2019080900100661,2019년 8월 9일 20시,금요일,광주광역시 광산구 산월동,중상사고,0,1,1,0,차대차 - 추돌,안전운전불이행,건조,맑음,단일로 - 교량,이륜,남,40세,중상,승용,남,29세,경상
2019080900100662,2019년 8월 9일 20시,금요일,광주광역시 광산구 우산동,경상사고,0,0,1,0,차대차 - 정면충돌,교차로운행방법위반,건조,맑음,단일로 - 기타,승용,남,25세,상해없음,이륜,남,54세,경상
2019080900100694,2019년 8월 9일 21시,금요일,광주광역시 광산구 신창동,경상사고,0,0,1,0,차대차 - 기타,안전운전불이행,건조,맑음,단일로 - 기타,승용,남,19세,상해없음,이륜,남,28세,경상
2019080900100695,2019년 8월 9일 21시,금요일,광주광역시 광산구 우산동,경상사고,0,0,1,0,차대차 - 추돌,안전운전불이행,건조,맑음,단일로 - 기타,승용,남,57세,상해없음,승용,여,54세,경상
2019080900100748,2019년 8월 9일 23시,금요일,광주광역시 북구 중흥동,경상사고,0,0,3,0,차대차 - 정면충돌,신호위반,건조,맑음,교차로 - 교차로안,승용,남,25세,경상,승용,남,52세,경상
2019081000100049,2019년 8월 10일 00시,토요일,광주광역시 서구 치평동,경상사고,0,0,1,0,차대차 - 측면충돌,기타,건조,맑음,교차로 - 교차로부근,승용,남,56세,상해없음,승용,남,61세,상해없음
2019081000100050,2019년 8월 10일 00시,토요일,광주광역시 북구 양산동,경상사고,0,0,3,0,차대차 - 측면충돌,차로위반,건조,맑음,단일로 - 기타,승용,남,60세,경상,승용,남,27세,경상
2019081000100065,2019년 8월 10일 01시,토요일,광주광역시 광산구 우산동,중상사고,0,1,1,0,차대차 - 추돌,안전운전불이행,건조,맑음,교차로 - 교차로부근,승용,여,51세,경상,화물,남,62세,중상
2019081000100066,2019년 8월 10일 01시,토요일,광주광역시 광산구 월계동,경상사고,0,0,2,0,차대차 - 기타,교차로운행방법위반,건조,맑음,교차로 - 교차로안,이륜,남,19세,경상,승용,남,67세,경상
2019081000100080,2019년 8월 10일 02시,토요일,광주광역시 서구 치평동,경상사고,0,0,2,0,차대차 - 측면충돌,안전운전불이행,건조,맑음,단일로 - 기타,승용,남,41세,상해없음,승용,남,59세,경상
2019081000100106,2019년 8월 10일 04시,토요일,광주광역시 서구 치평동,중상사고,0,1,0,0,차대사람 - 기타,안전운전불이행,건조,맑음,단일로 - 기타,승용,남,27세,상해없음,보행자,여,22세,중상
2019081000100119,2019년 8월 10일 05시,토요일,광주광역시 북구 문흥동,중상사고,0,4,3,0,차대차 - 측면충돌,신호위반,건조,맑음,교차로 - 교차로안,승용,남,39세,경상,승용,남,70세,경상
2019081000100169,2019년 8월 10일 08시,토요일,광주광역시 서구 치평동,경상사고,0,0,1,0,차대차 - 기타,안전거리미확보,건조,맑음,교차로 - 교차로부근,승용,여,42세,상해없음,승용,남,27세,경상
2019081000100170,2019년 8월 10일 08시,토요일,광주광역시 북구 두암동,경상사고,0,0,1,0,차대차 - 추돌,안전운전불이행,건조,맑음,단일로 - 기타,승용,남,59세,상해없음,승용,남,41세,경상
2019081000100213,2019년 8월 10일 09시,토요일,광주광역시 북구 각화동,경상사고,0,0,1,0,차대차 - 기타,안전운전불이행,건조,맑음,단일로 - 기타,승용,남,37세,상해없음,화물,남,33세,경상
2019081000100214,2019년 8월 10일 09시,토요일,광주광역시 북구 용봉동,중상사고,0,1,0,0,차대차 - 측면충돌,안전거리미확보,건조,맑음,단일로 - 기타,자전거,남,63세,중상,승용,남,29세,상해없음
2019081000100215,2019년 8월 10일 09시,토요일,광주광역시 광산구 선암동,경상사고,0,0,1,0,차대차 - 기타,안전운전불이행,건조,맑음,교차로 - 교차로안,자전거,여,65세,경상,승용,여,63세,상해없음
2019081000100216,2019년 8월 10일 09시,토요일,광주광역시 광산구 송정동,경상사고,0,0,1,0,차대차 - 측면충돌,교차로운행방법위반,건조,맑음,교차로 - 교차로안,화물,남,47세,상해없음,승용,남,29세,상해없음
2019081000100256,2019년 8월 10일 10시,토요일,광주광역시 서구 치평동,경상사고,0,0,1,0,차대차 - 추돌,안전거리미확보,건조,맑음,단일로 - 지하차도(도로)내,화물,남,24세,상해없음,화물,남,60세,경상
2019081000100296,2019년 8월 10일 11시,토요일,광주광역시 광산구 운수동,경상사고,0,0,1,0,차대차 - 추돌,안전운전불이행,건조,맑음,교차로 - 교차로부근,화물,남,30세,상해없음,승합,남,40세,경상
2019081000100338,2019년 8월 10일 12시,토요일,광주광역시 서구 동천동,경상사고,0,0,1,0,차대차 - 기타,기타,건조,맑음,교차로 - 교차로안,승용,여,52세,상해없음,승용,남,68세,경상
2019081000100339,2019년 8월 10일 12시,토요일,광주광역시 북구 두암동,경상사고,0,0,2,0,차대차 - 기타,직진우회전진행방해,건조,맑음,교차로 - 교차로안,화물,남,70세,경상,화물,남,19세,경상
2019081000100380,2019년 8월 10일 13시,토요일,광주광역시 북구 임동,경상사고,0,0,1,0,차대차 - 측면충돌,신호위반,건조,맑음,교차로 - 교차로안,승합,남,40세,상해없음,승용,여,36세,경상
2019081000100479,2019년 8월 10일 16시,토요일,광주광역시 서구 벽진동,경상사고,0,0,1,0,차대차 - 기타,안전운전불이행,건조,맑음,교차로 - 교차로안,승용,남,39세,상해없음,승용,여,48세,경상
2019081000100480,2019년 8월 10일 16시,토요일,광주광역시 서구 치평동,경상사고,0,0,1,0,차대차 - 측면충돌,안전운전불이행,건조,맑음,단일로 - 기타,승용,남,47세,상해없음,승용,남,36세,상해없음
2019081000100481,2019년 8월 10일 16시,토요일,광주광역시 북구 문흥동,경상사고,0,0,1,0,차대차 - 기타,안전운전불이행,건조,맑음,교차로 - 교차로부근,승용,남,74세,경상,승용,남,38세,기타불명
2019081000100482,2019년 8월 10일 16시,토요일,광주광역시 북구 용봉동,경상사고,0,0,1,0,차대차 - 기타,신호위반,건조,맑음,교차로 - 교차로안,이륜,남,21세,상해없음,이륜,남,36세,경상
2019081000100574,2019년 8월 10일 19시,토요일,광주광역시 북구 우산동,경상사고,0,0,2,0,차대차 - 기타,안전운전불이행,건조,맑음,단일로 - 기타,승용,남,65세,기타불명,승용,남,62세,경상
2019081000100611,2019년 8월 10일 20시,토요일,광주광역시 광산구 쌍암동,경상사고,0,0,1,0,차대차 - 측면충돌,신호위반,건조,맑음,교차로 - 교차로안,승용,남,71세,상해없음,원동기,남,24세,경상
2019081100100070,2019년 8월 11일 04시,일요일,광주광역시 서구 화정동,경상사고,0,0,1,0,차대차 - 측면충돌,안전거리미확보,건조,맑음,단일로 - 기타,승용,남,45세,상해없음,승용,남,51세,경상
2019081100100146,2019년 8월 11일 10시,일요일,광주광역시 북구 두암동,경상사고,0,0,3,0,차대차 - 측면충돌,교차로운행방법위반,건조,맑음,교차로 - 교차로안,승용,여,53세,상해없음,승용,여,34세,경상
2019081100100147,2019년 8월 11일 10시,일요일,광주광역시 북구 양산동,경상사고,0,0,3,2,차대차 - 측면충돌,안전운전불이행,젖음/습기,비,교차로 - 교차로부근,승용,여,54세,상해없음,승용,남,22세,경상
2019081100100174,2019년 8월 11일 11시,일요일,광주광역시 서구 풍암동,경상사고,0,0,1,0,차대차 - 측면충돌,교차로운행방법위반,건조,맑음,교차로 - 교차로안,승용,여,44세,경상,승용,남,63세,상해없음
2019081100100228,2019년 8월 11일 13시,일요일,광주광역시 남구 월산동,중상사고,0,1,0,0,차대차 - 측면충돌,교차로운행방법위반,건조,맑음,교차로 - 교차로안,승용,여,66세,상해없음,자전거,남,80세,중상
2019081100100310,2019년 8월 11일 16시,일요일,광주광역시 북구 문흥동,경상사고,0,0,8,2,차대차 - 추돌,안전운전불이행,건조,맑음,단일로 - 기타,승용,남,63세,경상,승용,여,46세,경상
2019081100100347,2019년 8월 11일 17시,일요일,광주광역시 동구 지산동,중상사고,0,1,0,0,차대사람 - 횡단중,보행자보호의무위반,건조,맑음,교차로 - 교차로안,승용,여,39세,기타불명,보행자,남,72세,중상
2019081100100406,2019년 8월 11일 19시,일요일,광주광역시 서구 마륵동,경상사고,0,0,1,0,차대차 - 기타,안전거리미확보,건조,맑음,교차로 - 교차로부근,승합,남,53세,상해없음,승용,여,47세,상해없음
2019081100100442,2019년 8월 11일 20시,일요일,광주광역시 동구 대인동,경상사고,0,0,3,0,차대차 - 추돌,안전거리미확보,젖음/습기,비,교차로 - 교차로부근,승용,남,59세,상해없음,승용,여,62세,경상
2019081100100443,2019년 8월 11일 20시,일요일,광주광역시 북구 양산동,경상사고,0,0,1,0,차대차 - 추돌,안전운전불이행,젖음/습기,비,교차로 - 교차로안,화물,남,49세,상해없음,승용,남,63세,경상
2019081100100444,2019년 8월 11일 20시,일요일,광주광역시 북구 양산동,중상사고,0,1,0,0,차대사람 - 차도통행중,안전운전불이행,젖음/습기,비,교차로 - 교차로부근,이륜,남,45세,상해없음,보행자,남,85세,중상
2019081100100445,2019년 8월 11일 20시,일요일,광주광역시 북구 신안동,사망사고,1,0,0,0,차대사람 - 횡단중,신호위반,젖음/습기,비,교차로 - 교차로횡단보도내,승용,남,62세,상해없음,보행자,여,68세,사망
2019081100100446,2019년 8월 11일 20시,일요일,광주광역시 광산구 우산동,경상사고,0,0,1,0,차대차 - 기타,중앙선침범,젖음/습기,비,단일로 - 기타,승용,남,42세,상해없음,이륜,남,46세,경상
2019081100100447,2019년 8월 11일 20시,일요일,광주광역시 광산구 수완동,경상사고,0,0,1,0,차대차 - 측면충돌,안전운전불이행,젖음/습기,비,교차로 - 교차로횡단보도내,승용,여,39세,상해없음,자전거,남,73세,경상
2019081100100500,2019년 8월 11일 22시,일요일,광주광역시 북구 두암동,경상사고,0,0,1,0,차대차 - 정면충돌,중앙선침범,젖음/습기,비,단일로 - 기타,승용,남,27세,상해없음,이륜,남,19세,경상
2019081100100501,2019년 8월 11일 22시,일요일,광주광역시 광산구 신창동,경상사고,0,0,1,0,차대차 - 측면충돌,안전운전불이행,젖음/습기,비,교차로 - 교차로횡단보도내,화물,남,53세,상해없음,이륜,남,34세,경상
2019081100100521,2019년 8월 11일 23시,일요일,광주광역시 서구 쌍촌동,경상사고,0,0,2,0,차대차 - 측면충돌,교차로운행방법위반,젖음/습기,비,교차로 - 교차로안,승용,남,29세,상해없음,승용,남,28세,경상
2019081100100522,2019년 8월 11일 23시,일요일,광주광역시 북구 오치동,경상사고,0,0,2,0,차대차 - 측면충돌,교차로운행방법위반,젖음/습기,비,교차로 - 교차로안,승용,남,26세,상해없음,승용,여,48세,경상
2019081200100126,2019년 8월 12일 07시,월요일,광주광역시 광산구 우산동,경상사고,0,0,1,0,차대차 - 기타,안전운전불이행,젖음/습기,흐림,교차로 - 교차로부근,자전거,남,38세,경상,승용,남,61세,상해없음
2019081200100165,2019년 8월 12일 08시,월요일,광주광역시 동구 금남로5가,중상사고,0,1,0,0,차대사람 - 기타,중앙선침범,건조,맑음,단일로 - 기타,승용,여,53세,상해없음,보행자,여,71세,중상
2019081200100166,2019년 8월 12일 08시,월요일,광주광역시 광산구 신가동,경상사고,0,0,1,0,차대차 - 기타,안전운전불이행,젖음/습기,흐림,교차로 - 교차로부근,승용,남,25세,상해없음,자전거,남,45세,경상
2019081200100167,2019년 8월 12일 08시,월요일,광주광역시 광산구 신창동,경상사고,0,0,2,0,차대차 - 기타,안전운전불이행,젖음/습기,비,교차로 - 교차로안,승용,남,35세,상해없음,승용,여,28세,경상
2019081200100235,2019년 8월 12일 10시,월요일,광주광역시 서구 화정동,경상사고,0,0,1,0,차대차 - 측면충돌,기타,건조,맑음,단일로 - 기타,승용,여,55세,상해없음,승용,남,49세,경상
2019081200100236,2019년 8월 12일 10시,월요일,광주광역시 광산구 도천동,경상사고,0,0,1,0,차대차 - 측면충돌,안전거리미확보,건조,맑음,교차로 - 교차로안,특수,남,59세,상해없음,승용,남,37세,경상
2019081200100328,2019년 8월 12일 12시,월요일,광주광역시 북구 풍향동,경상사고,0,0,1,0,차대차 - 측면충돌,안전운전불이행,건조,맑음,단일로 - 기타,승용,남,72세,상해없음,승용,여,50세,경상
2019081200100414,2019년 8월 12일 14시,월요일,광주광역시 북구 중흥동,경상사고,0,0,1,0,차대차 - 측면충돌,직진우회전진행방해,건조,맑음,교차로 - 교차로안,승용,여,41세,상해없음,이륜,남,51세,경상
2019081200100465,2019년 8월 12일 15시,월요일,광주광역시 서구 치평동,중상사고,0,1,0,0,차대사람 - 횡단중,보행자보호의무위반,건조,맑음,교차로 - 교차로안,승용,여,52세,상해없음,보행자,여,56세,중상