사고번호,사고일시,요일,시군구,사고내용,사망자수,중상자수,경상자수,부상신고자수,사고유형,법규위반,노면상태,기상상태,도로형태,가해운전자 차종,가해운전자 성별,가해운전자 연령,가해운전자 상해정도,피해운전자 차종,피해운전자 성별,피해운전자 연령,피해운전자 상해정도
2019090300100093,2019년 9월 3일 06시,화요일,광주광역시 북구 두암동,중상사고,0,1,0,0,차대사람 - 횡단중,안전운전불이행,건조,맑음,교차로 - 교차로횡단보도내,화물,남,67세,상해없음,보행자,여,85세,중상
2019090300100117,2019년 9월 3일 07시,화요일,광주광역시 북구 연제동,경상사고,0,0,2,0,차대차 - 기타,안전운전불이행,건조,맑음,교차로 - 교차로안,화물,남,57세,상해없음,승용,남,38세,경상
2019090300100155,2019년 9월 3일 08시,화요일,광주광역시 서구 양동,경상사고,0,0,1,0,차대차 - 측면충돌,안전운전불이행,건조,맑음,교차로 - 교차로안,승용,여,40세,상해없음,승용,여,30세,경상
2019090300100156,2019년 9월 3일 08시,화요일,광주광역시 북구 신안동,경상사고,0,0,1,0,차대차 - 측면충돌,안전운전불이행,건조,맑음,단일로 - 기타,화물,남,54세,상해없음,승용,남,25세,경상
2019090300100190,2019년 9월 3일 09시,화요일,광주광역시 광산구 운수동,경상사고,0,0,1,0,차대차 - 측면충돌,안전거리미확보,젖음/습기,비,단일로 - 터널,승용,남,36세,상해없음,승용,남,22세,경상
2019090300100249,2019년 9월 3일 11시,화요일,광주광역시 서구 농성동,경상사고,0,0,1,0,차대차 - 측면충돌,안전운전불이행,건조,맑음,교차로 - 교차로부근,승용,남,68세,상해없음,승용,여,58세,경상
2019090300100282,2019년 9월 3일 12시,화요일,광주광역시 동구 월남동,경상사고,0,0,1,0,차대차 - 추돌,안전운전불이행,건조,맑음,단일로 - 기타,승용,여,40세,상해없음,승용,남,42세,경상
2019090300100357,2019년 9월 3일 14시,화요일,광주광역시 서구 마륵동,경상사고,0,0,1,0,차대차 - 측면충돌,직진우회전진행방해,건조,맑음,교차로 - 교차로안,승용,여,41세,상해없음,승용,여,59세,경상
2019090300100358,2019년 9월 3일 14시,화요일,광주광역시 광산구 송정동,경상사고,0,0,1,0,차대차 - 측면충돌,안전거리미확보,건조,맑음,교차로 - 교차로부근,승용,여,72세,경상,승용,남,56세,상해없음
2019090300100395,2019년 9월 3일 15시,화요일,광주광역시 서구 쌍촌동,경상사고,0,0,2,0,차대차 - 측면충돌,안전운전불이행,젖음/습기,흐림,교차로 - 교차로안,승합,남,46세,상해없음,승용,남,23세,경상
2019090300100446,2019년 9월 3일 16시,화요일,광주광역시 북구 용봉동,중상사고,0,1,0,0,차대사람 - 기타,안전운전불이행,건조,맑음,단일로 - 기타,승용,여,29세,상해없음,보행자,여,81세,중상
2019090300100447,2019년 9월 3일 16시,화요일,광주광역시 광산구 월곡동,경상사고,0,0,1,0,차대차 - 측면충돌,신호위반,건조,맑음,교차로 - 교차로안,승용,남,56세,상해없음,자전거,여,77세,경상
2019090300100491,2019년 9월 3일 17시,화요일,광주광역시 서구 화정동,경상사고,0,0,3,0,차대차 - 측면충돌,안전운전불이행,젖음/습기,비,교차로 - 교차로안,승용,여,25세,경상,승용,남,26세,경상
2019090300100492,2019년 9월 3일 17시,화요일,광주광역시 광산구 월곡동,경상사고,0,0,1,0,차대차 - 추돌,안전운전불이행,건조,맑음,교차로 - 교차로부근,승용,남,42세,상해없음,승용,남,35세,상해없음
2019090300100493,2019년 9월 3일 17시,화요일,광주광역시 광산구 선암동,경상사고,0,0,1,0,차대차 - 측면충돌,안전거리미확보,건조,맑음,교차로 - 교차로부근,승용,남,53세,상해없음,화물,남,59세,경상
2019090300100545,2019년 9월 3일 18시,화요일,광주광역시 서구 쌍촌동,경상사고,0,0,2,0,차대차 - 추돌,차로위반,젖음/습기,비,단일로 - 기타,승용,남,69세,경상,승용,남,27세,경상
2019090300100546,2019년 9월 3일 18시,화요일,광주광역시 서구 쌍촌동,경상사고,0,0,1,0,차대차 - 측면충돌,안전운전불이행,건조,맑음,교차로 - 교차로안,승용,남,70세,상해없음,승용,남,53세,경상
2019090300100547,2019년 9월 3일 18시,화요일,광주광역시 북구 오치동,경상사고,0,0,4,0,차대차 - 추돌,안전거리미확보,건조,맑음,교차로 - 교차로부근,승용,남,66세,기타불명,승용,남,47세,경상
2019090300100548,2019년 9월 3일 18시,화요일,광주광역시 동구 계림동,중상사고,0,1,0,0,차량단독 - 기타,기타,건조,맑음,단일로 - 기타,승합,남,57세,상해없음,,,,
2019090300100549,2019년 9월 3일 18시,화요일,광주광역시 광산구 신가동,경상사고,0,0,1,0,차대사람 - 기타,안전운전불이행,건조,맑음,단일로 - 기타,자전거,남,12세,상해없음,보행자,남,61세,경상
2019090300100550,2019년 9월 3일 18시,화요일,광주광역시 광산구 신창동,경상사고,0,0,3,0,차대차 - 추돌,안전거리미확보,젖음/습기,비,교차로 - 교차로부근,승용,남,31세,경상,승용,남,53세,경상
2019090300100551,2019년 9월 3일 18시,화요일,광주광역시 광산구 쌍암동,경상사고,0,0,4,0,차대차 - 추돌,안전운전불이행,젖음/습기,비,교차로 - 교차로부근,승용,여,37세,상해없음,승용,남,32세,경상
2019090300100615,2019년 9월 3일 19시,화요일,광주광역시 광산구 신창동,경상사고,0,0,1,0,차대차 - 기타,신호위반,건조,맑음,교차로 - 교차로횡단보도내,이륜,남,31세,상해없음,이륜,남,43세,경상
2019090300100655,2019년 9월 3일 20시,화요일,광주광역시 서구 풍암동,경상사고,0,0,3,0,차대차 - 측면충돌,신호위반,젖음/습기,흐림,교차로 - 교차로횡단보도내,승용,남,58세,상해없음,승용,남,50세,경상
2019090300100656,2019년 9월 3일 20시,화요일,광주광역시 서구 화정동,경상사고,0,0,1,0,차대차 - 측면충돌,안전거리미확보,건조,맑음,단일로 - 기타,승용,남,53세,상해없음,승합,남,45세,상해없음
2019090300100657,2019년 9월 3일 20시,화요일,광주광역시 남구 송하동,경상사고,0,0,2,0,차대차 - 기타,교차로운행방법위반,건조,맑음,교차로 - 교차로안,승용,여,45세,경상,승용,여,36세,경상
2019090300100658,2019년 9월 3일 20시,화요일,광주광역시 광산구 산정동,경상사고,0,0,1,0,차대차 - 측면충돌,차로위반,건조,맑음,교차로 - 교차로부근,승용,남,52세,상해없음,이륜,남,54세,경상
2019090300100685,2019년 9월 3일 21시,화요일,광주광역시 북구 임동,경상사고,0,0,1,0,차대차 - 추돌,안전운전불이행,젖음/습기,흐림,단일로 - 기타,승용,남,66세,상해없음,승용,여,52세,경상
2019090400100029,2019년 9월 4일 00시,수요일,광주광역시 서구 화정동,중상사고,0,1,0,0,차대사람 - 기타,기타,건조,맑음,단일로 - 기타,승용,남,55세,상해없음,보행자,남,33세,중상
2019090400100041,2019년 9월 4일 01시,수요일,광주광역시 북구 신안동,경상사고,0,0,1,0,차대차 - 측면충돌,신호위반,건조,맑음,교차로 - 교차로안,승용,남,68세,상해없음,승용,남,23세,상해없음
2019090400100052,2019년 9월 4일 03시,수요일,광주광역시 북구 신용동,부상신고사고,0,0,0,1,차대차 - 측면충돌,안전운전불이행,젖음/습기,맑음,교차로 - 교차로안,기타불명,기타불명,미분류,기타불명,승용,남,25세,부상신고
2019090400100065,2019년 9월 4일 05시,수요일,광주광역시 북구 매곡동,경상사고,0,0,1,0,차대차 - 측면충돌,신호위반,젖음/습기,비,교차로 - 교차로안,승용,남,29세,상해없음,승용,남,37세,경상
2019090400100066,2019년 9월 4일 05시,수요일,광주광역시 북구 동림동,경상사고,0,0,1,0,차대사람 - 차도통행중,안전운전불이행,젖음/습기,비,교차로 - 교차로안,승용,남,50세,상해없음,보행자,여,58세,경상
2019090400100078,2019년 9월 4일 06시,수요일,광주광역시 광산구 오선동,경상사고,0,0,1,0,차대차 - 측면충돌,신호위반,젖음/습기,비,교차로 - 교차로안,화물,남,61세,상해없음,화물,남,29세,경상
2019090400100104,2019년 9월 4일 07시,수요일,광주광역시 광산구 도산동,경상사고,0,0,1,0,차대차 - 추돌,안전거리미확보,젖음/습기,맑음,교차로 - 교차로부근,승용,남,53세,상해없음,승용,남,40세,상해없음
2019090400100105,2019년 9월 4일 07시,수요일,광주광역시 광산구 소촌동,경상사고,0,0,3,0,차대차 - 측면충돌,안전거리미확보,건조,맑음,단일로 - 기타,승용,여,43세,경상,승용,여,62세,경상
2019090400100148,2019년 9월 4일 08시,수요일,광주광역시 광산구 우산동,경상사고,0,0,1,0,차대사람 - 기타,안전운전불이행,젖음/습기,비,단일로 - 기타,승용,남,46세,상해없음,보행자,남,38세,경상
2019090400100220,2019년 9월 4일 10시,수요일,광주광역시 서구 금호동,경상사고,0,0,1,0,차대차 - 기타,교차로운행방법위반,건조,맑음,교차로 - 교차로안,승용,여,32세,상해없음,이륜,남,48세,경상
2019090400100221,2019년 9월 4일 10시,수요일,광주광역시 북구 신용동,경상사고,0,0,1,0,차대차 - 기타,중앙선침범,건조,흐림,단일로 - 기타,화물,남,55세,상해없음,승용,남,54세,경상
2019090400100222,2019년 9월 4일 10시,수요일,광주광역시 광산구 송정동,경상사고,0,0,2,0,차대차 - 기타,안전거리미확보,젖음/습기,비,단일로 - 기타,화물,남,51세,상해없음,화물,남,28세,경상
2019090400100223,2019년 9월 4일 10시,수요일,광주광역시 광산구 월계동,경상사고,0,0,1,0,차대차 - 기타,안전운전불이행,건조,맑음,단일로 - 기타,승합,남,47세,상해없음,승용,남,41세,경상
2019090400100257,2019년 9월 4일 11시,수요일,광주광역시 서구 양동,경상사고,0,0,2,1,차대차 - 측면충돌,교차로운행방법위반,건조,맑음,교차로 - 교차로안,승용,남,43세,부상신고,승용,남,59세,경상
2019090400100289,2019년 9월 4일 12시,수요일,광주광역시 서구 쌍촌동,경상사고,0,0,1,0,차대차 - 측면충돌,신호위반,건조,맑음,교차로 - 교차로안,화물,남,73세,상해없음,승용,남,44세,경상
2019090400100290,2019년 9월 4일 12시,수요일,광주광역시 남구 봉선동,경상사고,0,0,1,0,차대차 - 측면충돌,안전거리미확보,건조,맑음,교차로 - 교차로부근,승용,남,59세,상해없음,승용,남,29세,경상
2019090400100316,2019년 9월 4일 13시,수요일,광주광역시 북구 우산동,중상사고,0,1,0,0,차대차 - 측면충돌,안전운전불이행,건조,맑음,교차로 - 교차로횡단보도내,승용,여,34세,상해없음,자전거,남,58세,중상
2019090400100332,2019년 9월 4일 14시,수요일,광주광역시 남구 승촌동,중상사고,0,1,0,0,차대차 - 정면충돌,교차로운행방법위반,젖음/습기,흐림,교차로 - 교차로안,화물,남,42세,상해없음,이륜,남,77세,중상
2019090400100333,2019년 9월 4일 14시,수요일,광주광역시 남구 주월동,경상사고,0,0,2,0,차대차 - 측면충돌,안전운전불이행,건조,맑음,단일로 - 기타,승용,남,70세,상해없음,승용,여,48세,경상
2019090400100334,2019년 9월 4일 14시,수요일,광주광역시 광산구 월전동,경상사고,0,0,2,0,차대차 - 측면충돌,신호위반,젖음/습기,비,교차로 - 교차로안,승용,남,42세,경상,승용,남,30세,경상
2019090400100363,2019년 9월 4일 15시,수요일,광주광역시 북구 문흥동,경상사고,0,0,1,0,차대차 - 추돌,안전운전불이행,건조,맑음,기타 - 기타,승용,여,40세,상해없음,승용,남,47세,경상
2019090400100375,2019년 9월 4일 15시,수요일,광주광역시 북구 용봉동,중상사고,0,1,0,0,차대사람 - 차도통행중,안전운전불이행,젖음/습기,흐림,교차로 - 교차로안,승용,여,39세,상해없음,보행자,여,7세,중상
2019090400100376,2019년 9월 4일 15시,수요일,광주광역시 광산구 월계동,경상사고,0,0,2,0,차대차 - 추돌,안전거리미확보,젖음/습기,흐림,교차로 - 교차로부근,승용,남,60세,경상,화물,남,54세,경상
2019090400100409,2019년 9월 4일 16시,수요일,광주광역시 동구 학동,경상사고,0,0,1,0,차대차 - 측면충돌,안전거리미확보,건조,맑음,단일로 - 기타,승합,남,67세,상해없음,승합,남,55세,경상
2019090400100410,2019년 9월 4일 16시,수요일,광주광역시 광산구 신창동,중상사고,0,1,0,0,차대사람 - 횡단중,안전운전불이행,젖음/습기,흐림,교차로 - 교차로안,승용,여,49세,상해없음,보행자,남,70세,중상
2019090400100454,2019년 9월 4일 17시,수요일,광주광역시 북구 신안동,경상사고,0,0,1,0,차대사람 - 기타,안전운전불이행,건조,맑음,단일로 - 기타,승용,남,69세,상해없음,보행자,남,12세,경상
2019090400100455,2019년 9월 4일 17시,수요일,광주광역시 북구 일곡동,경상사고,0,0,2,0,차대차 - 기타,안전운전불이행,건조,맑음,교차로 - 교차로안,승용,여,34세,상해없음,승용,남,38세,경상
2019090400100456,2019년 9월 4일 17시,수요일,광주광역시 광산구 송정동,중상사고,0,1,0,0,차대사람 - 기타,보행자보호의무위반,건조,맑음,단일로 - 기타,승용,여,36세,상해없음,보행자,남,13세,중상
2019090400100504,2019년 9월 4일 18시,수요일,광주광역시 북구 두암동,중상사고,0,1,1,0,차대차 - 측면충돌,교차로운행방법위반,건조,맑음,교차로 - 교차로안,승합,남,34세,경상,승용,여,71세,중상
2019090400100505,2019년 9월 4일 18시,수요일,광주광역시 북구 용두동,경상사고,0,0,1,0,차대차 - 후진중충돌,안전운전불이행,건조,맑음,기타 - 기타,승용,남,35세,기타불명,승용,남,26세,경상
2019090400100553,2019년 9월 4일 19시,수요일,광주광역시 북구 두암동,사망사고,1,0,0,0,차대사람 - 기타,안전운전불이행,건조,흐림,단일로 - 기타,승합,남,28세,상해없음,보행자,남,84세,사망
2019090400100602,2019년 9월 4일 20시,수요일,광주광역시 서구 화정동,경상사고,0,0,1,0,차대차 - 측면충돌,교차로운행방법위반,건조,맑음,교차로 - 교차로부근,승용,여,49세,상해없음,승용,남,55세,경상
2019090400100631,2019년 9월 4일 21시,수요일,광주광역시 북구 용봉동,경상사고,0,0,5,0,차대차 - 측면충돌,신호위반,건조,맑음,교차로 - 교차로안,승용,남,65세,경상,승용,남,39세,경상
2019090400100663,2019년 9월 4일 22시,수요일,광주광역시 서구 농성동,경상사고,0,0,2,0,차대차 - 측면충돌,안전운전불이행,건조,맑음,단일로 - 기타,승용,여,45세,기타불명,승용,남,28세,경상
2019090400100664,2019년 9월 4일 22시,수요일,광주광역시 광산구 흑석동,부상신고사고,0,0,0,1,차대차 - 측면충돌,안전운전불이행,건조,맑음,단일로 - 기타,승용,남,47세,부상신고,화물,남,38세,기타불명
2019090400100682,2019년 9월 4일 23시,수요일,광주광역시 서구 풍암동,경상사고,0,0,1,0,차대차 - 측면충돌,안전운전불이행,건조,흐림,교차로 - 교차로안,승용,남,52세,상해없음,승용,남,24세,상해없음
2019090500100038,2019년 9월 5일 00시,목요일,광주광역시 서구 풍암동,중상사고,0,1,2,0,차대차 - 측면충돌,신호위반,젖음/습기,맑음,교차로 - 교차로안,승용,남,62세,상해없음,승용,남,46세,경상
2019090500100039,2019년 9월 5일 00시,목요일,광주광역시 북구 신용동,경상사고,0,0,2,0,차대차 - 측면충돌,안전운전불이행,건조,흐림,단일로 - 기타,승용,남,33세,상해없음,승용,남,28세,경상
2019090500100070,2019년 9월 5일 03시,목요일,광주광역시 광산구 우산동,경상사고,0,0,1,0,차대차 - 기타,중앙선침범,건조,맑음,단일로 - 기타,기타불명,기타불명,미분류,기타불명,승용,남,62세,상해없음
2019090500100129,2019년 9월 5일 07시,목요일,광주광역시 서구 풍암동,경상사고,0,0,1,0,차대차 - 기타,안전거리미확보,건조,맑음,교차로 - 교차로부근,승용,남,70세,상해없음,승용,남,31세,경상
2019090500100130,2019년 9월 5일 07시,목요일,광주광역시 남구 월산동,경상사고,0,0,2,0,차대차 - 추돌,안전운전불이행,건조,맑음,교차로 - 교차로안,승용,남,67세,상해없음,승용,남,49세,경상
2019090500100185,2019년 9월 5일 08시,목요일,광주광역시 동구 장동,중상사고,0,1,0,0,차대차 - 기타,안전거리미확보,건조,맑음,단일로 - 기타,승용,남,60세,상해없음,승용,여,56세,중상
2019090500100186,2019년 9월 5일 08시,목요일,광주광역시 남구 양림동,경상사고,0,0,2,0,차대차 - 측면충돌,중앙선침범,건조,맑음,단일로 - 기타,승용,남,58세,상해없음,승용,남,52세,경상
2019090500100187,2019년 9월 5일 08시,목요일,광주광역시 광산구 오선동,경상사고,0,0,1,0,차대차 - 측면충돌,신호위반,건조,맑음,교차로 - 교차로안,화물,남,45세,상해없음,승용,남,28세,경상
2019090500100225,2019년 9월 5일 09시,목요일,광주광역시 서구 쌍촌동,경상사고,0,0,1,0,차대사람 - 기타,기타,건조,맑음,단일로 - 기타,자전거,남,60세,상해없음,보행자,여,25세,경상
2019090500100226,2019년 9월 5일 09시,목요일,광주광역시 남구 백운동,경상사고,0,0,2,0,차대차 - 후진중충돌,불법유턴,건조,맑음,교차로 - 교차로안,승용,남,53세,경상,승용,여,34세,상해없음
2019090500100227,2019년 9월 5일 09시,목요일,광주광역시 남구 주월동,경상사고,0,0,1,0,차대차 - 추돌,안전거리미확보,건조,맑음,단일로 - 기타,승용,여,44세,상해없음,승용,남,37세,경상
2019090500100228,2019년 9월 5일 09시,목요일,광주광역시 북구 오치동,중상사고,0,1,0,0,차대차 - 기타,교차로운행방법위반,건조,맑음,교차로 - 교차로부근,승용,여,50세,상해없음,이륜,남,44세,중상
2019090500100281,2019년 9월 5일 11시,목요일,광주광역시 광산구 운수동,경상사고,0,0,2,0,차대차 - 측면충돌,안전운전불이행,건조,맑음,단일로 - 기타,승용,여,52세,상해없음,이륜,남,21세,경상
2019090500100304,2019년 9월 5일 12시,목요일,광주광역시 동구 궁동,경상사고,0,0,1,0,차대사람 - 횡단중,안전운전불이행,건조,맑음,단일로 - 기타,기타불명,기타불명,미분류,기타불명,보행자,여,70세,경상
2019090500100336,2019년 9월 5일 13시,목요일,광주광역시 남구 월산동,경상사고,0,0,1,0,차대차 - 측면충돌,불법유턴,건조,맑음,단일로 - 기타,승용,남,68세,상해없음,승용,여,42세,경상
2019090500100337,2019년 9월 5일 13시,목요일,광주광역시 남구 진월동,경상사고,0,0,1,0,차대차 - 측면충돌,안전운전불이행,건조,맑음,단일로 - 기타,승용,여,30세,기타불명,승용,남,35세,경상
2019090500100422,2019년 9월 5일 15시,목요일,광주광역시 광산구 우산동,경상사고,0,0,1,0,차대차 - 기타,안전운전불이행,건조,맑음,단일로 - 기타,승용,여,41세,상해없음,자전거,남,67세,경상
2019090500100462,2019년 9월 5일 16시,목요일,광주광역시 북구 일곡동,경상사고,0,0,2,0,차대차 - 측면충돌,안전운전불이행,건조,맑음,교차로 - 교차로안,승용,여,65세,경상,승용,여,54세,경상
2019090500100499,2019년 9월 5일 17시,목요일,광주광역시 남구 봉선동,경상사고,0,0,1,0,차대차 - 측면충돌,교차로운행방법위반,건조,맑음,교차로 - 교차로안,승용,남,34세,상해없음,승용,남,48세,경상
2019090500100500,2019년 9월 5일 17시,목요일,광주광역시 남구 송하동,경상사고,0,0,1,0,차대차 - 측면충돌,안전운전불이행,건조,맑음,단일로 - 기타,승합,남,39세,상해없음,승용,남,42세,경상
2019090500100552,2019년 9월 5일 18시,목요일,광주광역시 북구 삼각동,경상사고,0,0,1,0,차대차 - 측면충돌,안전운전불이행,건조,맑음,교차로 - 교차로부근,승용,남,34세,상해없음,자전거,여,68세,경상
2019090500100595,2019년 9월 5일 19시,목요일,광주광역시 북구 두암동,부상신고사고,0,0,0,1,차대차 - 측면충돌,안전운전불이행,건조,맑음,단일로 - 기타,승용,남,57세,상해없음,이륜,남,26세,부상신고
2019090500100636,2019년 9월 5일 20시,목요일,광주광역시 서구 금호동,중상사고,0,1,0,0,차대사람 - 횡단중,보행자보호의무위반,젖음/습기,비,교차로 - 교차로횡단보도내,승용,남,36세,상해없음,보행자,남,47세,중상
2019090500100637,2019년 9월 5일 20시,목요일,광주광역시 광산구 신가동,경상사고,0,0,2,0,차대차 - 측면충돌,신호위반,건조,맑음,교차로 - 교차로안,승용,여,28세,상해없음,승용,남,37세,경상
2019090500100661,2019년 9월 5일 21시,목요일,광주광역시 서구 광천동,경상사고,0,0,1,0,차대사람 - 횡단중,안전운전불이행,건조,맑음,단일로 - 기타,승용,남,31세,상해없음,보행자,여,64세,경상
2019090500100662,2019년 9월 5일 21시,목요일,광주광역시 북구 우산동,중상사고,0,1,0,0,차대사람 - 차도통행중,안전운전불이행,건조,맑음,단일로 - 기타,승용,남,71세,상해없음,보행자,남,42세,중상
2019090500100688,2019년 9월 5일 22시,목요일,광주광역시 북구 본촌동,경상사고,0,0,2,0,차대차 - 측면충돌,중앙선침범,건조,맑음,단일로 - 기타,승합,남,62세,상해없음,승용,남,49세,경상
2019090500100689,2019년 9월 5일 22시,목요일,광주광역시 광산구 월계동,경상사고,0,0,1,0,차대차 - 추돌,안전운전불이행,건조,맑음,교차로 - 교차로부근,승용,남,39세,상해없음,승용,여,45세,상해없음
2019090600100074,2019년 9월 6일 05시,금요일,광주광역시 광산구 선암동,경상사고,0,0,1,0,차대사람 - 횡단중,안전운전불이행,건조,맑음,교차로 - 교차로부근,승용,여,56세,상해없음,보행자,여,70세,경상
2019090600100097,2019년 9월 6일 07시,금요일,광주광역시 광산구 장덕동,경상사고,0,0,2,0,차대차 - 추돌,안전운전불이행,건조,맑음,교차로 - 교차로부근,승용,남,54세,상해없음,화물,남,29세,경상
2019090600100120,2019년 9월 6일 08시,금요일,광주광역시 광산구 신창동,경상사고,0,0,4,0,차대차 - 기타,안전거리미확보,건조,맑음,기타 - 기타,승용,남,68세,상해없음,승용,남,27세,경상
2019090600100127,2019년 9월 6일 08시,금요일,광주광역시 동구 학동,부상신고사고,0,0,0,1,차대차 - 측면충돌,안전운전불이행,건조,맑음,단일로 - 기타,자전거,여,69세,부상신고,승용,남,70세,상해없음
2019090600100128,2019년 9월 6일 08시,금요일,광주광역시 동구 산수동,경상사고,0,0,1,0,차대차 - 추돌,안전거리미확보,건조,맑음,기타 - 기타,승용,남,61세,상해없음,승용,여,24세,경상
2019090600100129,2019년 9월 6일 08시,금요일,광주광역시 광산구 수완동,경상사고,0,0,1,0,차대차 - 추돌,안전운전불이행,건조,맑음,단일로 - 기타,승용,남,31세,상해없음,승용,남,38세,경상
2019090600100160,2019년 9월 6일 09시,금요일,광주광역시 남구 방림동,경상사고,0,0,2,0,차대차 - 측면충돌,안전운전불이행,젖음/습기,비,교차로 - 교차로부근,화물,남,45세,상해없음,화물,남,51세,경상
2019090600100188,2019년 9월 6일 10시,금요일,광주광역시 서구 치평동,경상사고,0,0,3,0,차대차 - 정면충돌,직진우회전진행방해,건조,맑음,교차로 - 교차로안,승용,남,60세,경상,승용,남,70세,경상
2019090600100278,2019년 9월 6일 13시,금요일,광주광역시 서구 쌍촌동,경상사고,0,0,2,0,차대차 - 측면충돌,안전운전불이행,건조,맑음,단일로 - 기타,건설기계,남,55세,상해없음,승용,남,40세,경상
2019090600100279,2019년 9월 6일 13시,금요일,광주광역시 남구 월산동,중상사고,0,1,0,0,차대차 - 측면충돌,교차로운행방법위반,건조,맑음,교차로 - 교차로안,승용,남,33세,상해없음,이륜,남,20세,중상
2019090600100280,2019년 9월 6일 13시,금요일,광주광역시 남구 주월동,경상사고,0,0,1,0,차대차 - 측면충돌,안전운전불이행,건조,맑음,교차로 - 교차로안,승용,여,42세,상해없음,이륜,남,45세,경상
2019090600100281,2019년 9월 6일 13시,금요일,광주광역시 북구 누문동,중상사고,0,1,0,0,차대차 - 측면충돌,안전거리미확보,건조,맑음,단일로 - 기타,승용,남,47세,상해없음,이륜,남,38세,중상
2019090600100318,2019년 9월 6일 14시,금요일,광주광역시 북구 두암동,경상사고,0,0,1,0,차대사람 - 차도통행중,안전운전불이행,건조,맑음,교차로 - 교차로안,승합,남,42세,상해없음,보행자,여,63세,경상
2019090600100319,2019년 9월 6일 14시,금요일,광주광역시 광산구 장덕동,경상사고,0,0,1,0,차대차 - 추돌,안전운전불이행,건조,맑음,교차로 - 교차로부근,승용,남,62세,상해없음,승용,남,29세,경상
2019090600100409,2019년 9월 6일 16시,금요일,광주광역시 서구 농성동,중상사고,0,1,0,0,차대차 - 측면충돌,안전거리미확보,건조,맑음,단일로 - 기타,승용,남,70세,상해없음,승용,남,31세,상해없음
2019090600100410,2019년 9월 6일 16시,금요일,광주광역시 광산구 운수동,경상사고,0,0,1,0,차대차 - 측면충돌,교차로운행방법위반,젖음/습기,비,교차로 - 교차로안,승용,남,51세,상해없음,승용,남,27세,경상
2019090600100464,2019년 9월 6일 17시,금요일,광주광역시 남구 송하동,경상사고,0,0,2,0,차대차 - 측면충돌,차로위반,건조,맑음,단일로 - 기타,화물,남,37세,상해없음,승용,여,47세,경상
2019090600100465,2019년 9월 6일 17시,금요일,광주광역시 북구 유동,중상사고,0,1,0,0,차대사람 - 횡단중,안전운전불이행,건조,흐림,교차로 - 교차로부근,승용,남,57세,상해없음,보행자,남,21세,중상
2019090600100466,2019년 9월 6일 17시,금요일,광주광역시 광산구 수완동,경상사고,0,0,1,0,차대차 - 기타,안전운전불이행,젖음/습기,비,주차장 - 주차장,승용,남,45세,기타불명,승용,남,36세,경상
2019090600100508,2019년 9월 6일 18시,금요일,광주광역시 광산구 월계동,경상사고,0,0,2,0,차대차 - 추돌,안전운전불이행,젖음/습기,비,교차로 - 교차로부근,이륜,남,27세,경상,승용,여,49세,경상
2019090600100509,2019년 9월 6일 18시,금요일,광주광역시 광산구 장덕동,중상사고,0,1,0,0,차량단독 - 기타,기타,건조,맑음,단일로 - 기타,승합,남,61세,상해없음,,,,
2019090600100566,2019년 9월 6일 19시,금요일,광주광역시 서구 치평동,경상사고,0,0,1,0,차대차 - 측면충돌,교차로운행방법위반,건조,맑음,교차로 - 교차로안,승용,남,46세,상해없음,승용,남,37세,경상
2019090600100567,2019년 9월 6일 19시,금요일,광주광역시 서구 치평동,경상사고,0,0,1,0,차대사람 - 기타,안전운전불이행,건조,맑음,교차로 - 교차로부근,승용,남,21세,상해없음,보행자,여,29세,경상
2019090600100568,2019년 9월 6일 19시,금요일,광주광역시 남구 진월동,경상사고,0,0,1,0,차대차 - 기타,차로위반,건조,맑음,단일로 - 기타,승용,남,65세,상해없음,이륜,남,28세,경상
2019090600100569,2019년 9월 6일 19시,금요일,광주광역시 북구 임동,경상사고,0,0,3,0,차대차 - 추돌,안전거리미확보,건조,맑음,단일로 - 기타,승용,여,35세,상해없음,승용,여,56세,경상
2019090600100570,2019년 9월 6일 19시,금요일,광주광역시 광산구 우산동,경상사고,0,0,1,0,차대차 - 측면충돌,안전운전불이행,젖음/습기,비,교차로 - 교차로안,승용,남,54세,상해없음,승용,남,43세,상해없음
2019090600100571,2019년 9월 6일 19시,금요일,광주광역시 북구 오룡동,경상사고,0,0,1,0,차대차 - 측면충돌,교차로운행방법위반,젖음/습기,비,교차로 - 교차로안,승용,여,47세,상해없음,승용,여,45세,경상
2019090600100614,2019년 9월 6일 20시,금요일,광주광역시 동구 대인동,중상사고,0,1,0,0,차대사람 - 기타,안전운전불이행,건조,흐림,교차로 - 교차로부근,승용,남,50세,상해없음,보행자,남,64세,중상
2019090600100615,2019년 9월 6일 20시,금요일,광주광역시 서구 풍암동,경상사고,0,0,1,0,차대차 - 측면충돌,안전거리미확보,건조,맑음,단일로 - 기타,승용,여,49세,상해없음,승용,여,39세,경상
2019090600100651,2019년 9월 6일 21시,금요일,광주광역시 북구 두암동,중상사고,0,2,0,0,차대차 - 측면충돌,신호위반,건조,흐림,교차로 - 교차로안,승용,남,56세,상해없음,이륜,남,34세,중상
2019090600100652,2019년 9월 6일 21시,금요일,광주광역시 북구 각화동,경상사고,0,0,2,0,차대차 - 추돌,안전거리미확보,건조,맑음,단일로 - 기타,화물,남,46세,상해없음,승용,여,68세,경상
2019090600100653,2019년 9월 6일 21시,금요일,광주광역시 광산구 신가동,경상사고,0,0,5,0,차대차 - 추돌,안전거리미확보,건조,맑음,교차로 - 교차로부근,승용,남,22세,경상,승용,여,47세,경상