사고번호,사고일시,요일,시군구,사고내용,사망자수,중상자수,경상자수,부상신고자수,사고유형,법규위반,노면상태,기상상태,도로형태,가해운전자 차종,가해운전자 성별,가해운전자 연령,가해운전자 상해정도,피해운전자 차종,피해운전자 성별,피해운전자 연령,피해운전자 상해정도
2019091700100350,2019년 9월 17일 13시,화요일,광주광역시 북구 동림동,부상신고사고,0,0,0,1,차대사람 - 보도통행중,안전운전불이행,건조,맑음,단일로 - 기타,승용,남,28세,상해없음,보행자,여,67세,부상신고
2019091700100351,2019년 9월 17일 13시,화요일,광주광역시 광산구 선암동,경상사고,0,0,1,0,차대차 - 기타,안전운전불이행,건조,맑음,단일로 - 기타,승용,남,25세,상해없음,이륜,남,37세,경상
2019091700100352,2019년 9월 17일 13시,화요일,광주광역시 광산구 쌍암동,경상사고,0,0,1,0,차대차 - 측면충돌,안전거리미확보,건조,맑음,단일로 - 기타,이륜,남,38세,경상,승용,남,48세,상해없음
2019091700100383,2019년 9월 17일 14시,화요일,광주광역시 북구 매곡동,부상신고사고,0,0,0,1,차대사람 - 기타,안전운전불이행,건조,맑음,단일로 - 기타,기타불명,기타불명,미분류,기타불명,보행자,여,7세,부상신고
2019091700100448,2019년 9월 17일 16시,화요일,광주광역시 광산구 광산동,경상사고,0,0,1,0,차대차 - 기타,차로위반,건조,맑음,단일로 - 기타,승용,남,70세,상해없음,승용,여,54세,경상
2019091700100467,2019년 9월 17일 16시,화요일,광주광역시 북구 신안동,중상사고,0,1,0,0,차대사람 - 횡단중,중앙선침범,건조,맑음,단일로 - 기타,승용,남,47세,상해없음,보행자,여,70세,중상
2019091700100468,2019년 9월 17일 16시,화요일,광주광역시 북구 운암동,경상사고,0,0,1,0,차대사람 - 기타,보행자보호의무위반,건조,맑음,교차로 - 교차로횡단보도내,기타불명,기타불명,미분류,기타불명,보행자,남,63세,경상
2019091700100510,2019년 9월 17일 17시,화요일,광주광역시 남구 방림동,경상사고,0,0,1,0,차대차 - 추돌,안전운전불이행,건조,맑음,기타 - 기타,승용,남,73세,상해없음,승용,여,55세,경상
2019091700100511,2019년 9월 17일 17시,화요일,광주광역시 남구 서동,중상사고,0,1,17,0,차대차 - 기타,안전거리미확보,건조,맑음,단일로 - 기타,승용,여,47세,상해없음,승합,남,57세,상해없음
2019091700100512,2019년 9월 17일 17시,화요일,광주광역시 북구 연제동,부상신고사고,0,0,0,2,차대차 - 측면충돌,안전거리미확보,건조,맑음,단일로 - 기타,화물,남,48세,상해없음,승용,남,39세,부상신고
2019091700100513,2019년 9월 17일 17시,화요일,광주광역시 북구 문흥동,경상사고,0,0,1,0,차대차 - 측면충돌,차로위반,건조,맑음,단일로 - 기타,승용,남,60세,기타불명,승용,남,49세,경상
2019091700100514,2019년 9월 17일 17시,화요일,광주광역시 광산구 우산동,경상사고,0,0,1,0,차대차 - 기타,교차로운행방법위반,건조,맑음,교차로 - 교차로안,승용,남,33세,상해없음,승용,남,30세,경상
2019091700100545,2019년 9월 17일 18시,화요일,광주광역시 광산구 수완동,경상사고,0,0,1,0,차대차 - 추돌,안전운전불이행,건조,맑음,단일로 - 기타,승용,남,33세,상해없음,승용,남,24세,경상
2019091700100558,2019년 9월 17일 18시,화요일,광주광역시 북구 오치동,경상사고,0,0,2,0,차대차 - 측면충돌,교차로운행방법위반,건조,맑음,교차로 - 교차로안,승용,여,53세,경상,승용,여,39세,경상
2019091700100609,2019년 9월 17일 19시,화요일,광주광역시 동구 운림동,경상사고,0,0,4,0,차대차 - 측면충돌,안전운전불이행,건조,맑음,교차로 - 교차로안,승용,남,55세,경상,승합,남,38세,경상
2019091700100634,2019년 9월 17일 20시,화요일,광주광역시 북구 두암동,경상사고,0,0,1,0,차대차 - 기타,안전운전불이행,건조,맑음,교차로 - 교차로안,승용,여,56세,상해없음,이륜,남,31세,경상
2019091700100659,2019년 9월 17일 21시,화요일,광주광역시 북구 용봉동,경상사고,0,0,1,0,차대사람 - 기타,안전운전불이행,건조,맑음,단일로 - 기타,이륜,남,18세,상해없음,보행자,남,22세,경상
2019091700100660,2019년 9월 17일 21시,화요일,광주광역시 광산구 월곡동,경상사고,0,0,1,0,차대차 - 측면충돌,안전운전불이행,건조,맑음,단일로 - 기타,이륜,남,55세,상해없음,이륜,남,22세,경상
2019091800100042,2019년 9월 18일 01시,수요일,광주광역시 동구 광산동,경상사고,0,0,1,0,차대사람 - 기타,신호위반,건조,맑음,교차로 - 교차로횡단보도내,승용,남,46세,상해없음,보행자,여,20세,경상
2019091800100141,2019년 9월 18일 08시,수요일,광주광역시 남구 월산동,중상사고,0,1,0,0,차대사람 - 횡단중,안전운전불이행,건조,맑음,단일로 - 기타,화물,남,24세,상해없음,보행자,남,41세,중상
2019091800100142,2019년 9월 18일 08시,수요일,광주광역시 광산구 수완동,경상사고,0,0,2,1,차대차 - 측면충돌,신호위반,건조,맑음,교차로 - 교차로안,승용,남,58세,상해없음,승용,남,49세,경상
2019091800100143,2019년 9월 18일 08시,수요일,광주광역시 광산구 우산동,경상사고,0,0,3,0,차대차 - 기타,안전거리미확보,건조,맑음,단일로 - 기타,승용,남,26세,상해없음,승용,남,32세,경상
2019091800100234,2019년 9월 18일 11시,수요일,광주광역시 북구 운암동,경상사고,0,0,1,0,차대차 - 측면충돌,안전운전불이행,건조,맑음,단일로 - 기타,승용,남,76세,상해없음,화물,남,45세,경상
2019091800100235,2019년 9월 18일 11시,수요일,광주광역시 광산구 용곡동,경상사고,0,0,2,0,차대차 - 기타,안전거리미확보,건조,맑음,단일로 - 기타,화물,남,53세,상해없음,승용,남,65세,경상
2019091800100305,2019년 9월 18일 13시,수요일,광주광역시 북구 중흥동,중상사고,0,1,0,0,차대차 - 측면충돌,안전운전불이행,건조,맑음,단일로 - 기타,승용,여,60세,상해없음,승용,남,30세,중상
2019091800100348,2019년 9월 18일 14시,수요일,광주광역시 서구 매월동,경상사고,0,0,2,0,차대차 - 추돌,안전거리미확보,건조,맑음,단일로 - 지하차도(도로)내,화물,남,54세,상해없음,승용,남,50세,경상
2019091800100349,2019년 9월 18일 14시,수요일,광주광역시 남구 주월동,경상사고,0,0,1,0,차대차 - 측면충돌,교차로운행방법위반,건조,맑음,교차로 - 교차로안,승합,남,54세,상해없음,승용,여,56세,경상
2019091800100350,2019년 9월 18일 14시,수요일,광주광역시 북구 두암동,중상사고,0,1,0,0,차대사람 - 횡단중,안전운전불이행,건조,맑음,교차로 - 교차로안,승용,남,35세,상해없음,보행자,여,65세,중상
2019091800100351,2019년 9월 18일 14시,수요일,광주광역시 북구 지야동,중상사고,0,1,1,0,차대차 - 측면충돌,안전운전불이행,건조,맑음,단일로 - 기타,승용,남,55세,상해없음,승용,여,60세,상해없음
2019091800100386,2019년 9월 18일 15시,수요일,광주광역시 북구 임동,부상신고사고,0,0,0,1,차대차 - 기타,중앙선침범,건조,맑음,교차로 - 교차로안,자전거,남,51세,부상신고,이륜,남,36세,상해없음
2019091800100387,2019년 9월 18일 15시,수요일,광주광역시 북구 운암동,중상사고,0,1,0,0,차대차 - 측면충돌,안전운전불이행,건조,맑음,단일로 - 기타,승용,남,50세,상해없음,자전거,여,53세,중상
2019091800100432,2019년 9월 18일 16시,수요일,광주광역시 북구 우산동,중상사고,0,1,1,0,차대차 - 정면충돌,안전운전불이행,건조,맑음,단일로 - 기타,이륜,남,73세,중상,승용,남,64세,경상
2019091800100495,2019년 9월 18일 17시,수요일,광주광역시 서구 치평동,경상사고,0,0,1,0,차대차 - 기타,신호위반,건조,맑음,교차로 - 교차로안,승용,남,27세,상해없음,승용,여,39세,경상
2019091800100496,2019년 9월 18일 17시,수요일,광주광역시 서구 풍암동,경상사고,0,0,1,0,차대사람 - 차도통행중,안전운전불이행,건조,맑음,단일로 - 기타,승용,남,46세,상해없음,보행자,남,60세,경상
2019091800100497,2019년 9월 18일 17시,수요일,광주광역시 광산구 신창동,경상사고,0,0,1,1,차대차 - 측면충돌,안전운전불이행,건조,맑음,단일로 - 기타,승용,여,29세,부상신고,승용,여,49세,경상
2019091800100558,2019년 9월 18일 18시,수요일,광주광역시 동구 서석동,경상사고,0,0,2,0,차대차 - 기타,신호위반,건조,맑음,교차로 - 교차로안,승용,남,75세,상해없음,승용,남,44세,경상
2019091800100559,2019년 9월 18일 18시,수요일,광주광역시 서구 금호동,경상사고,0,0,1,0,차대차 - 추돌,안전운전불이행,건조,맑음,단일로 - 기타,승용,남,24세,상해없음,승용,남,50세,경상
2019091800100560,2019년 9월 18일 18시,수요일,광주광역시 서구 금호동,경상사고,0,0,1,0,차대차 - 기타,안전운전불이행,건조,맑음,교차로 - 교차로부근,승용,남,47세,상해없음,승용,남,24세,경상
2019091800100561,2019년 9월 18일 18시,수요일,광주광역시 남구 봉선동,경상사고,0,0,1,0,차대차 - 기타,안전운전불이행,건조,맑음,교차로 - 교차로부근,승용,여,43세,상해없음,이륜,남,37세,경상
2019091800100562,2019년 9월 18일 18시,수요일,광주광역시 남구 서동,경상사고,0,0,1,0,차대사람 - 횡단중,보행자보호의무위반,건조,맑음,단일로 - 기타,기타불명,기타불명,미분류,기타불명,보행자,여,18세,경상
2019091800100563,2019년 9월 18일 18시,수요일,광주광역시 광산구 소촌동,경상사고,0,0,1,0,차대차 - 후진중충돌,안전운전불이행,건조,맑음,교차로 - 교차로안,화물,남,39세,상해없음,자전거,남,66세,경상
2019091800100618,2019년 9월 18일 19시,수요일,광주광역시 서구 화정동,경상사고,0,0,1,0,차대사람 - 횡단중,보행자보호의무위반,건조,맑음,단일로 - 기타,승용,여,39세,상해없음,보행자,남,61세,경상
2019091800100619,2019년 9월 18일 19시,수요일,광주광역시 남구 주월동,경상사고,0,0,2,0,차대차 - 측면충돌,안전운전불이행,건조,맑음,교차로 - 교차로부근,승용,남,44세,경상,이륜,남,22세,경상
2019091800100656,2019년 9월 18일 20시,수요일,광주광역시 서구 쌍촌동,중상사고,0,1,0,0,차대차 - 기타,안전운전불이행,건조,맑음,교차로 - 교차로부근,승용,남,57세,상해없음,이륜,남,46세,중상
2019091800100657,2019년 9월 18일 20시,수요일,광주광역시 북구 운암동,경상사고,0,0,1,0,차대차 - 기타,안전운전불이행,건조,맑음,교차로 - 교차로부근,이륜,남,23세,상해없음,승용,남,66세,경상
2019091800100658,2019년 9월 18일 20시,수요일,광주광역시 광산구 신창동,경상사고,0,0,1,0,차대차 - 추돌,안전거리미확보,건조,맑음,교차로 - 교차로부근,승용,남,36세,상해없음,승용,남,45세,경상
2019091800100685,2019년 9월 18일 21시,수요일,광주광역시 서구 치평동,중상사고,0,1,0,0,차대차 - 측면충돌,교차로운행방법위반,건조,맑음,교차로 - 교차로안,이륜,남,24세,중상,승용,남,61세,상해없음
2019091800100686,2019년 9월 18일 21시,수요일,광주광역시 광산구 신창동,경상사고,0,0,1,0,차대차 - 추돌,안전운전불이행,건조,맑음,교차로 - 교차로부근,기타불명,기타불명,미분류,기타불명,승용,여,55세,경상
2019091900100056,2019년 9월 19일 02시,목요일,광주광역시 서구 화정동,경상사고,0,0,1,0,차대사람 - 횡단중,신호위반,건조,맑음,교차로 - 교차로부근,승용,남,50세,상해없음,보행자,남,36세,경상
2019091900100172,2019년 9월 19일 08시,목요일,광주광역시 서구 풍암동,경상사고,0,0,1,0,차대차 - 정면충돌,중앙선침범,건조,맑음,교차로 - 교차로부근,승용,남,19세,상해없음,승용,남,59세,경상
2019091900100173,2019년 9월 19일 08시,목요일,광주광역시 북구 동림동,경상사고,0,0,1,0,차대차 - 측면충돌,차로위반,건조,맑음,단일로 - 기타,승용,남,64세,기타불명,승용,남,36세,경상
2019091900100219,2019년 9월 19일 09시,목요일,광주광역시 동구 지산동,경상사고,0,0,1,0,차대차 - 기타,신호위반,건조,맑음,단일로 - 기타,승용,남,65세,상해없음,승용,여,53세,경상
2019091900100220,2019년 9월 19일 09시,목요일,광주광역시 동구 산수동,경상사고,0,0,1,0,차대차 - 기타,교차로운행방법위반,건조,맑음,교차로 - 교차로부근,화물,남,61세,상해없음,승용,남,30세,경상
2019091900100248,2019년 9월 19일 10시,목요일,광주광역시 북구 북동,중상사고,0,1,0,0,차대차 - 측면충돌,신호위반,건조,맑음,교차로 - 교차로안,승용,남,22세,상해없음,자전거,여,53세,중상
2019091900100275,2019년 9월 19일 11시,목요일,광주광역시 광산구 월곡동,경상사고,0,0,3,0,차대차 - 측면충돌,안전운전불이행,건조,맑음,교차로 - 교차로안,승용,여,29세,상해없음,승용,남,38세,상해없음
2019091900100333,2019년 9월 19일 13시,목요일,광주광역시 남구 주월동,경상사고,0,0,1,0,차대사람 - 기타,신호위반,건조,맑음,단일로 - 기타,기타불명,기타불명,미분류,기타불명,보행자,여,37세,경상
2019091900100334,2019년 9월 19일 13시,목요일,광주광역시 광산구 수완동,경상사고,0,0,2,1,차대차 - 측면충돌,안전거리미확보,건조,맑음,교차로 - 교차로부근,화물,남,60세,부상신고,화물,남,47세,경상
2019091900100368,2019년 9월 19일 14시,목요일,광주광역시 동구 계림동,경상사고,0,0,2,0,차대차 - 기타,교차로운행방법위반,건조,맑음,교차로 - 교차로안,승용,여,34세,상해없음,승용,남,72세,경상
2019091900100369,2019년 9월 19일 14시,목요일,광주광역시 남구 봉선동,경상사고,0,0,1,0,차대차 - 후진중충돌,안전운전불이행,건조,맑음,단일로 - 기타,승용,여,44세,상해없음,승용,남,20세,경상
2019091900100408,2019년 9월 19일 15시,목요일,광주광역시 북구 용봉동,중상사고,0,1,0,0,차대사람 - 기타,안전운전불이행,건조,맑음,교차로 - 교차로안,승용,남,54세,상해없음,보행자,남,48세,중상
2019091900100493,2019년 9월 19일 17시,목요일,광주광역시 서구 광천동,경상사고,0,0,2,0,차대차 - 기타,안전거리미확보,건조,맑음,단일로 - 기타,승용,남,49세,상해없음,승합,남,48세,상해없음
2019091900100494,2019년 9월 19일 17시,목요일,광주광역시 남구 진월동,중상사고,0,1,0,0,차대사람 - 기타,안전운전불이행,건조,맑음,단일로 - 기타,승용,남,56세,상해없음,보행자,여,64세,중상
2019091900100532,2019년 9월 19일 18시,목요일,광주광역시 남구 주월동,경상사고,0,0,1,0,차대차 - 후진중충돌,안전운전불이행,건조,맑음,단일로 - 기타,승용,남,48세,상해없음,승용,남,55세,경상
2019091900100533,2019년 9월 19일 18시,목요일,광주광역시 북구 일곡동,중상사고,0,1,0,0,차대사람 - 횡단중,안전운전불이행,건조,맑음,단일로 - 기타,승용,남,44세,상해없음,보행자,여,48세,중상
2019091900100534,2019년 9월 19일 18시,목요일,광주광역시 북구 누문동,경상사고,0,0,2,0,차대차 - 측면충돌,안전운전불이행,건조,맑음,단일로 - 기타,승용,남,40세,상해없음,이륜,남,27세,경상
2019091900100535,2019년 9월 19일 18시,목요일,광주광역시 북구 용봉동,경상사고,0,0,1,0,차대차 - 측면충돌,안전운전불이행,건조,맑음,단일로 - 기타,승용,남,45세,상해없음,승합,남,47세,경상
2019091900100536,2019년 9월 19일 18시,목요일,광주광역시 북구 매곡동,중상사고,0,1,0,0,차대사람 - 기타,안전운전불이행,건조,맑음,단일로 - 기타,승용,남,59세,상해없음,보행자,여,6세,중상
2019091900100537,2019년 9월 19일 18시,목요일,광주광역시 북구 오치동,경상사고,0,0,2,0,차대차 - 추돌,안전운전불이행,건조,맑음,교차로 - 교차로안,승용,남,65세,상해없음,승용,여,45세,경상
2019091900100538,2019년 9월 19일 18시,목요일,광주광역시 광산구 도천동,경상사고,0,0,1,0,차대사람 - 횡단중,보행자보호의무위반,건조,맑음,단일로 - 기타,화물,남,50세,상해없음,보행자,남,24세,경상
2019091900100571,2019년 9월 19일 19시,목요일,광주광역시 서구 쌍촌동,경상사고,0,0,1,0,차대차 - 측면충돌,안전운전불이행,건조,맑음,교차로 - 교차로부근,자전거,여,28세,경상,승용,남,56세,상해없음
2019091900100633,2019년 9월 19일 21시,목요일,광주광역시 북구 두암동,경상사고,0,0,1,0,차대사람 - 횡단중,안전운전불이행,건조,맑음,단일로 - 기타,화물,남,63세,상해없음,보행자,여,29세,경상
2019091900100634,2019년 9월 19일 21시,목요일,광주광역시 광산구 월전동,경상사고,0,0,2,0,차대차 - 측면충돌,교차로운행방법위반,건조,맑음,교차로 - 교차로안,승용,남,21세,경상,승용,남,46세,경상
2019091900100658,2019년 9월 19일 22시,목요일,광주광역시 서구 풍암동,경상사고,0,0,1,0,차대사람 - 횡단중,교차로운행방법위반,건조,맑음,교차로 - 교차로부근,승용,남,43세,상해없음,보행자,남,34세,경상
2019091900100659,2019년 9월 19일 22시,목요일,광주광역시 서구 쌍촌동,경상사고,0,0,2,0,차대차 - 기타,안전운전불이행,건조,흐림,교차로 - 교차로안,화물,남,28세,상해없음,승용,남,55세,경상
2019092000100029,2019년 9월 20일 00시,금요일,광주광역시 동구 계림동,사망사고,1,0,0,0,차대사람 - 기타,과속,건조,맑음,단일로 - 기타,승용,남,40세,상해없음,보행자,남,52세,사망
2019092000100030,2019년 9월 20일 00시,금요일,광주광역시 광산구 신가동,경상사고,0,0,1,0,차대차 - 측면충돌,안전운전불이행,건조,맑음,교차로 - 교차로안,승용,여,70세,상해없음,원동기,남,28세,경상
2019092000100056,2019년 9월 20일 03시,금요일,광주광역시 광산구 월계동,경상사고,0,0,1,0,차대사람 - 기타,안전운전불이행,건조,맑음,기타 - 기타,승용,남,55세,상해없음,보행자,여,20세,경상
2019092000100098,2019년 9월 20일 06시,금요일,광주광역시 북구 임동,경상사고,0,0,4,0,차대차 - 측면충돌,중앙선침범,건조,맑음,단일로 - 기타,승용,남,55세,상해없음,승용,남,53세,경상
2019092000100212,2019년 9월 20일 09시,금요일,광주광역시 북구 동림동,중상사고,0,1,0,0,차대차 - 기타,안전운전불이행,건조,맑음,단일로 - 기타,이륜,남,56세,중상,승합,남,57세,상해없음
2019092000100247,2019년 9월 20일 10시,금요일,광주광역시 서구 화정동,경상사고,0,0,1,0,차대차 - 기타,안전운전불이행,건조,맑음,단일로 - 기타,승용,남,53세,상해없음,승용,남,36세,경상
2019092000100285,2019년 9월 20일 11시,금요일,광주광역시 광산구 안청동,경상사고,0,0,2,0,차대차 - 측면충돌,직진우회전진행방해,건조,맑음,교차로 - 교차로안,화물,남,64세,경상,화물,남,56세,경상
2019092000100327,2019년 9월 20일 12시,금요일,광주광역시 광산구 수완동,경상사고,0,0,1,0,차대차 - 측면충돌,차로위반,건조,맑음,단일로 - 기타,승용,남,75세,상해없음,승용,남,38세,경상
2019092000100372,2019년 9월 20일 14시,금요일,광주광역시 북구 두암동,경상사고,0,0,1,0,차대차 - 추돌,안전운전불이행,건조,맑음,단일로 - 기타,승용,남,59세,상해없음,승용,남,53세,경상
2019092000100402,2019년 9월 20일 15시,금요일,광주광역시 북구 일곡동,경상사고,0,0,1,0,차대사람 - 차도통행중,안전운전불이행,건조,맑음,단일로 - 기타,승용,남,23세,상해없음,보행자,여,83세,경상
2019092000100441,2019년 9월 20일 16시,금요일,광주광역시 광산구 선암동,경상사고,0,0,1,0,차대차 - 측면충돌,안전운전불이행,건조,맑음,교차로 - 교차로부근,승합,남,57세,상해없음,승용,여,35세,경상
2019092000100495,2019년 9월 20일 17시,금요일,광주광역시 남구 월산동,경상사고,0,0,2,0,차대차 - 측면충돌,안전운전불이행,건조,맑음,단일로 - 기타,승용,남,69세,상해없음,화물,남,22세,경상
2019092000100496,2019년 9월 20일 17시,금요일,광주광역시 서구 내방동,경상사고,0,0,1,0,차대차 - 측면충돌,안전운전불이행,건조,맑음,교차로 - 교차로부근,승용,남,63세,상해없음,승용,여,51세,경상
2019092000100497,2019년 9월 20일 17시,금요일,광주광역시 서구 치평동,경상사고,0,0,1,0,차대차 - 기타,직진우회전진행방해,건조,맑음,교차로 - 교차로안,승용,남,44세,경상,승용,남,62세,상해없음
2019092000100593,2019년 9월 20일 19시,금요일,광주광역시 남구 양과동,중상사고,0,1,0,0,차대사람 - 횡단중,안전운전불이행,건조,맑음,단일로 - 기타,승용,남,74세,상해없음,보행자,여,70세,중상
2019092000100594,2019년 9월 20일 19시,금요일,광주광역시 북구 두암동,경상사고,0,0,4,0,차대차 - 추돌,안전운전불이행,건조,흐림,단일로 - 기타,승용,남,53세,상해없음,승용,남,44세,경상
2019092000100652,2019년 9월 20일 21시,금요일,광주광역시 광산구 하남동,중상사고,0,1,1,0,차대차 - 측면충돌,신호위반,건조,맑음,교차로 - 교차로안,승용,남,22세,경상,승용,여,64세,중상
2019092000100713,2019년 9월 20일 23시,금요일,광주광역시 동구 금동,경상사고,0,0,1,0,차대차 - 기타,기타,건조,맑음,단일로 - 기타,승용,남,66세,상해없음,이륜,남,19세,경상
2019092100100046,2019년 9월 21일 00시,토요일,광주광역시 동구 학동,경상사고,0,0,1,0,차량단독 - 기타,안전운전불이행,건조,맑음,교차로 - 교차로안,승용,남,47세,기타불명,,,,
2019092100100065,2019년 9월 21일 01시,토요일,광주광역시 광산구 쌍암동,경상사고,0,0,1,0,차대차 - 측면충돌,안전운전불이행,건조,맑음,교차로 - 교차로부근,승용,남,51세,상해없음,승용,남,49세,경상
2019092100100094,2019년 9월 21일 03시,토요일,광주광역시 서구 치평동,중상사고,0,1,1,0,차대차 - 기타,신호위반,건조,맑음,교차로 - 교차로안,이륜,남,28세,중상,승용,남,66세,경상
2019092100100095,2019년 9월 21일 03시,토요일,광주광역시 서구 치평동,부상신고사고,0,0,0,1,차대사람 - 기타,중앙선침범,건조,맑음,교차로 - 교차로안,승용,남,21세,상해없음,보행자,남,31세,부상신고
2019092100100096,2019년 9월 21일 03시,토요일,광주광역시 북구 각화동,경상사고,0,0,1,0,차량단독 - 공작물충돌,안전운전불이행,건조,맑음,교차로 - 교차로부근,승용,남,35세,경상,,,,
2019092100100118,2019년 9월 21일 05시,토요일,광주광역시 북구 동림동,경상사고,0,0,1,0,차대차 - 측면충돌,안전운전불이행,젖음/습기,비,교차로 - 교차로안,승용,여,59세,상해없음,화물,남,41세,경상
2019092100100135,2019년 9월 21일 06시,토요일,광주광역시 서구 치평동,경상사고,0,0,3,1,차대차 - 측면충돌,안전운전불이행,젖음/습기,맑음,교차로 - 교차로안,승용,남,25세,상해없음,승용,남,52세,경상
2019092100100169,2019년 9월 21일 08시,토요일,광주광역시 동구 동명동,중상사고,0,1,0,0,차대차 - 측면충돌,안전운전불이행,젖음/습기,비,단일로 - 기타,화물,남,56세,상해없음,승용,여,45세,중상
2019092100100194,2019년 9월 21일 09시,토요일,광주광역시 서구 치평동,경상사고,0,0,2,0,차대차 - 측면충돌,교차로운행방법위반,건조,맑음,교차로 - 교차로안,승용,여,26세,경상,승용,남,54세,상해없음
2019092100100195,2019년 9월 21일 09시,토요일,광주광역시 서구 풍암동,경상사고,0,0,1,0,차대차 - 추돌,안전운전불이행,건조,맑음,단일로 - 기타,화물,남,42세,상해없음,승용,남,52세,경상
2019092100100258,2019년 9월 21일 11시,토요일,광주광역시 서구 화정동,경상사고,0,0,1,0,차대차 - 추돌,안전거리미확보,젖음/습기,비,단일로 - 기타,승용,여,36세,상해없음,승용,여,40세,경상
2019092100100259,2019년 9월 21일 11시,토요일,광주광역시 광산구 소촌동,경상사고,0,0,5,0,차대차 - 측면충돌,신호위반,젖음/습기,비,단일로 - 기타,기타불명,기타불명,미분류,기타불명,승용,여,28세,경상
2019092100100260,2019년 9월 21일 11시,토요일,광주광역시 광산구 쌍암동,경상사고,0,0,1,0,차대차 - 추돌,안전거리미확보,젖음/습기,비,단일로 - 기타,이륜,남,24세,상해없음,승용,남,68세,경상
2019092100100298,2019년 9월 21일 12시,토요일,광주광역시 광산구 수완동,경상사고,0,0,2,0,차대차 - 측면충돌,교차로운행방법위반,젖음/습기,비,교차로 - 교차로안,승용,여,32세,상해없음,화물,남,27세,경상
2019092100100299,2019년 9월 21일 12시,토요일,광주광역시 광산구 우산동,경상사고,0,0,1,0,차대차 - 기타,안전거리미확보,젖음/습기,비,단일로 - 기타,승용,남,26세,상해없음,승용,남,50세,경상
2019092100100371,2019년 9월 21일 14시,토요일,광주광역시 서구 치평동,경상사고,0,0,3,0,차대차 - 측면충돌,안전운전불이행,젖음/습기,비,교차로 - 교차로안,승용,남,55세,상해없음,승용,남,64세,경상
2019092100100372,2019년 9월 21일 14시,토요일,광주광역시 서구 쌍촌동,경상사고,0,0,1,0,차대사람 - 횡단중,안전운전불이행,젖음/습기,비,교차로 - 교차로횡단보도내,승용,여,54세,상해없음,보행자,남,70세,경상
2019092100100403,2019년 9월 21일 15시,토요일,광주광역시 서구 매월동,경상사고,0,0,1,0,차대사람 - 기타,안전운전불이행,건조,맑음,단일로 - 기타,승합,남,53세,상해없음,보행자,여,54세,경상
2019092100100440,2019년 9월 21일 16시,토요일,광주광역시 북구 문흥동,경상사고,0,0,2,0,차대차 - 측면충돌,교차로운행방법위반,젖음/습기,비,교차로 - 교차로안,승용,여,26세,경상,이륜,남,18세,경상
2019092100100441,2019년 9월 21일 16시,토요일,광주광역시 광산구 장덕동,경상사고,0,0,3,0,차대차 - 추돌,안전운전불이행,젖음/습기,비,단일로 - 기타,승용,여,36세,상해없음,승용,남,29세,경상
2019092100100537,2019년 9월 21일 18시,토요일,광주광역시 동구 월남동,중상사고,0,1,3,0,차대차 - 기타,안전운전불이행,젖음/습기,비,단일로 - 기타,승용,남,16세,기타불명,승용,남,57세,경상
2019092100100538,2019년 9월 21일 18시,토요일,광주광역시 서구 광천동,경상사고,0,0,5,0,차대차 - 측면충돌,신호위반,젖음/습기,비,교차로 - 교차로안,승용,남,52세,상해없음,승용,남,60세,경상
2019092100100539,2019년 9월 21일 18시,토요일,광주광역시 광산구 장덕동,경상사고,0,0,2,0,차대차 - 측면충돌,안전운전불이행,젖음/습기,비,교차로 - 교차로안,승용,여,57세,상해없음,승용,여,25세,경상
2019092100100593,2019년 9월 21일 19시,토요일,광주광역시 북구 용봉동,경상사고,0,0,2,0,차대차 - 측면충돌,안전운전불이행,젖음/습기,비,단일로 - 기타,승용,남,62세,상해없음,승용,남,56세,경상
2019092100100594,2019년 9월 21일 19시,토요일,광주광역시 광산구 월곡동,중상사고,0,1,0,0,차대사람 - 기타,안전운전불이행,젖음/습기,비,교차로 - 교차로부근,승용,남,28세,상해없음,보행자,여,65세,중상
2019092100100640,2019년 9월 21일 20시,토요일,광주광역시 북구 신용동,경상사고,0,0,2,0,차대차 - 추돌,안전운전불이행,젖음/습기,비,교차로 - 교차로부근,승용,여,48세,상해없음,승용,남,38세,경상
2019092100100641,2019년 9월 21일 20시,토요일,광주광역시 광산구 신창동,경상사고,0,0,4,0,차대차 - 추돌,안전운전불이행,건조,맑음,단일로 - 기타,승용,남,25세,상해없음,승용,여,27세,경상
2019092100100642,2019년 9월 21일 20시,토요일,광주광역시 광산구 송정동,경상사고,0,0,1,0,차대차 - 정면충돌,안전운전불이행,젖음/습기,비,단일로 - 기타,승용,남,56세,상해없음,화물,남,64세,경상
2019092100100682,2019년 9월 21일 21시,토요일,광주광역시 서구 풍암동,경상사고,0,0,1,0,차대차 - 측면충돌,교차로운행방법위반,젖음/습기,비,교차로 - 교차로안,승용,남,27세,상해없음,이륜,남,27세,경상
2019092200100057,2019년 9월 22일 01시,일요일,광주광역시 광산구 신가동,경상사고,0,0,3,1,차대차 - 기타,신호위반,젖음/습기,비,교차로 - 교차로안,승용,남,38세,부상신고,승용,남,26세,경상
2019092200100079,2019년 9월 22일 02시,일요일,광주광역시 서구 동천동,경상사고,0,0,1,0,차대차 - 측면충돌,안전거리미확보,젖음/습기,비,단일로 - 기타,승용,남,19세,상해없음,승용,남,45세,경상
2019092200100080,2019년 9월 22일 02시,일요일,광주광역시 남구 백운동,경상사고,0,0,1,0,차량단독 - 공작물충돌,안전운전불이행,건조,맑음,단일로 - 기타,승용,남,27세,경상,,,,