사고번호,사고일시,요일,시군구,사고내용,사망자수,중상자수,경상자수,부상신고자수,사고유형,법규위반,노면상태,기상상태,도로형태,가해운전자 차종,가해운전자 성별,가해운전자 연령,가해운전자 상해정도,피해운전자 차종,피해운전자 성별,피해운전자 연령,피해운전자 상해정도
2019092200100090,2019년 9월 22일 03시,일요일,광주광역시 광산구 우산동,경상사고,0,0,2,0,차대차 - 추돌,안전운전불이행,건조,맑음,교차로 - 교차로부근,승용,남,61세,상해없음,승용,남,36세,경상
2019092200100126,2019년 9월 22일 07시,일요일,광주광역시 광산구 선암동,경상사고,0,0,1,0,차대차 - 추돌,안전운전불이행,젖음/습기,비,단일로 - 기타,화물,남,20세,상해없음,승용,남,39세,경상
2019092200100187,2019년 9월 22일 11시,일요일,광주광역시 북구 누문동,경상사고,0,0,1,0,차대차 - 기타,차로위반,건조,맑음,단일로 - 기타,화물,남,65세,상해없음,승용,남,32세,상해없음
2019092200100188,2019년 9월 22일 11시,일요일,광주광역시 광산구 운남동,경상사고,0,0,1,0,차대차 - 추돌,안전거리미확보,젖음/습기,비,교차로 - 교차로안,승용,남,53세,상해없음,승용,남,50세,경상
2019092200100347,2019년 9월 22일 17시,일요일,광주광역시 남구 주월동,경상사고,0,0,5,0,차대차 - 추돌,안전운전불이행,건조,맑음,단일로 - 기타,승용,남,36세,상해없음,승용,남,48세,경상
2019092200100348,2019년 9월 22일 17시,일요일,광주광역시 광산구 신가동,중상사고,0,2,0,0,차대차 - 측면충돌,신호위반,건조,맑음,교차로 - 교차로안,이륜,남,41세,중상,이륜,남,46세,중상
2019092200100349,2019년 9월 22일 17시,일요일,광주광역시 광산구 비아동,경상사고,0,0,2,0,차대차 - 측면충돌,안전운전불이행,건조,맑음,단일로 - 기타,승용,남,80세,경상,승합,남,42세,경상
2019092200100451,2019년 9월 22일 20시,일요일,광주광역시 남구 월산동,경상사고,0,0,1,0,차대사람 - 기타,안전운전불이행,젖음/습기,비,단일로 - 기타,기타불명,기타불명,미분류,기타불명,보행자,남,80세,경상
2019092200100452,2019년 9월 22일 20시,일요일,광주광역시 북구 문흥동,경상사고,0,0,1,0,차대차 - 측면충돌,안전운전불이행,건조,맑음,단일로 - 기타,승용,남,30세,상해없음,이륜,남,39세,경상
2019092200100508,2019년 9월 22일 23시,일요일,광주광역시 북구 문흥동,경상사고,0,0,2,0,차대차 - 기타,중앙선침범,건조,맑음,단일로 - 기타,승용,남,59세,경상,승용,남,43세,경상
2019092300100048,2019년 9월 23일 02시,월요일,광주광역시 북구 두암동,경상사고,0,0,3,0,차대차 - 기타,교차로운행방법위반,건조,맑음,교차로 - 교차로안,화물,남,64세,경상,승용,남,60세,경상
2019092300100108,2019년 9월 23일 07시,월요일,광주광역시 서구 금호동,경상사고,0,0,1,0,차대차 - 기타,안전운전불이행,건조,맑음,교차로 - 교차로안,승용,남,26세,상해없음,이륜,남,56세,경상
2019092300100192,2019년 9월 23일 09시,월요일,광주광역시 광산구 우산동,경상사고,0,0,1,0,차대차 - 측면충돌,교차로운행방법위반,건조,맑음,교차로 - 교차로안,승용,여,60세,경상,승용,여,57세,상해없음
2019092300100288,2019년 9월 23일 12시,월요일,광주광역시 서구 치평동,경상사고,0,0,1,0,차대차 - 측면충돌,안전운전불이행,건조,맑음,교차로 - 교차로안,화물,남,69세,상해없음,이륜,남,46세,경상
2019092300100323,2019년 9월 23일 13시,월요일,광주광역시 북구 운암동,경상사고,0,0,1,0,차대차 - 측면충돌,안전운전불이행,건조,맑음,교차로 - 교차로안,화물,남,64세,상해없음,승용,남,59세,상해없음
2019092300100324,2019년 9월 23일 13시,월요일,광주광역시 광산구 쌍암동,경상사고,0,0,1,0,차대차 - 기타,안전거리미확보,건조,맑음,단일로 - 기타,승합,남,44세,상해없음,승용,남,39세,경상
2019092300100393,2019년 9월 23일 15시,월요일,광주광역시 동구 학동,경상사고,0,0,1,0,차대차 - 측면충돌,안전거리미확보,건조,맑음,교차로 - 교차로안,승용,남,66세,상해없음,승합,남,35세,경상
2019092300100394,2019년 9월 23일 15시,월요일,광주광역시 북구 두암동,경상사고,0,0,1,0,차대차 - 후진중충돌,안전운전불이행,건조,맑음,교차로 - 교차로부근,승용,남,66세,기타불명,승용,여,36세,경상
2019092300100473,2019년 9월 23일 17시,월요일,광주광역시 서구 쌍촌동,경상사고,0,0,3,0,차대차 - 기타,안전거리미확보,건조,맑음,단일로 - 기타,승합,여,59세,상해없음,승용,남,32세,경상
2019092300100474,2019년 9월 23일 17시,월요일,광주광역시 남구 방림동,경상사고,0,0,1,0,차대사람 - 기타,안전운전불이행,건조,맑음,단일로 - 기타,승합,남,63세,상해없음,보행자,여,49세,경상
2019092300100475,2019년 9월 23일 17시,월요일,광주광역시 남구 방림동,경상사고,0,0,1,0,차대차 - 기타,안전거리미확보,건조,맑음,교차로 - 교차로부근,승합,남,50세,상해없음,승용,여,48세,경상
2019092300100519,2019년 9월 23일 18시,월요일,광주광역시 동구 산수동,경상사고,0,0,2,0,차대차 - 측면충돌,중앙선침범,건조,흐림,단일로 - 기타,자전거,남,75세,경상,이륜,남,21세,경상
2019092300100520,2019년 9월 23일 18시,월요일,광주광역시 서구 유촌동,경상사고,0,0,1,0,차량단독 - 기타,안전운전불이행,건조,맑음,단일로 - 기타,승용,남,61세,상해없음,,,,
2019092300100521,2019년 9월 23일 18시,월요일,광주광역시 남구 월산동,경상사고,0,0,1,0,차대차 - 기타,신호위반,건조,맑음,교차로 - 교차로안,승용,남,79세,상해없음,승용,여,61세,경상
2019092300100522,2019년 9월 23일 18시,월요일,광주광역시 남구 주월동,경상사고,0,0,3,0,차대차 - 측면충돌,안전거리미확보,건조,맑음,단일로 - 기타,승용,여,60세,경상,화물,남,57세,경상
2019092300100605,2019년 9월 23일 20시,월요일,광주광역시 서구 치평동,경상사고,0,0,1,0,차대차 - 추돌,안전거리미확보,건조,맑음,교차로 - 교차로안,승용,남,61세,상해없음,승용,여,34세,경상
2019092300100606,2019년 9월 23일 20시,월요일,광주광역시 광산구 신가동,중상사고,0,1,0,0,차대차 - 측면충돌,신호위반,건조,맑음,교차로 - 교차로안,승용,여,39세,상해없음,이륜,남,18세,중상
2019092300100633,2019년 9월 23일 21시,월요일,광주광역시 북구 양산동,경상사고,0,0,1,0,차대차 - 측면충돌,교차로운행방법위반,건조,맑음,교차로 - 교차로안,승용,남,63세,상해없음,승용,남,28세,경상
2019092300100649,2019년 9월 23일 22시,월요일,광주광역시 북구 각화동,중상사고,0,1,1,0,차대차 - 측면충돌,안전운전불이행,건조,맑음,교차로 - 교차로안,승용,여,31세,경상,승용,여,30세,중상
2019092400100092,2019년 9월 24일 06시,화요일,광주광역시 동구 학동,경상사고,0,0,1,0,차대차 - 기타,중앙선침범,건조,맑음,교차로 - 교차로부근,승용,남,29세,상해없음,승용,남,39세,경상
2019092400100126,2019년 9월 24일 07시,화요일,광주광역시 남구 진월동,중상사고,0,1,0,0,차대사람 - 횡단중,안전운전불이행,건조,맑음,단일로 - 기타,승용,남,39세,상해없음,보행자,여,52세,중상
2019092400100127,2019년 9월 24일 07시,화요일,광주광역시 북구 양산동,경상사고,0,0,1,0,차대차 - 측면충돌,안전운전불이행,건조,맑음,교차로 - 교차로부근,화물,남,52세,상해없음,승용,여,49세,경상
2019092400100167,2019년 9월 24일 08시,화요일,광주광역시 남구 백운동,경상사고,0,0,1,0,차대차 - 측면충돌,교차로운행방법위반,건조,맑음,교차로 - 교차로안,화물,남,60세,상해없음,승용,남,65세,경상
2019092400100168,2019년 9월 24일 08시,화요일,광주광역시 북구 양산동,경상사고,0,0,1,0,차대사람 - 차도통행중,안전운전불이행,건조,맑음,단일로 - 기타,승용,여,31세,상해없음,보행자,남,14세,경상
2019092400100169,2019년 9월 24일 08시,화요일,광주광역시 북구 대촌동,경상사고,0,0,1,0,차대차 - 측면충돌,안전운전불이행,건조,맑음,단일로 - 기타,승용,남,58세,상해없음,화물,남,40세,경상
2019092400100315,2019년 9월 24일 12시,화요일,광주광역시 남구 서동,중상사고,0,1,0,0,차대차 - 기타,교차로운행방법위반,건조,맑음,교차로 - 교차로안,승용,여,66세,상해없음,이륜,남,47세,중상
2019092400100358,2019년 9월 24일 13시,화요일,광주광역시 서구 치평동,경상사고,0,0,1,0,차대차 - 추돌,안전운전불이행,건조,맑음,교차로 - 교차로부근,승용,남,40세,기타불명,승용,남,26세,경상
2019092400100392,2019년 9월 24일 14시,화요일,광주광역시 북구 용두동,중상사고,0,1,0,0,차대차 - 측면충돌,신호위반,건조,맑음,교차로 - 교차로안,승용,여,42세,상해없음,이륜,남,43세,중상
2019092400100498,2019년 9월 24일 16시,화요일,광주광역시 서구 금호동,경상사고,0,0,1,0,차대차 - 측면충돌,안전운전불이행,건조,맑음,교차로 - 교차로안,승용,남,43세,상해없음,승용,여,27세,경상
2019092400100545,2019년 9월 24일 17시,화요일,광주광역시 남구 방림동,경상사고,0,0,2,0,차대차 - 측면충돌,신호위반,건조,맑음,교차로 - 교차로안,승용,남,42세,기타불명,승용,여,56세,경상
2019092400100546,2019년 9월 24일 17시,화요일,광주광역시 광산구 장덕동,경상사고,0,0,2,0,차대차 - 기타,안전운전불이행,건조,맑음,교차로 - 교차로부근,승용,남,65세,상해없음,승용,여,61세,경상
2019092400100606,2019년 9월 24일 18시,화요일,광주광역시 서구 풍암동,경상사고,0,0,1,0,차대차 - 추돌,안전운전불이행,건조,맑음,교차로 - 교차로부근,승용,여,55세,상해없음,승용,여,31세,경상
2019092400100607,2019년 9월 24일 18시,화요일,광주광역시 서구 마륵동,경상사고,0,0,1,1,차대차 - 측면충돌,안전운전불이행,건조,맑음,교차로 - 교차로안,승용,여,52세,부상신고,승합,남,39세,상해없음
2019092400100659,2019년 9월 24일 19시,화요일,광주광역시 서구 쌍촌동,중상사고,0,1,2,0,차대차 - 추돌,과속,건조,맑음,교차로 - 교차로부근,승용,남,40세,상해없음,이륜,남,23세,중상
2019092400100660,2019년 9월 24일 19시,화요일,광주광역시 서구 치평동,경상사고,0,0,1,0,차대차 - 추돌,안전운전불이행,건조,맑음,교차로 - 교차로부근,승용,남,47세,상해없음,승용,남,69세,경상
2019092400100661,2019년 9월 24일 19시,화요일,광주광역시 남구 월산동,경상사고,0,0,1,0,차량단독 - 기타,안전운전불이행,건조,맑음,단일로 - 기타,승용,남,48세,상해없음,,,,
2019092400100739,2019년 9월 24일 22시,화요일,광주광역시 남구 송하동,경상사고,0,0,3,0,차대차 - 측면충돌,안전거리미확보,건조,맑음,단일로 - 기타,승용,남,64세,상해없음,승용,남,53세,경상
2019092400100740,2019년 9월 24일 22시,화요일,광주광역시 북구 우산동,경상사고,0,0,1,0,차대차 - 기타,직진우회전진행방해,건조,맑음,교차로 - 교차로안,기타불명,기타불명,미분류,기타불명,이륜,남,50세,경상
2019092400100756,2019년 9월 24일 23시,화요일,광주광역시 서구 농성동,경상사고,0,0,2,0,차대차 - 측면충돌,안전운전불이행,건조,맑음,단일로 - 기타,승용,여,58세,상해없음,승용,남,24세,경상
2019092500100042,2019년 9월 25일 00시,수요일,광주광역시 서구 풍암동,경상사고,0,0,3,0,차대차 - 측면충돌,기타,건조,흐림,교차로 - 교차로횡단보도내,승용,남,60세,경상,승용,여,48세,경상
2019092500100072,2019년 9월 25일 04시,수요일,광주광역시 북구 동림동,중상사고,0,1,1,0,차대차 - 측면충돌,중앙선침범,건조,맑음,단일로 - 기타,원동기,남,32세,중상,승용,여,39세,경상
2019092500100100,2019년 9월 25일 06시,수요일,광주광역시 북구 북동,경상사고,0,0,1,0,차대차 - 추돌,안전거리미확보,건조,맑음,단일로 - 기타,승용,남,46세,상해없음,승합,남,47세,경상
2019092500100101,2019년 9월 25일 06시,수요일,광주광역시 광산구 신가동,부상신고사고,0,0,0,1,차대차 - 추돌,안전거리미확보,건조,맑음,단일로 - 지하차도(도로)내,화물,남,41세,상해없음,승용,여,41세,부상신고
2019092500100122,2019년 9월 25일 07시,수요일,광주광역시 북구 본촌동,경상사고,0,0,2,0,차대차 - 기타,안전운전불이행,건조,맑음,교차로 - 교차로부근,승용,남,30세,상해없음,승용,남,49세,경상
2019092500100123,2019년 9월 25일 07시,수요일,광주광역시 광산구 월곡동,경상사고,0,0,1,0,차대차 - 추돌,안전운전불이행,건조,맑음,교차로 - 교차로부근,승용,남,48세,상해없음,승용,여,41세,경상
2019092500100209,2019년 9월 25일 09시,수요일,광주광역시 서구 내방동,경상사고,0,0,1,0,차대사람 - 길가장자리구역통행중,안전운전불이행,건조,맑음,단일로 - 기타,승용,여,63세,상해없음,보행자,남,54세,경상
2019092500100210,2019년 9월 25일 09시,수요일,광주광역시 서구 화정동,경상사고,0,0,1,0,차대차 - 측면충돌,안전운전불이행,건조,맑음,교차로 - 교차로안,승용,남,60세,상해없음,승용,여,38세,경상
2019092500100211,2019년 9월 25일 09시,수요일,광주광역시 북구 두암동,경상사고,0,0,2,0,차대차 - 기타,교차로운행방법위반,건조,맑음,교차로 - 교차로안,이륜,남,48세,경상,승용,남,72세,경상
2019092500100212,2019년 9월 25일 09시,수요일,광주광역시 북구 두암동,경상사고,0,0,1,0,차대차 - 기타,안전운전불이행,건조,맑음,교차로 - 교차로부근,승용,남,74세,상해없음,자전거,남,31세,경상
2019092500100244,2019년 9월 25일 10시,수요일,광주광역시 북구 두암동,경상사고,0,0,1,0,차대사람 - 기타,안전운전불이행,건조,맑음,단일로 - 기타,승용,여,50세,상해없음,보행자,여,58세,경상
2019092500100280,2019년 9월 25일 11시,수요일,광주광역시 동구 용산동,경상사고,0,0,1,0,차대사람 - 기타,안전운전불이행,건조,맑음,교차로 - 교차로안,승용,남,79세,상해없음,보행자,남,24세,경상
2019092500100307,2019년 9월 25일 12시,수요일,광주광역시 북구 매곡동,경상사고,0,0,1,0,차대사람 - 횡단중,안전운전불이행,건조,맑음,단일로 - 기타,승용,남,62세,상해없음,보행자,여,25세,경상
2019092500100330,2019년 9월 25일 13시,수요일,광주광역시 서구 마륵동,경상사고,0,0,1,0,차대차 - 측면충돌,안전운전불이행,건조,맑음,단일로 - 기타,승합,남,44세,상해없음,승용,여,46세,경상
2019092500100331,2019년 9월 25일 13시,수요일,광주광역시 광산구 송정동,경상사고,0,0,1,0,차대차 - 측면충돌,교차로운행방법위반,건조,맑음,교차로 - 교차로안,승용,여,45세,상해없음,화물,남,59세,경상
2019092500100368,2019년 9월 25일 14시,수요일,광주광역시 북구 오룡동,부상신고사고,0,0,0,1,차대차 - 기타,안전운전불이행,건조,맑음,교차로 - 교차로부근,승용,여,23세,상해없음,승용,여,39세,상해없음
2019092500100407,2019년 9월 25일 15시,수요일,광주광역시 광산구 산월동,경상사고,0,0,2,0,차대차 - 측면충돌,안전운전불이행,건조,맑음,교차로 - 교차로안,화물,남,53세,경상,승용,남,23세,경상
2019092500100408,2019년 9월 25일 15시,수요일,광주광역시 광산구 신창동,경상사고,0,0,1,0,차대차 - 측면충돌,신호위반,건조,맑음,교차로 - 교차로안,승용,남,34세,상해없음,이륜,남,31세,경상
2019092500100409,2019년 9월 25일 15시,수요일,광주광역시 광산구 선암동,경상사고,0,0,1,0,차대차 - 측면충돌,안전운전불이행,건조,맑음,교차로 - 교차로안,건설기계,남,57세,상해없음,승용,남,32세,경상
2019092500100499,2019년 9월 25일 17시,수요일,광주광역시 서구 치평동,중상사고,0,1,1,0,차대차 - 기타,신호위반,건조,맑음,교차로 - 교차로안,화물,남,37세,중상,승용,남,27세,경상
2019092500100500,2019년 9월 25일 17시,수요일,광주광역시 북구 일곡동,경상사고,0,0,1,0,차대차 - 측면충돌,안전운전불이행,건조,맑음,교차로 - 교차로안,승용,여,50세,상해없음,승용,여,59세,경상
2019092500100501,2019년 9월 25일 17시,수요일,광주광역시 광산구 송정동,중상사고,0,1,0,0,차대차 - 측면충돌,중앙선침범,건조,맑음,교차로 - 교차로부근,승용,남,63세,상해없음,승용,남,57세,중상
2019092500100555,2019년 9월 25일 18시,수요일,광주광역시 서구 유촌동,경상사고,0,0,1,0,차대차 - 측면충돌,안전운전불이행,건조,맑음,단일로 - 기타,승용,남,25세,상해없음,승용,여,38세,경상
2019092500100556,2019년 9월 25일 18시,수요일,광주광역시 북구 운암동,경상사고,0,0,1,0,차대사람 - 횡단중,안전운전불이행,건조,맑음,단일로 - 기타,이륜,남,18세,상해없음,보행자,여,33세,경상
2019092500100557,2019년 9월 25일 18시,수요일,광주광역시 북구 신안동,경상사고,0,0,3,0,차대차 - 측면충돌,안전운전불이행,건조,맑음,교차로 - 교차로안,승용,여,63세,경상,승합,남,59세,경상
2019092500100602,2019년 9월 25일 19시,수요일,광주광역시 북구 각화동,경상사고,0,0,1,0,차대차 - 측면충돌,안전운전불이행,건조,맑음,교차로 - 교차로안,승용,남,60세,상해없음,승용,남,53세,경상
2019092500100603,2019년 9월 25일 19시,수요일,광주광역시 광산구 신창동,경상사고,0,0,2,0,차대차 - 측면충돌,교차로운행방법위반,건조,맑음,교차로 - 교차로안,승용,남,19세,경상,승용,남,54세,상해없음
2019092500100604,2019년 9월 25일 19시,수요일,광주광역시 광산구 운남동,경상사고,0,0,1,1,차대차 - 측면충돌,교차로운행방법위반,건조,맑음,교차로 - 교차로부근,승용,여,50세,부상신고,승용,남,32세,경상
2019092600100167,2019년 9월 26일 09시,목요일,광주광역시 북구 우산동,경상사고,0,0,1,0,차량단독 - 공작물충돌,안전운전불이행,건조,맑음,교차로 - 교차로부근,승용,남,21세,경상,,,,
2019092600100207,2019년 9월 26일 10시,목요일,광주광역시 북구 임동,경상사고,0,0,1,0,차대차 - 측면충돌,교차로운행방법위반,건조,맑음,교차로 - 교차로안,화물,남,61세,상해없음,자전거,여,54세,경상
2019092600100242,2019년 9월 26일 11시,목요일,광주광역시 북구 우산동,중상사고,0,1,0,0,차대사람 - 횡단중,안전운전불이행,건조,맑음,교차로 - 교차로횡단보도내,화물,남,71세,상해없음,보행자,여,72세,중상
2019092600100276,2019년 9월 26일 12시,목요일,광주광역시 서구 치평동,경상사고,0,0,3,0,차대차 - 측면충돌,차로위반,건조,맑음,교차로 - 교차로횡단보도내,승용,남,53세,경상,승용,남,39세,경상
2019092600100277,2019년 9월 26일 12시,목요일,광주광역시 광산구 선암동,중상사고,0,1,0,0,차대차 - 측면충돌,안전운전불이행,건조,맑음,교차로 - 교차로부근,승용,남,19세,상해없음,이륜,남,78세,중상
2019092600100364,2019년 9월 26일 15시,목요일,광주광역시 북구 운암동,경상사고,0,0,1,0,차대차 - 기타,안전운전불이행,건조,맑음,단일로 - 기타,승합,남,39세,상해없음,승용,남,66세,상해없음
2019092600100370,2019년 9월 26일 15시,목요일,광주광역시 북구 매곡동,경상사고,0,0,2,0,차대차 - 측면충돌,중앙선침범,건조,맑음,단일로 - 기타,승용,여,61세,상해없음,승용,여,57세,경상
2019092600100418,2019년 9월 26일 16시,목요일,광주광역시 남구 주월동,경상사고,0,0,1,0,차대차 - 추돌,안전거리미확보,건조,맑음,교차로 - 교차로안,승용,남,42세,상해없음,승용,여,42세,경상
2019092600100419,2019년 9월 26일 16시,목요일,광주광역시 광산구 도산동,경상사고,0,0,3,0,차대차 - 측면충돌,신호위반,건조,맑음,교차로 - 교차로안,승용,남,74세,상해없음,승용,남,42세,경상
2019092600100453,2019년 9월 26일 17시,목요일,광주광역시 북구 두암동,중상사고,0,1,0,0,차대사람 - 기타,안전운전불이행,건조,맑음,교차로 - 교차로안,승용,여,44세,상해없음,보행자,여,89세,중상
2019092600100454,2019년 9월 26일 17시,목요일,광주광역시 북구 두암동,경상사고,0,0,1,0,차대사람 - 기타,안전운전불이행,건조,맑음,단일로 - 기타,승용,남,70세,상해없음,보행자,여,70세,경상
2019092600100513,2019년 9월 26일 18시,목요일,광주광역시 북구 운암동,경상사고,0,0,3,0,차대차 - 추돌,안전거리미확보,건조,맑음,단일로 - 고가도로위,승용,여,47세,상해없음,승용,남,48세,경상
2019092600100514,2019년 9월 26일 18시,목요일,광주광역시 북구 중흥동,경상사고,0,0,1,0,차대사람 - 횡단중,안전운전불이행,건조,맑음,단일로 - 기타,승용,여,39세,상해없음,보행자,여,16세,경상
2019092600100515,2019년 9월 26일 18시,목요일,광주광역시 광산구 월곡동,경상사고,0,0,1,0,차대사람 - 기타,보행자보호의무위반,건조,맑음,교차로 - 교차로횡단보도내,기타불명,기타불명,미분류,기타불명,보행자,남,11세,경상
2019092600100565,2019년 9월 26일 19시,목요일,광주광역시 남구 백운동,경상사고,0,0,1,0,차대차 - 측면충돌,중앙선침범,건조,맑음,단일로 - 기타,승용,여,68세,상해없음,승용,여,24세,경상
2019092600100566,2019년 9월 26일 19시,목요일,광주광역시 광산구 우산동,경상사고,0,0,1,0,차대차 - 측면충돌,안전거리미확보,건조,맑음,단일로 - 기타,승용,남,59세,상해없음,승용,남,49세,상해없음
2019092600100593,2019년 9월 26일 20시,목요일,광주광역시 북구 오치동,경상사고,0,0,4,1,차대차 - 측면충돌,안전운전불이행,건조,맑음,단일로 - 기타,승용,남,30세,경상,승용,여,44세,경상
2019092600100623,2019년 9월 26일 21시,목요일,광주광역시 북구 중흥동,중상사고,0,1,0,0,차대사람 - 횡단중,안전운전불이행,건조,맑음,교차로 - 교차로부근,승용,남,21세,상해없음,보행자,여,30세,중상
2019092600100648,2019년 9월 26일 22시,목요일,광주광역시 광산구 수완동,경상사고,0,0,3,0,차대차 - 측면충돌,신호위반,건조,흐림,교차로 - 교차로안,승용,남,36세,경상,승용,남,59세,경상
2019092700100177,2019년 9월 27일 08시,금요일,광주광역시 서구 치평동,중상사고,0,1,0,0,차대차 - 추돌,안전운전불이행,건조,맑음,단일로 - 기타,화물,남,71세,상해없음,승용,남,44세,중상
2019092700100178,2019년 9월 27일 08시,금요일,광주광역시 북구 두암동,경상사고,0,0,1,0,차대사람 - 기타,안전운전불이행,건조,맑음,단일로 - 기타,승용,여,29세,상해없음,보행자,남,18세,경상
2019092700100222,2019년 9월 27일 09시,금요일,광주광역시 광산구 산월동,경상사고,0,0,2,0,차대차 - 측면충돌,안전거리미확보,건조,맑음,단일로 - 기타,승용,여,37세,경상,승용,여,36세,경상
2019092700100259,2019년 9월 27일 10시,금요일,광주광역시 서구 광천동,경상사고,0,0,1,0,차대차 - 측면충돌,안전운전불이행,건조,맑음,교차로 - 교차로부근,승용,여,38세,상해없음,승용,여,42세,경상
2019092700100329,2019년 9월 27일 12시,금요일,광주광역시 서구 풍암동,경상사고,0,0,5,0,차대차 - 측면충돌,안전운전불이행,건조,맑음,교차로 - 교차로안,승용,남,28세,경상,승용,남,27세,경상
2019092700100368,2019년 9월 27일 13시,금요일,광주광역시 북구 우산동,경상사고,0,0,1,0,차대차 - 측면충돌,안전거리미확보,건조,맑음,단일로 - 기타,승용,남,63세,상해없음,승용,여,30세,경상
2019092700100369,2019년 9월 27일 13시,금요일,광주광역시 광산구 임곡동,중상사고,0,1,1,0,차대차 - 측면충돌,중앙선침범,건조,맑음,단일로 - 기타,화물,남,51세,상해없음,승용,남,33세,중상
2019092700100442,2019년 9월 27일 15시,금요일,광주광역시 북구 각화동,경상사고,0,0,2,1,차대차 - 측면충돌,안전거리미확보,건조,맑음,단일로 - 기타,승용,여,56세,부상신고,승용,여,40세,경상
2019092700100533,2019년 9월 27일 17시,금요일,광주광역시 동구 동명동,중상사고,0,1,0,0,차대차 - 기타,교차로운행방법위반,건조,맑음,교차로 - 교차로안,승용,남,58세,상해없음,이륜,남,29세,중상
2019092700100534,2019년 9월 27일 17시,금요일,광주광역시 서구 광천동,경상사고,0,0,2,0,차대차 - 측면충돌,안전운전불이행,건조,맑음,단일로 - 기타,승용,남,48세,경상,승용,남,43세,경상
2019092700100535,2019년 9월 27일 17시,금요일,광주광역시 북구 용전동,경상사고,0,0,4,0,차대차 - 추돌,안전운전불이행,건조,맑음,교차로 - 교차로부근,화물,남,57세,상해없음,승용,남,50세,경상
2019092700100585,2019년 9월 27일 18시,금요일,광주광역시 서구 치평동,경상사고,0,0,4,0,차대차 - 측면충돌,안전거리미확보,건조,맑음,단일로 - 기타,승용,남,37세,경상,승용,여,21세,경상
2019092700100640,2019년 9월 27일 19시,금요일,광주광역시 북구 문흥동,경상사고,0,0,2,0,차대차 - 기타,안전운전불이행,건조,맑음,교차로 - 교차로안,승용,남,70세,상해없음,승합,남,37세,경상
2019092700100641,2019년 9월 27일 19시,금요일,광주광역시 광산구 송정동,경상사고,0,0,2,0,차대차 - 추돌,안전운전불이행,건조,맑음,단일로 - 기타,승용,여,59세,경상,승용,남,27세,경상
2019092700100642,2019년 9월 27일 19시,금요일,광주광역시 광산구 수완동,경상사고,0,0,3,0,차대차 - 후진중충돌,안전운전불이행,건조,맑음,교차로 - 교차로안,승용,여,62세,상해없음,승용,남,43세,경상
2019092700100713,2019년 9월 27일 21시,금요일,광주광역시 남구 월산동,중상사고,0,1,0,0,차대차 - 기타,신호위반,건조,맑음,교차로 - 교차로안,승용,남,48세,상해없음,이륜,남,35세,중상
2019092800100079,2019년 9월 28일 01시,토요일,광주광역시 서구 쌍촌동,경상사고,0,0,2,0,차대차 - 추돌,안전운전불이행,건조,맑음,교차로 - 교차로부근,승용,남,54세,상해없음,승용,남,26세,경상
2019092800100096,2019년 9월 28일 02시,토요일,광주광역시 서구 화정동,경상사고,0,0,2,0,차대차 - 측면충돌,교차로운행방법위반,건조,맑음,교차로 - 교차로안,승용,남,68세,경상,이륜,남,23세,경상
2019092800100122,2019년 9월 28일 05시,토요일,광주광역시 서구 치평동,경상사고,0,0,3,0,차대차 - 측면충돌,안전운전불이행,건조,맑음,단일로 - 기타,승용,남,52세,상해없음,승용,남,52세,경상
2019092800100123,2019년 9월 28일 05시,토요일,광주광역시 북구 문흥동,경상사고,0,0,3,0,차대차 - 측면충돌,교차로운행방법위반,건조,맑음,교차로 - 교차로안,승용,여,70세,경상,승용,남,49세,경상
2019092800100136,2019년 9월 28일 06시,토요일,광주광역시 서구 덕흥동,경상사고,0,0,2,0,차대차 - 추돌,안전운전불이행,건조,맑음,단일로 - 기타,화물,남,49세,상해없음,화물,남,29세,경상
2019092800100206,2019년 9월 28일 09시,토요일,광주광역시 남구 봉선동,중상사고,0,1,0,0,차대사람 - 횡단중,보행자보호의무위반,건조,맑음,교차로 - 교차로횡단보도내,승용,남,49세,상해없음,보행자,남,63세,중상
2019092800100207,2019년 9월 28일 09시,토요일,광주광역시 광산구 월곡동,경상사고,0,0,2,0,차대차 - 추돌,안전거리미확보,건조,맑음,단일로 - 기타,승용,여,31세,경상,승용,남,36세,경상
2019092800100208,2019년 9월 28일 09시,토요일,광주광역시 광산구 선암동,경상사고,0,0,3,0,차대차 - 측면충돌,차로위반,건조,맑음,단일로 - 기타,승용,남,39세,상해없음,승용,여,42세,경상
2019092800100250,2019년 9월 28일 10시,토요일,광주광역시 북구 중흥동,경상사고,0,0,1,0,차대사람 - 기타,안전운전불이행,건조,맑음,단일로 - 기타,기타불명,기타불명,미분류,기타불명,보행자,남,24세,경상
2019092800100251,2019년 9월 28일 10시,토요일,광주광역시 광산구 송정동,경상사고,0,0,1,0,차대차 - 측면충돌,신호위반,건조,맑음,교차로 - 교차로안,승용,여,60세,상해없음,승용,여,53세,경상
2019092800100291,2019년 9월 28일 11시,토요일,광주광역시 광산구 장덕동,경상사고,0,0,1,0,차대차 - 측면충돌,안전운전불이행,건조,맑음,단일로 - 기타,승용,여,39세,상해없음,원동기,남,24세,경상
2019092800100329,2019년 9월 28일 12시,토요일,광주광역시 동구 대인동,부상신고사고,0,0,0,1,차대차 - 기타,안전운전불이행,건조,맑음,단일로 - 기타,이륜,남,38세,부상신고,승용,여,54세,상해없음