사고번호,사고일시,요일,시군구,사고내용,사망자수,중상자수,경상자수,부상신고자수,사고유형,법규위반,노면상태,기상상태,도로형태,가해운전자 차종,가해운전자 성별,가해운전자 연령,가해운전자 상해정도,피해운전자 차종,피해운전자 성별,피해운전자 연령,피해운전자 상해정도
2019100800100789,2019년 10월 8일 23시,화요일,광주광역시 서구 광천동,경상사고,0,0,1,0,차대차 - 추돌,안전운전불이행,건조,맑음,교차로 - 교차로부근,승용,남,55세,상해없음,승용,남,29세,경상
2019100900100136,2019년 10월 9일 07시,수요일,광주광역시 광산구 산월동,경상사고,0,0,1,0,차대차 - 추돌,안전운전불이행,건조,맑음,교차로 - 교차로부근,승용,여,48세,상해없음,승용,여,37세,경상
2019100900100160,2019년 10월 9일 08시,수요일,광주광역시 동구 계림동,경상사고,0,0,2,0,차대차 - 측면충돌,교차로운행방법위반,건조,맑음,교차로 - 교차로안,승용,남,31세,경상,승용,남,25세,경상
2019100900100186,2019년 10월 9일 09시,수요일,광주광역시 남구 진월동,경상사고,0,0,3,0,차대차 - 추돌,안전운전불이행,건조,맑음,단일로 - 기타,승용,남,35세,상해없음,승용,여,59세,경상
2019100900100187,2019년 10월 9일 09시,수요일,광주광역시 북구 오치동,경상사고,0,0,1,0,차대차 - 측면충돌,안전운전불이행,건조,맑음,교차로 - 교차로부근,승용,남,71세,상해없음,이륜,여,29세,경상
2019100900100188,2019년 10월 9일 09시,수요일,광주광역시 북구 운암동,경상사고,0,0,3,0,차대차 - 측면충돌,안전운전불이행,건조,맑음,교차로 - 교차로부근,승용,남,62세,경상,승용,남,70세,경상
2019100900100189,2019년 10월 9일 09시,수요일,광주광역시 광산구 우산동,경상사고,0,0,1,0,차대차 - 기타,안전거리미확보,건조,맑음,단일로 - 기타,특수,남,42세,상해없음,승용,남,55세,상해없음
2019100900100216,2019년 10월 9일 10시,수요일,광주광역시 북구 중흥동,경상사고,0,0,2,0,차대차 - 측면충돌,교차로운행방법위반,건조,맑음,교차로 - 교차로안,승용,남,61세,상해없음,승용,남,38세,경상
2019100900100349,2019년 10월 9일 14시,수요일,광주광역시 북구 용봉동,부상신고사고,0,0,0,1,차대차 - 측면충돌,안전운전불이행,건조,맑음,교차로 - 교차로안,이륜,남,17세,부상신고,승합,남,54세,상해없음
2019100900100426,2019년 10월 9일 16시,수요일,광주광역시 북구 금곡동,중상사고,0,2,3,0,차대차 - 정면충돌,중앙선침범,건조,맑음,단일로 - 기타,승용,여,58세,경상,승용,남,45세,중상
2019100900100464,2019년 10월 9일 17시,수요일,광주광역시 서구 덕흥동,경상사고,0,0,4,0,차대차 - 기타,안전운전불이행,건조,맑음,단일로 - 기타,화물,남,59세,상해없음,승합,남,47세,경상
2019100900100465,2019년 10월 9일 17시,수요일,광주광역시 서구 벽진동,경상사고,0,0,1,0,차대차 - 추돌,안전거리미확보,건조,맑음,단일로 - 기타,승용,남,42세,상해없음,승용,남,35세,경상
2019100900100466,2019년 10월 9일 17시,수요일,광주광역시 광산구 수완동,경상사고,0,0,1,0,차대차 - 기타,안전운전불이행,건조,맑음,단일로 - 기타,승용,남,28세,경상,화물,남,65세,상해없음
2019100900100550,2019년 10월 9일 19시,수요일,광주광역시 동구 지산동,경상사고,0,0,2,0,차대차 - 후진중충돌,안전운전불이행,건조,흐림,교차로 - 교차로부근,승용,남,56세,상해없음,승용,남,46세,경상
2019100900100590,2019년 10월 9일 20시,수요일,광주광역시 광산구 소촌동,경상사고,0,0,2,0,차대차 - 기타,신호위반,건조,맑음,단일로 - 지하차도(도로)내,승용,남,78세,상해없음,승용,여,23세,경상
2019100900100613,2019년 10월 9일 21시,수요일,광주광역시 남구 봉선동,경상사고,0,0,1,0,차대차 - 측면충돌,교차로운행방법위반,건조,맑음,교차로 - 교차로안,승합,남,37세,상해없음,승용,남,29세,경상
2019100900100614,2019년 10월 9일 21시,수요일,광주광역시 광산구 장덕동,중상사고,0,1,0,0,차대차 - 기타,기타,건조,맑음,단일로 - 기타,승용,여,43세,상해없음,자전거,남,10세,중상
2019100900100656,2019년 10월 9일 23시,수요일,광주광역시 북구 연제동,경상사고,0,0,1,0,차대차 - 기타,신호위반,건조,맑음,교차로 - 교차로안,승용,남,40세,기타불명,승용,남,19세,경상
2019101000100032,2019년 10월 10일 00시,목요일,광주광역시 동구 장동,경상사고,0,0,3,0,차대차 - 측면충돌,신호위반,건조,맑음,교차로 - 교차로안,승용,남,31세,기타불명,승용,남,26세,경상
2019101000100159,2019년 10월 10일 08시,목요일,광주광역시 동구 지산동,중상사고,0,1,0,0,차대사람 - 횡단중,안전운전불이행,건조,맑음,단일로 - 기타,화물,남,68세,상해없음,보행자,남,71세,중상
2019101000100160,2019년 10월 10일 08시,목요일,광주광역시 서구 유촌동,경상사고,0,0,1,0,차대차 - 추돌,안전운전불이행,건조,맑음,단일로 - 기타,승용,남,38세,상해없음,승용,남,60세,경상
2019101000100161,2019년 10월 10일 08시,목요일,광주광역시 북구 동림동,경상사고,0,0,5,0,차대차 - 추돌,안전거리미확보,건조,맑음,단일로 - 기타,승용,남,63세,경상,화물,남,39세,경상
2019101000100162,2019년 10월 10일 08시,목요일,광주광역시 광산구 오선동,경상사고,0,0,1,0,차대차 - 측면충돌,교차로운행방법위반,건조,맑음,교차로 - 교차로부근,건설기계,남,44세,상해없음,승용,여,26세,경상
2019101000100163,2019년 10월 10일 08시,목요일,광주광역시 광산구 선암동,경상사고,0,0,1,0,차대차 - 추돌,안전운전불이행,건조,맑음,단일로 - 기타,승용,남,59세,상해없음,승용,여,35세,경상
2019101000100225,2019년 10월 10일 10시,목요일,광주광역시 서구 매월동,경상사고,0,0,1,0,차대차 - 측면충돌,신호위반,건조,맑음,단일로 - 기타,승용,여,50세,상해없음,이륜,남,51세,경상
2019101000100266,2019년 10월 10일 11시,목요일,광주광역시 광산구 신창동,경상사고,0,0,2,0,차대차 - 측면충돌,안전운전불이행,건조,맑음,단일로 - 기타,이륜,남,33세,경상,화물,남,73세,경상
2019101000100291,2019년 10월 10일 12시,목요일,광주광역시 동구 계림동,경상사고,0,0,1,0,차대사람 - 기타,안전운전불이행,건조,맑음,단일로 - 기타,자전거,여,72세,상해없음,보행자,여,58세,경상
2019101000100292,2019년 10월 10일 12시,목요일,광주광역시 북구 연제동,경상사고,0,0,1,0,차대차 - 측면충돌,신호위반,건조,맑음,교차로 - 교차로안,승용,남,23세,상해없음,승용,남,63세,경상
2019101000100293,2019년 10월 10일 12시,목요일,광주광역시 북구 운암동,경상사고,0,0,1,0,차대차 - 측면충돌,안전운전불이행,건조,맑음,교차로 - 교차로부근,승용,남,64세,상해없음,승용,남,39세,상해없음
2019101000100422,2019년 10월 10일 15시,목요일,광주광역시 서구 덕흥동,중상사고,0,1,0,0,차대차 - 측면충돌,교차로운행방법위반,건조,맑음,교차로 - 교차로안,화물,남,50세,상해없음,자전거,남,53세,중상
2019101000100423,2019년 10월 10일 15시,목요일,광주광역시 북구 용두동,경상사고,0,0,2,0,차대차 - 측면충돌,안전운전불이행,건조,맑음,교차로 - 교차로안,승용,남,26세,경상,승용,여,45세,경상
2019101000100424,2019년 10월 10일 15시,목요일,광주광역시 광산구 비아동,경상사고,0,0,1,0,차대차 - 측면충돌,안전운전불이행,건조,맑음,교차로 - 교차로안,승용,여,39세,상해없음,화물,남,34세,경상
2019101000100470,2019년 10월 10일 16시,목요일,광주광역시 북구 운암동,경상사고,0,0,1,0,차대차 - 추돌,안전운전불이행,건조,맑음,교차로 - 교차로안,승용,남,62세,상해없음,화물,남,48세,경상
2019101000100471,2019년 10월 10일 16시,목요일,광주광역시 북구 연제동,경상사고,0,0,1,0,차대차 - 추돌,안전운전불이행,건조,맑음,단일로 - 기타,승용,여,32세,상해없음,승용,여,34세,경상
2019101000100509,2019년 10월 10일 17시,목요일,광주광역시 서구 동천동,경상사고,0,0,1,0,차대차 - 측면충돌,안전운전불이행,건조,맑음,교차로 - 교차로안,이륜,남,78세,경상,화물,남,59세,상해없음
2019101000100510,2019년 10월 10일 17시,목요일,광주광역시 서구 치평동,경상사고,0,0,1,0,차대차 - 측면충돌,차로위반,건조,맑음,단일로 - 기타,승용,여,61세,상해없음,승용,여,43세,경상
2019101000100511,2019년 10월 10일 17시,목요일,광주광역시 남구 송하동,경상사고,0,0,1,0,차대차 - 측면충돌,교차로운행방법위반,건조,맑음,교차로 - 교차로안,승용,남,50세,상해없음,승용,남,66세,경상
2019101000100564,2019년 10월 10일 18시,목요일,광주광역시 서구 치평동,중상사고,0,1,0,0,차대사람 - 횡단중,안전운전불이행,건조,맑음,단일로 - 기타,화물,남,60세,상해없음,보행자,여,36세,중상
2019101000100565,2019년 10월 10일 18시,목요일,광주광역시 북구 양산동,경상사고,0,0,1,0,차대사람 - 횡단중,신호위반,건조,맑음,단일로 - 기타,이륜,남,42세,상해없음,보행자,남,6세,경상
2019101000100620,2019년 10월 10일 19시,목요일,광주광역시 서구 농성동,경상사고,0,0,1,0,차대차 - 측면충돌,교차로운행방법위반,건조,맑음,교차로 - 교차로안,승용,여,57세,상해없음,승용,남,27세,경상
2019101000100656,2019년 10월 10일 20시,목요일,광주광역시 서구 광천동,경상사고,0,0,1,0,차대차 - 측면충돌,안전거리미확보,건조,맑음,단일로 - 기타,승용,여,56세,상해없음,승용,남,24세,상해없음
2019101000100690,2019년 10월 10일 21시,목요일,광주광역시 북구 양산동,경상사고,0,0,1,0,차대사람 - 횡단중,안전운전불이행,건조,맑음,단일로 - 기타,이륜,남,60세,상해없음,보행자,남,11세,경상
2019101000100716,2019년 10월 10일 22시,목요일,광주광역시 남구 주월동,중상사고,0,1,1,0,차대차 - 측면충돌,신호위반,건조,맑음,교차로 - 교차로안,승용,남,54세,상해없음,승용,남,34세,경상
2019101000100717,2019년 10월 10일 22시,목요일,광주광역시 북구 운암동,경상사고,0,0,2,0,차대차 - 기타,신호위반,건조,맑음,교차로 - 교차로안,개인형이동수단(PM),남,48세,경상,이륜,남,17세,경상
2019101000100718,2019년 10월 10일 22시,목요일,광주광역시 북구 일곡동,경상사고,0,0,1,0,차량단독 - 전도전복 - 전복,안전운전불이행,건조,맑음,교차로 - 교차로부근,화물,남,39세,경상,,,,
2019101100100047,2019년 10월 11일 00시,금요일,광주광역시 남구 봉선동,경상사고,0,0,1,0,차대차 - 정면충돌,신호위반,건조,맑음,교차로 - 교차로안,승용,여,53세,상해없음,승용,여,45세,경상
2019101100100074,2019년 10월 11일 03시,금요일,광주광역시 북구 임동,경상사고,0,0,1,0,차대차 - 측면충돌,안전거리미확보,건조,맑음,단일로 - 기타,승용,남,63세,상해없음,승용,남,68세,상해없음
2019101100100127,2019년 10월 11일 07시,금요일,광주광역시 서구 치평동,경상사고,0,0,1,0,차량단독 - 기타,안전운전불이행,건조,맑음,단일로 - 기타,승합,남,62세,상해없음,,,,
2019101100100170,2019년 10월 11일 08시,금요일,광주광역시 서구 매월동,경상사고,0,0,1,0,차대차 - 측면충돌,안전운전불이행,건조,맑음,교차로 - 교차로안,승용,여,45세,상해없음,승용,남,46세,경상
2019101100100171,2019년 10월 11일 08시,금요일,광주광역시 북구 각화동,경상사고,0,0,1,0,차대차 - 측면충돌,안전운전불이행,건조,맑음,단일로 - 기타,승용,남,28세,상해없음,이륜,여,33세,경상
2019101100100172,2019년 10월 11일 08시,금요일,광주광역시 북구 중흥동,중상사고,0,1,0,0,차대차 - 기타,기타,건조,맑음,교차로 - 교차로부근,승용,남,67세,상해없음,이륜,남,56세,중상
2019101100100214,2019년 10월 11일 09시,금요일,광주광역시 광산구 우산동,경상사고,0,0,3,0,차대차 - 기타,안전운전불이행,건조,맑음,단일로 - 기타,승용,여,59세,상해없음,승용,남,37세,경상
2019101100100215,2019년 10월 11일 09시,금요일,광주광역시 광산구 신창동,경상사고,0,0,1,0,차대차 - 추돌,안전거리미확보,건조,맑음,단일로 - 기타,승용,남,27세,상해없음,승용,남,32세,경상
2019101100100248,2019년 10월 11일 10시,금요일,광주광역시 남구 월산동,경상사고,0,0,1,0,차대차 - 후진중충돌,안전운전불이행,건조,맑음,교차로 - 교차로부근,승용,여,38세,기타불명,승용,여,38세,경상
2019101100100249,2019년 10월 11일 10시,금요일,광주광역시 북구 동림동,경상사고,0,0,1,0,차대차 - 추돌,안전운전불이행,건조,맑음,단일로 - 기타,승용,여,48세,상해없음,승용,여,29세,경상
2019101100100349,2019년 10월 11일 13시,금요일,광주광역시 서구 치평동,경상사고,0,0,1,0,차대차 - 측면충돌,안전운전불이행,건조,맑음,단일로 - 기타,승용,여,57세,상해없음,승용,남,32세,경상
2019101100100350,2019년 10월 11일 13시,금요일,광주광역시 광산구 장덕동,경상사고,0,0,2,0,차대차 - 추돌,안전운전불이행,건조,맑음,단일로 - 기타,승용,남,62세,상해없음,승용,여,30세,경상
2019101100100351,2019년 10월 11일 13시,금요일,광주광역시 광산구 쌍암동,경상사고,0,0,1,0,차대차 - 기타,안전운전불이행,건조,맑음,단일로 - 기타,승용,남,58세,상해없음,승용,남,38세,경상
2019101100100384,2019년 10월 11일 14시,금요일,광주광역시 북구 두암동,경상사고,0,0,1,0,차대차 - 측면충돌,중앙선침범,건조,맑음,단일로 - 기타,승합,남,58세,상해없음,이륜,남,51세,경상
2019101100100426,2019년 10월 11일 15시,금요일,광주광역시 남구 진월동,경상사고,0,0,2,0,차대차 - 추돌,안전거리미확보,건조,맑음,단일로 - 기타,승용,남,70세,상해없음,승용,남,37세,경상
2019101100100427,2019년 10월 11일 15시,금요일,광주광역시 북구 오룡동,중상사고,0,2,2,0,차대차 - 측면충돌,안전운전불이행,건조,맑음,교차로 - 교차로안,승용,여,58세,중상,화물,남,36세,경상
2019101100100485,2019년 10월 11일 16시,금요일,광주광역시 북구 용봉동,경상사고,0,0,2,0,차대차 - 측면충돌,직진우회전진행방해,건조,맑음,교차로 - 교차로안,승용,여,41세,경상,승용,남,59세,경상
2019101100100540,2019년 10월 11일 17시,금요일,광주광역시 동구 월남동,경상사고,0,0,2,0,차대차 - 기타,안전거리미확보,건조,맑음,단일로 - 기타,승용,여,27세,경상,승용,여,49세,경상
2019101100100541,2019년 10월 11일 17시,금요일,광주광역시 서구 화정동,경상사고,0,0,1,0,차대사람 - 기타,보행자보호의무위반,건조,맑음,단일로 - 기타,승용,남,29세,상해없음,보행자,여,18세,경상
2019101100100542,2019년 10월 11일 17시,금요일,광주광역시 광산구 수완동,경상사고,0,0,1,1,차대차 - 측면충돌,신호위반,건조,맑음,교차로 - 교차로부근,승용,남,64세,상해없음,승합,남,40세,경상
2019101100100606,2019년 10월 11일 18시,금요일,광주광역시 서구 쌍촌동,경상사고,0,0,1,0,차대차 - 측면충돌,직진우회전진행방해,건조,맑음,교차로 - 교차로안,승용,남,67세,상해없음,승용,여,25세,경상
2019101100100668,2019년 10월 11일 19시,금요일,광주광역시 동구 선교동,중상사고,0,1,4,0,차대차 - 기타,안전거리미확보,건조,맑음,단일로 - 기타,승용,남,71세,경상,승용,남,38세,경상
2019101100100778,2019년 10월 11일 22시,금요일,광주광역시 북구 용전동,경상사고,0,0,2,0,차대차 - 측면충돌,신호위반,건조,맑음,교차로 - 교차로안,승용,남,52세,경상,승용,남,37세,경상
2019101100100802,2019년 10월 11일 23시,금요일,광주광역시 서구 금호동,경상사고,0,0,1,0,차대차 - 측면충돌,안전운전불이행,건조,맑음,교차로 - 교차로부근,승용,남,67세,상해없음,승합,남,49세,경상
2019101100100803,2019년 10월 11일 23시,금요일,광주광역시 남구 방림동,경상사고,0,0,1,0,차대차 - 측면충돌,안전운전불이행,건조,맑음,단일로 - 기타,승용,남,38세,상해없음,승용,남,24세,경상
2019101200100040,2019년 10월 12일 00시,토요일,광주광역시 동구 금남로5가,경상사고,0,0,1,0,차대차 - 기타,신호위반,건조,맑음,교차로 - 교차로안,승용,남,21세,상해없음,승용,남,52세,경상
2019101200100089,2019년 10월 12일 04시,토요일,광주광역시 서구 쌍촌동,경상사고,0,0,1,0,차대차 - 측면충돌,안전거리미확보,건조,맑음,단일로 - 기타,승용,남,64세,상해없음,승용,여,58세,경상
2019101200100117,2019년 10월 12일 06시,토요일,광주광역시 북구 운암동,중상사고,0,1,0,0,차대차 - 측면충돌,안전운전불이행,건조,맑음,기타 - 기타,승용,남,66세,상해없음,자전거,남,74세,중상
2019101200100158,2019년 10월 12일 08시,토요일,광주광역시 북구 신용동,경상사고,0,0,1,0,차대차 - 추돌,안전거리미확보,건조,맑음,단일로 - 기타,승용,남,39세,상해없음,승용,여,48세,경상
2019101200100239,2019년 10월 12일 10시,토요일,광주광역시 서구 광천동,경상사고,0,0,1,0,차대차 - 측면충돌,교차로운행방법위반,건조,맑음,교차로 - 교차로안,승용,남,21세,상해없음,이륜,남,45세,경상
2019101200100240,2019년 10월 12일 10시,토요일,광주광역시 북구 우산동,경상사고,0,0,1,0,차대차 - 추돌,안전운전불이행,건조,맑음,단일로 - 기타,화물,남,61세,경상,건설기계,남,53세,상해없음
2019101200100241,2019년 10월 12일 10시,토요일,광주광역시 광산구 신창동,경상사고,0,0,4,0,차대차 - 기타,안전거리미확보,건조,맑음,단일로 - 기타,승용,남,38세,경상,승용,여,38세,경상
2019101200100280,2019년 10월 12일 11시,토요일,광주광역시 서구 농성동,경상사고,0,0,2,0,차대차 - 측면충돌,차로위반,건조,맑음,단일로 - 기타,승합,남,54세,상해없음,승용,남,39세,경상
2019101200100281,2019년 10월 12일 11시,토요일,광주광역시 광산구 도천동,중상사고,0,1,0,0,차대차 - 추돌,안전거리미확보,건조,맑음,단일로 - 기타,화물,남,27세,상해없음,이륜,남,47세,중상
2019101200100427,2019년 10월 12일 14시,토요일,광주광역시 동구 학동,부상신고사고,0,0,0,1,차대차 - 기타,안전운전불이행,건조,맑음,기타 - 기타,이륜,남,80세,부상신고,승용,여,52세,상해없음
2019101200100480,2019년 10월 12일 15시,토요일,광주광역시 남구 서동,중상사고,0,1,0,0,차대사람 - 횡단중,안전운전불이행,건조,맑음,단일로 - 기타,이륜,남,67세,상해없음,보행자,남,72세,중상
2019101200100481,2019년 10월 12일 15시,토요일,광주광역시 북구 문흥동,경상사고,0,0,1,0,차대차 - 측면충돌,신호위반,건조,맑음,교차로 - 교차로안,이륜,남,46세,경상,승용,남,36세,상해없음
2019101200100482,2019년 10월 12일 15시,토요일,광주광역시 광산구 산월동,경상사고,0,0,1,0,차대사람 - 횡단중,안전운전불이행,건조,맑음,교차로 - 교차로부근,승용,여,53세,상해없음,보행자,남,13세,경상
2019101200100540,2019년 10월 12일 16시,토요일,광주광역시 남구 주월동,경상사고,0,0,2,0,차대차 - 측면충돌,신호위반,건조,맑음,교차로 - 교차로안,승용,남,68세,상해없음,승용,남,65세,경상
2019101200100541,2019년 10월 12일 16시,토요일,광주광역시 광산구 우산동,경상사고,0,0,1,0,차대사람 - 기타,안전운전불이행,건조,맑음,교차로 - 교차로안,승용,남,47세,상해없음,보행자,남,51세,경상
2019101200100577,2019년 10월 12일 17시,토요일,광주광역시 광산구 쌍암동,경상사고,0,0,1,0,차대차 - 기타,교차로운행방법위반,건조,맑음,교차로 - 교차로부근,이륜,남,46세,상해없음,승용,여,47세,경상
2019101200100619,2019년 10월 12일 18시,토요일,광주광역시 남구 진월동,경상사고,0,0,5,0,차대차 - 측면충돌,안전운전불이행,건조,맑음,단일로 - 기타,승용,여,49세,상해없음,승용,여,36세,경상
2019101200100620,2019년 10월 12일 18시,토요일,광주광역시 북구 용봉동,중상사고,0,1,0,0,차대사람 - 횡단중,안전운전불이행,건조,맑음,교차로 - 교차로안,승용,남,63세,상해없음,보행자,남,60세,중상
2019101200100661,2019년 10월 12일 19시,토요일,광주광역시 북구 운암동,경상사고,0,0,1,0,차대차 - 측면충돌,안전거리미확보,건조,맑음,단일로 - 기타,승용,여,53세,상해없음,이륜,남,23세,경상
2019101200100662,2019년 10월 12일 19시,토요일,광주광역시 광산구 도산동,경상사고,0,0,1,0,차대차 - 측면충돌,교차로운행방법위반,건조,맑음,교차로 - 교차로안,이륜,남,17세,상해없음,이륜,남,17세,경상
2019101200100701,2019년 10월 12일 20시,토요일,광주광역시 서구 쌍촌동,중상사고,0,3,5,0,차대차 - 측면충돌,신호위반,건조,맑음,교차로 - 교차로안,승용,남,24세,경상,이륜,남,25세,중상
2019101200100702,2019년 10월 12일 20시,토요일,광주광역시 광산구 신창동,경상사고,0,0,1,1,차대차 - 후진중충돌,안전운전불이행,건조,맑음,단일로 - 기타,승용,여,44세,부상신고,자전거,남,19세,경상
2019101200100739,2019년 10월 12일 21시,토요일,광주광역시 서구 마륵동,중상사고,0,1,2,0,차대차 - 측면충돌,안전운전불이행,건조,맑음,교차로 - 교차로안,승용,남,54세,상해없음,승용,남,26세,경상
2019101200100740,2019년 10월 12일 21시,토요일,광주광역시 광산구 산정동,경상사고,0,0,1,0,차대차 - 측면충돌,안전운전불이행,건조,맑음,단일로 - 기타,화물,남,67세,상해없음,승용,남,51세,경상
2019101200100741,2019년 10월 12일 21시,토요일,광주광역시 광산구 산정동,경상사고,0,0,1,0,차량단독 - 기타,안전운전불이행,건조,맑음,단일로 - 기타,승용,남,67세,상해없음,,,,
2019101200100782,2019년 10월 12일 23시,토요일,광주광역시 북구 삼각동,경상사고,0,0,2,0,차대차 - 기타,신호위반,건조,맑음,교차로 - 교차로안,승용,남,35세,경상,승용,남,34세,경상
2019101300100030,2019년 10월 13일 00시,일요일,광주광역시 동구 소태동,경상사고,0,0,1,0,차대차 - 추돌,안전거리미확보,건조,맑음,단일로 - 기타,승용,남,56세,상해없음,승용,남,46세,경상
2019101300100053,2019년 10월 13일 02시,일요일,광주광역시 동구 광산동,경상사고,0,0,1,0,차대차 - 측면충돌,안전거리미확보,건조,맑음,교차로 - 교차로안,승용,남,65세,상해없음,이륜,남,25세,경상
2019101300100054,2019년 10월 13일 02시,일요일,광주광역시 서구 쌍촌동,경상사고,0,0,1,0,차대사람 - 기타,안전운전불이행,건조,맑음,교차로 - 교차로부근,승용,남,61세,상해없음,보행자,남,27세,경상
2019101300100062,2019년 10월 13일 03시,일요일,광주광역시 북구 신용동,경상사고,0,0,2,0,차대차 - 추돌,안전운전불이행,건조,맑음,교차로 - 교차로부근,승용,남,23세,상해없음,승용,남,59세,경상
2019101300100082,2019년 10월 13일 05시,일요일,광주광역시 서구 내방동,경상사고,0,0,1,0,차대차 - 추돌,안전운전불이행,건조,맑음,교차로 - 교차로부근,승용,남,38세,상해없음,승용,남,61세,경상
2019101300100114,2019년 10월 13일 08시,일요일,광주광역시 광산구 하남동,경상사고,0,0,3,0,차대차 - 측면충돌,안전운전불이행,건조,맑음,교차로 - 교차로부근,승용,여,32세,경상,승용,남,26세,경상
2019101300100159,2019년 10월 13일 10시,일요일,광주광역시 남구 주월동,경상사고,0,0,1,0,차대차 - 추돌,안전운전불이행,건조,맑음,교차로 - 교차로안,승합,남,48세,상해없음,승용,여,25세,경상
2019101300100188,2019년 10월 13일 11시,일요일,광주광역시 광산구 송정동,경상사고,0,0,1,0,차대차 - 기타,차로위반,건조,맑음,단일로 - 기타,승용,남,29세,상해없음,승용,남,36세,상해없음
2019101300100231,2019년 10월 13일 13시,일요일,광주광역시 북구 운암동,경상사고,0,0,2,0,차대차 - 기타,안전운전불이행,건조,맑음,교차로 - 교차로안,이륜,남,22세,경상,승용,남,32세,경상
2019101300100277,2019년 10월 13일 14시,일요일,광주광역시 남구 월산동,경상사고,0,0,7,0,차대차 - 측면충돌,안전운전불이행,건조,맑음,단일로 - 기타,승용,여,27세,상해없음,승용,남,53세,경상
2019101300100278,2019년 10월 13일 14시,일요일,광주광역시 북구 연제동,경상사고,0,0,2,0,차대차 - 기타,안전운전불이행,건조,맑음,교차로 - 교차로부근,승용,남,25세,경상,승용,남,63세,경상
2019101300100279,2019년 10월 13일 14시,일요일,광주광역시 광산구 운수동,중상사고,0,1,0,0,차대차 - 측면충돌,신호위반,건조,맑음,교차로 - 교차로횡단보도내,승용,남,67세,상해없음,자전거,남,21세,중상
2019101300100313,2019년 10월 13일 15시,일요일,광주광역시 서구 광천동,경상사고,0,0,1,0,차대차 - 측면충돌,안전거리미확보,건조,맑음,단일로 - 기타,승용,남,34세,상해없음,승용,여,60세,상해없음
2019101300100314,2019년 10월 13일 15시,일요일,광주광역시 북구 운암동,경상사고,0,0,2,0,차대차 - 추돌,안전운전불이행,건조,맑음,단일로 - 교량,승용,남,37세,상해없음,승용,남,64세,경상
2019101300100315,2019년 10월 13일 15시,일요일,광주광역시 북구 오치동,경상사고,0,0,1,0,차대사람 - 차도통행중,안전운전불이행,건조,맑음,교차로 - 교차로부근,승용,여,50세,상해없음,보행자,여,63세,경상
2019101300100415,2019년 10월 13일 18시,일요일,광주광역시 북구 문흥동,경상사고,0,0,1,0,차대차 - 측면충돌,안전거리미확보,건조,맑음,교차로 - 교차로부근,승용,여,52세,상해없음,이륜,남,21세,경상
2019101300100450,2019년 10월 13일 19시,일요일,광주광역시 남구 주월동,경상사고,0,0,1,0,차대차 - 측면충돌,교차로운행방법위반,건조,맑음,교차로 - 교차로안,승용,남,59세,상해없음,승용,남,40세,경상
2019101300100451,2019년 10월 13일 19시,일요일,광주광역시 광산구 월계동,경상사고,0,0,1,0,차대차 - 측면충돌,안전거리미확보,건조,맑음,단일로 - 기타,승용,여,55세,상해없음,승용,남,25세,경상
2019101300100502,2019년 10월 13일 21시,일요일,광주광역시 서구 금호동,경상사고,0,0,1,0,차대사람 - 기타,보행자보호의무위반,건조,맑음,교차로 - 교차로안,화물,남,48세,상해없음,보행자,남,16세,경상
2019101300100519,2019년 10월 13일 22시,일요일,광주광역시 북구 우산동,경상사고,0,0,1,0,차대사람 - 기타,기타,건조,맑음,단일로 - 기타,승용,남,56세,상해없음,보행자,남,40세,경상
2019101400100045,2019년 10월 14일 03시,월요일,광주광역시 북구 운암동,중상사고,0,1,1,0,차대차 - 측면충돌,신호위반,건조,맑음,교차로 - 교차로안,승용,남,71세,상해없음,승용,여,25세,중상
2019101400100149,2019년 10월 14일 08시,월요일,광주광역시 북구 매곡동,경상사고,0,0,1,0,차대차 - 추돌,안전운전불이행,건조,맑음,단일로 - 기타,승용,여,41세,상해없음,승용,여,36세,경상
2019101400100150,2019년 10월 14일 08시,월요일,광주광역시 광산구 우산동,경상사고,0,0,1,0,차대차 - 측면충돌,차로위반,건조,맑음,단일로 - 기타,승용,남,44세,상해없음,건설기계,남,59세,경상
2019101400100151,2019년 10월 14일 08시,월요일,광주광역시 광산구 산정동,경상사고,0,0,1,0,차대차 - 추돌,안전운전불이행,건조,맑음,단일로 - 기타,승용,여,53세,상해없음,승용,여,41세,경상
2019101400100190,2019년 10월 14일 09시,월요일,광주광역시 서구 쌍촌동,경상사고,0,0,1,0,차대차 - 측면충돌,직진우회전진행방해,건조,맑음,교차로 - 교차로안,승용,남,49세,상해없음,승용,남,63세,상해없음
2019101400100191,2019년 10월 14일 09시,월요일,광주광역시 북구 각화동,경상사고,0,0,1,0,차대차 - 측면충돌,신호위반,건조,맑음,교차로 - 교차로안,화물,남,62세,상해없음,승용,여,54세,경상
2019101400100226,2019년 10월 14일 10시,월요일,광주광역시 동구 지산동,경상사고,0,0,2,0,차대차 - 측면충돌,신호위반,건조,맑음,교차로 - 교차로안,승용,남,30세,경상,승합,남,55세,상해없음
2019101400100227,2019년 10월 14일 10시,월요일,광주광역시 서구 쌍촌동,경상사고,0,0,1,0,차대차 - 추돌,안전운전불이행,건조,맑음,단일로 - 기타,기타불명,기타불명,미분류,기타불명,승용,남,41세,경상