사고번호,사고일시,요일,시군구,사고내용,사망자수,중상자수,경상자수,부상신고자수,사고유형,법규위반,노면상태,기상상태,도로형태,가해운전자 차종,가해운전자 성별,가해운전자 연령,가해운전자 상해정도,피해운전자 차종,피해운전자 성별,피해운전자 연령,피해운전자 상해정도
2019101400100228,2019년 10월 14일 10시,월요일,광주광역시 광산구 송정동,중상사고,0,1,0,0,차대차 - 측면충돌,교차로운행방법위반,건조,맑음,교차로 - 교차로안,승용,남,55세,상해없음,자전거,남,71세,중상
2019101400100268,2019년 10월 14일 11시,월요일,광주광역시 서구 매월동,경상사고,0,0,1,0,차대차 - 기타,안전운전불이행,건조,맑음,교차로 - 교차로부근,화물,남,44세,상해없음,승용,여,56세,경상
2019101400100309,2019년 10월 14일 12시,월요일,광주광역시 북구 대촌동,경상사고,0,0,2,0,차대차 - 기타,안전거리미확보,건조,맑음,단일로 - 기타,승용,남,53세,경상,승용,여,41세,경상
2019101400100352,2019년 10월 14일 13시,월요일,광주광역시 서구 치평동,경상사고,0,0,1,0,차대차 - 기타,안전운전불이행,건조,맑음,교차로 - 교차로안,승용,남,49세,상해없음,승용,남,50세,상해없음
2019101400100387,2019년 10월 14일 14시,월요일,광주광역시 북구 신안동,경상사고,0,0,1,0,차대차 - 측면충돌,교차로운행방법위반,건조,맑음,교차로 - 교차로안,승용,남,33세,상해없음,승용,남,60세,경상
2019101400100427,2019년 10월 14일 15시,월요일,광주광역시 북구 문흥동,경상사고,0,0,2,0,차대차 - 측면충돌,직진우회전진행방해,건조,맑음,교차로 - 교차로안,승용,여,32세,경상,화물,남,40세,경상
2019101400100479,2019년 10월 14일 16시,월요일,광주광역시 서구 화정동,경상사고,0,0,3,0,차대차 - 추돌,안전운전불이행,건조,맑음,단일로 - 기타,승용,여,51세,상해없음,승용,여,50세,경상
2019101400100608,2019년 10월 14일 18시,월요일,광주광역시 광산구 비아동,경상사고,0,0,1,0,차대차 - 기타,안전거리미확보,건조,맑음,단일로 - 기타,승용,남,77세,상해없음,승용,여,52세,경상
2019101400100656,2019년 10월 14일 19시,월요일,광주광역시 서구 농성동,경상사고,0,0,1,0,차대차 - 측면충돌,불법유턴,건조,맑음,교차로 - 교차로부근,승용,남,60세,상해없음,이륜,남,29세,경상
2019101400100698,2019년 10월 14일 20시,월요일,광주광역시 서구 화정동,경상사고,0,0,3,0,차대차 - 기타,차로위반,건조,맑음,교차로 - 교차로부근,승용,남,56세,경상,승용,남,30세,경상
2019101400100726,2019년 10월 14일 21시,월요일,광주광역시 서구 금호동,경상사고,0,0,1,0,차대차 - 후진중충돌,안전운전불이행,건조,맑음,단일로 - 기타,승합,남,30세,상해없음,이륜,남,51세,경상
2019101400100744,2019년 10월 14일 22시,월요일,광주광역시 서구 금호동,경상사고,0,0,1,0,차대사람 - 기타,안전운전불이행,건조,맑음,교차로 - 교차로안,승용,여,36세,기타불명,보행자,남,36세,경상
2019101500100071,2019년 10월 15일 05시,화요일,광주광역시 광산구 월계동,경상사고,0,0,1,0,차대차 - 측면충돌,안전운전불이행,건조,맑음,교차로 - 교차로부근,승용,남,35세,기타불명,자전거,남,68세,경상
2019101500100114,2019년 10월 15일 07시,화요일,광주광역시 광산구 장덕동,경상사고,0,0,1,0,차대차 - 측면충돌,신호위반,건조,맑음,교차로 - 교차로안,승용,남,38세,상해없음,승용,여,34세,경상
2019101500100202,2019년 10월 15일 09시,화요일,광주광역시 광산구 복룡동,경상사고,0,0,4,0,차대차 - 기타,안전거리미확보,건조,맑음,단일로 - 기타,승용,여,57세,상해없음,승용,남,66세,경상
2019101500100247,2019년 10월 15일 10시,화요일,광주광역시 남구 주월동,경상사고,0,0,1,0,차대사람 - 횡단중,보행자보호의무위반,건조,맑음,교차로 - 교차로횡단보도내,승용,남,70세,상해없음,보행자,여,22세,경상
2019101500100287,2019년 10월 15일 11시,화요일,광주광역시 서구 양동,경상사고,0,0,2,0,차대차 - 추돌,안전운전불이행,건조,맑음,교차로 - 교차로부근,승용,남,62세,상해없음,승용,남,27세,경상
2019101500100288,2019년 10월 15일 11시,화요일,광주광역시 서구 유촌동,중상사고,0,1,0,0,차대차 - 측면충돌,안전운전불이행,건조,맑음,단일로 - 기타,화물,남,56세,상해없음,자전거,남,80세,중상
2019101500100289,2019년 10월 15일 11시,화요일,광주광역시 광산구 수완동,경상사고,0,0,2,0,차대차 - 측면충돌,교차로운행방법위반,건조,맑음,교차로 - 교차로안,승합,여,60세,경상,승용,여,54세,경상
2019101500100334,2019년 10월 15일 12시,화요일,광주광역시 남구 송하동,경상사고,0,0,1,0,차대차 - 측면충돌,안전운전불이행,건조,맑음,단일로 - 기타,승용,남,76세,상해없음,승용,여,58세,경상
2019101500100373,2019년 10월 15일 13시,화요일,광주광역시 광산구 우산동,경상사고,0,0,1,0,차대차 - 기타,안전운전불이행,건조,맑음,단일로 - 기타,승용,여,68세,상해없음,승용,여,42세,경상
2019101500100655,2019년 10월 15일 19시,화요일,광주광역시 서구 쌍촌동,경상사고,0,0,1,0,차대차 - 측면충돌,안전운전불이행,건조,맑음,교차로 - 교차로안,승용,여,48세,상해없음,승용,남,33세,경상
2019101500100656,2019년 10월 15일 19시,화요일,광주광역시 광산구 소촌동,경상사고,0,0,1,0,차대차 - 기타,안전거리미확보,건조,맑음,단일로 - 기타,승용,남,49세,상해없음,승용,남,36세,경상
2019101500100693,2019년 10월 15일 20시,화요일,광주광역시 북구 장등동,경상사고,0,0,4,1,차대차 - 정면충돌,신호위반,건조,맑음,교차로 - 교차로안,승용,남,62세,상해없음,승용,남,48세,경상
2019101500100744,2019년 10월 15일 22시,화요일,광주광역시 광산구 산정동,경상사고,0,0,1,0,차대차 - 추돌,안전운전불이행,건조,맑음,교차로 - 교차로부근,승용,남,30세,상해없음,승용,남,60세,경상
2019101500100758,2019년 10월 15일 23시,화요일,광주광역시 광산구 우산동,경상사고,0,0,3,0,차대차 - 측면충돌,차로위반,건조,맑음,단일로 - 기타,승용,남,19세,상해없음,승용,남,62세,상해없음
2019101600100081,2019년 10월 16일 05시,수요일,광주광역시 서구 화정동,부상신고사고,0,0,0,1,차대차 - 기타,안전운전불이행,건조,맑음,단일로 - 기타,자전거,여,61세,부상신고,이륜,남,52세,상해없음
2019101600100092,2019년 10월 16일 06시,수요일,광주광역시 서구 쌍촌동,경상사고,0,0,1,0,차대차 - 추돌,안전운전불이행,건조,맑음,단일로 - 기타,승용,남,65세,상해없음,승용,남,67세,경상
2019101600100093,2019년 10월 16일 06시,수요일,광주광역시 북구 동림동,경상사고,0,0,1,0,차대차 - 추돌,안전운전불이행,건조,맑음,교차로 - 교차로부근,화물,남,33세,상해없음,화물,남,45세,경상
2019101600100175,2019년 10월 16일 08시,수요일,광주광역시 광산구 장덕동,경상사고,0,0,1,0,차대차 - 추돌,안전운전불이행,건조,맑음,교차로 - 교차로안,승용,남,41세,상해없음,승용,남,56세,경상
2019101600100266,2019년 10월 16일 10시,수요일,광주광역시 북구 각화동,사망사고,1,0,0,0,차대사람 - 횡단중,안전운전불이행,건조,맑음,교차로 - 교차로안,화물,남,58세,상해없음,보행자,여,73세,사망
2019101600100295,2019년 10월 16일 11시,수요일,광주광역시 북구 일곡동,경상사고,0,0,1,0,차대차 - 기타,안전운전불이행,건조,맑음,단일로 - 기타,승용,남,24세,상해없음,화물,남,53세,경상
2019101600100329,2019년 10월 16일 12시,수요일,광주광역시 남구 백운동,경상사고,0,0,2,0,차대차 - 측면충돌,안전거리미확보,건조,맑음,단일로 - 고가도로위,승용,남,73세,상해없음,승용,여,45세,경상
2019101600100330,2019년 10월 16일 12시,수요일,광주광역시 북구 두암동,경상사고,0,0,1,0,차대사람 - 기타,안전운전불이행,건조,맑음,교차로 - 교차로안,화물,남,45세,상해없음,보행자,여,71세,경상
2019101600100331,2019년 10월 16일 12시,수요일,광주광역시 광산구 월계동,경상사고,0,0,1,0,차대차 - 기타,안전운전불이행,건조,맑음,단일로 - 기타,승용,여,53세,상해없음,자전거,여,56세,경상
2019101600100378,2019년 10월 16일 13시,수요일,광주광역시 광산구 소촌동,중상사고,0,1,1,0,차대차 - 기타,중앙선침범,건조,맑음,교차로 - 교차로안,승용,남,22세,상해없음,승용,남,66세,경상
2019101600100452,2019년 10월 16일 15시,수요일,광주광역시 동구 동명동,경상사고,0,0,1,0,차대사람 - 길가장자리구역통행중,안전운전불이행,건조,맑음,단일로 - 기타,화물,남,64세,상해없음,보행자,남,24세,경상
2019101600100492,2019년 10월 16일 16시,수요일,광주광역시 동구 소태동,경상사고,0,0,2,0,차대차 - 추돌,안전거리미확보,건조,맑음,단일로 - 기타,승용,여,19세,상해없음,승용,여,60세,경상
2019101600100493,2019년 10월 16일 16시,수요일,광주광역시 서구 치평동,경상사고,0,0,1,0,차대차 - 측면충돌,안전운전불이행,건조,맑음,단일로 - 기타,승용,남,53세,상해없음,승용,남,44세,경상
2019101600100603,2019년 10월 16일 18시,수요일,광주광역시 남구 사동,경상사고,0,0,1,0,차대사람 - 횡단중,안전운전불이행,건조,맑음,기타 - 기타,승용,남,81세,상해없음,보행자,남,50세,경상
2019101600100641,2019년 10월 16일 19시,수요일,광주광역시 북구 용봉동,경상사고,0,0,1,0,차대차 - 추돌,안전운전불이행,건조,맑음,교차로 - 교차로부근,승용,남,63세,상해없음,승용,남,32세,경상
2019101600100680,2019년 10월 16일 20시,수요일,광주광역시 서구 쌍촌동,중상사고,0,1,0,0,차대차 - 기타,안전거리미확보,건조,맑음,교차로 - 교차로부근,승용,남,57세,기타불명,원동기,남,53세,중상
2019101600100681,2019년 10월 16일 20시,수요일,광주광역시 광산구 용봉동,중상사고,0,1,0,0,차대차 - 추돌,안전운전불이행,건조,맑음,단일로 - 기타,기타불명,기타불명,미분류,기타불명,승용,남,30세,중상
2019101600100705,2019년 10월 16일 21시,수요일,광주광역시 남구 주월동,경상사고,0,0,1,0,차대사람 - 차도통행중,안전운전불이행,건조,맑음,단일로 - 기타,승용,여,61세,상해없음,보행자,남,50세,경상
2019101600100706,2019년 10월 16일 21시,수요일,광주광역시 북구 용봉동,경상사고,0,0,2,0,차대차 - 기타,신호위반,건조,맑음,교차로 - 교차로안,이륜,남,29세,경상,승용,여,49세,경상
2019101600100707,2019년 10월 16일 21시,수요일,광주광역시 북구 두암동,경상사고,0,0,1,0,차대사람 - 기타,안전운전불이행,건조,맑음,단일로 - 기타,승용,남,22세,상해없음,보행자,남,56세,경상
2019101600100708,2019년 10월 16일 21시,수요일,광주광역시 광산구 송정동,경상사고,0,0,1,0,차대차 - 추돌,안전운전불이행,건조,맑음,단일로 - 기타,승용,남,56세,상해없음,승용,남,29세,경상
2019101600100727,2019년 10월 16일 22시,수요일,광주광역시 북구 오치동,중상사고,0,1,0,0,차대사람 - 횡단중,신호위반,건조,맑음,단일로 - 기타,승용,남,54세,상해없음,보행자,남,26세,중상
2019101600100728,2019년 10월 16일 22시,수요일,광주광역시 광산구 수완동,중상사고,0,1,0,0,차대차 - 측면충돌,중앙선침범,건조,맑음,교차로 - 교차로부근,승용,남,59세,상해없음,이륜,남,19세,중상
2019101600100741,2019년 10월 16일 23시,수요일,광주광역시 북구 우산동,경상사고,0,0,2,0,차대차 - 측면충돌,중앙선침범,건조,맑음,단일로 - 기타,승용,여,56세,경상,승용,남,59세,경상
2019101700100031,2019년 10월 17일 00시,목요일,광주광역시 동구 대인동,경상사고,0,0,1,0,차대차 - 기타,신호위반,건조,맑음,교차로 - 교차로안,승용,남,40세,상해없음,승용,남,46세,경상
2019101700100032,2019년 10월 17일 00시,목요일,광주광역시 광산구 하산동,경상사고,0,0,1,0,차대차 - 추돌,안전운전불이행,건조,맑음,교차로 - 교차로부근,승용,여,51세,상해없음,승용,남,27세,경상
2019101700100045,2019년 10월 17일 01시,목요일,광주광역시 서구 풍암동,경상사고,0,0,1,0,차대차 - 추돌,안전운전불이행,건조,맑음,교차로 - 교차로부근,승용,남,33세,상해없음,화물,남,62세,경상
2019101700100091,2019년 10월 17일 06시,목요일,광주광역시 북구 오룡동,경상사고,0,0,1,0,차대차 - 기타,신호위반,건조,맑음,교차로 - 교차로안,화물,남,33세,상해없음,승용,여,56세,경상
2019101700100268,2019년 10월 17일 11시,목요일,광주광역시 북구 오룡동,경상사고,0,0,1,0,차량단독 - 기타,안전운전불이행,건조,맑음,단일로 - 기타,승합,남,50세,상해없음,,,,
2019101700100269,2019년 10월 17일 11시,목요일,광주광역시 광산구 운수동,경상사고,0,0,1,0,차대차 - 정면충돌,안전운전불이행,건조,맑음,단일로 - 기타,승용,여,35세,상해없음,승용,남,56세,경상
2019101700100270,2019년 10월 17일 11시,목요일,광주광역시 광산구 운수동,경상사고,0,0,1,0,차대차 - 정면충돌,안전운전불이행,건조,맑음,단일로 - 기타,승용,남,26세,상해없음,승용,남,39세,경상
2019101700100405,2019년 10월 17일 15시,목요일,광주광역시 동구 산수동,경상사고,0,0,3,0,차대차 - 측면충돌,신호위반,건조,맑음,교차로 - 교차로안,승용,남,22세,경상,화물,남,48세,경상
2019101700100490,2019년 10월 17일 17시,목요일,광주광역시 서구 벽진동,경상사고,0,0,2,0,차대차 - 측면충돌,신호위반,건조,맑음,교차로 - 교차로안,승용,여,31세,경상,승용,남,40세,경상
2019101700100491,2019년 10월 17일 17시,목요일,광주광역시 남구 봉선동,경상사고,0,0,1,0,차대차 - 측면충돌,교차로운행방법위반,건조,맑음,교차로 - 교차로안,승용,여,41세,상해없음,승용,여,54세,경상
2019101700100558,2019년 10월 17일 18시,목요일,광주광역시 북구 우산동,경상사고,0,0,1,0,차대차 - 기타,불법유턴,건조,맑음,단일로 - 기타,승용,남,54세,상해없음,승용,여,43세,경상
2019101700100559,2019년 10월 17일 18시,목요일,광주광역시 광산구 비아동,경상사고,0,0,2,0,차대차 - 추돌,안전운전불이행,건조,맑음,교차로 - 교차로안,승용,여,45세,상해없음,승용,여,32세,경상
2019101700100560,2019년 10월 17일 18시,목요일,광주광역시 광산구 쌍암동,경상사고,0,0,2,0,차대차 - 기타,안전거리미확보,건조,맑음,단일로 - 기타,승용,여,57세,경상,승용,여,28세,경상
2019101700100601,2019년 10월 17일 19시,목요일,광주광역시 북구 문흥동,경상사고,0,0,1,0,차대차 - 측면충돌,안전운전불이행,건조,맑음,단일로 - 기타,승용,여,64세,상해없음,승용,여,52세,상해없음
2019101700100602,2019년 10월 17일 19시,목요일,광주광역시 북구 동림동,중상사고,0,1,0,0,차대사람 - 기타,보행자보호의무위반,건조,맑음,교차로 - 교차로횡단보도내,화물,남,44세,상해없음,보행자,여,60세,중상
2019101700100686,2019년 10월 17일 23시,목요일,광주광역시 서구 유촌동,경상사고,0,0,2,0,차대차 - 측면충돌,안전운전불이행,건조,맑음,단일로 - 기타,승용,남,45세,상해없음,승용,남,22세,경상
2019101800100055,2019년 10월 18일 01시,금요일,광주광역시 서구 광천동,경상사고,0,0,2,0,차대차 - 측면충돌,안전거리미확보,건조,맑음,단일로 - 기타,화물,남,49세,경상,승용,남,65세,경상
2019101800100056,2019년 10월 18일 01시,금요일,광주광역시 광산구 산정동,중상사고,0,2,1,0,차대차 - 추돌,안전운전불이행,건조,맑음,단일로 - 기타,승용,남,43세,경상,승용,남,51세,중상
2019101800100080,2019년 10월 18일 04시,금요일,광주광역시 광산구 신가동,경상사고,0,0,1,0,차대차 - 추돌,안전운전불이행,건조,맑음,단일로 - 기타,승용,남,34세,상해없음,승용,남,38세,경상
2019101800100107,2019년 10월 18일 06시,금요일,광주광역시 서구 농성동,사망사고,1,0,0,0,차대차 - 측면충돌,신호위반,건조,맑음,교차로 - 교차로안,자전거,남,51세,사망,승용,남,72세,상해없음
2019101800100190,2019년 10월 18일 08시,금요일,광주광역시 광산구 신창동,경상사고,0,0,1,0,차대차 - 측면충돌,안전거리미확보,건조,맑음,단일로 - 기타,승용,여,58세,기타불명,승용,남,37세,경상
2019101800100235,2019년 10월 18일 09시,금요일,광주광역시 광산구 수완동,경상사고,0,0,1,0,차대차 - 측면충돌,차로위반,건조,맑음,단일로 - 기타,승합,남,63세,상해없음,승용,남,34세,경상
2019101800100299,2019년 10월 18일 11시,금요일,광주광역시 동구 지산동,경상사고,0,0,1,0,차대사람 - 기타,안전운전불이행,건조,맑음,단일로 - 기타,승용,남,70세,상해없음,보행자,남,62세,경상
2019101800100300,2019년 10월 18일 11시,금요일,광주광역시 북구 문흥동,경상사고,0,0,2,0,차대차 - 측면충돌,과속,건조,맑음,교차로 - 교차로안,승용,남,34세,경상,승용,남,48세,경상
2019101800100337,2019년 10월 18일 12시,금요일,광주광역시 광산구 신촌동,경상사고,0,0,1,0,차대차 - 측면충돌,교차로운행방법위반,건조,맑음,교차로 - 교차로안,승용,여,30세,상해없음,자전거,남,61세,경상
2019101800100379,2019년 10월 18일 13시,금요일,광주광역시 광산구 옥동,경상사고,0,0,1,0,차대차 - 측면충돌,신호위반,건조,맑음,교차로 - 교차로안,승용,남,60세,경상,화물,남,56세,상해없음
2019101800100419,2019년 10월 18일 14시,금요일,광주광역시 서구 쌍촌동,경상사고,0,0,1,0,차대차 - 측면충돌,차로위반,건조,맑음,단일로 - 기타,승용,남,78세,상해없음,승용,여,39세,경상
2019101800100420,2019년 10월 18일 14시,금요일,광주광역시 광산구 도천동,경상사고,0,0,1,0,차대차 - 측면충돌,교차로운행방법위반,건조,맑음,교차로 - 교차로안,화물,남,51세,상해없음,승용,남,53세,경상
2019101800100460,2019년 10월 18일 15시,금요일,광주광역시 서구 치평동,경상사고,0,0,1,0,차대차 - 추돌,안전거리미확보,건조,맑음,단일로 - 지하차도(도로)내,승용,여,61세,상해없음,승용,남,62세,경상
2019101800100461,2019년 10월 18일 15시,금요일,광주광역시 북구 신안동,경상사고,0,0,1,0,차대차 - 측면충돌,교차로운행방법위반,건조,맑음,교차로 - 교차로안,승용,여,59세,상해없음,승용,여,28세,경상
2019101800100505,2019년 10월 18일 16시,금요일,광주광역시 남구 주월동,경상사고,0,0,1,0,차대차 - 기타,차로위반,건조,맑음,교차로 - 교차로안,기타불명,기타불명,미분류,기타불명,승합,남,45세,상해없음
2019101800100545,2019년 10월 18일 17시,금요일,광주광역시 서구 유촌동,경상사고,0,0,5,0,차대차 - 측면충돌,차로위반,건조,맑음,단일로 - 교량,승용,남,41세,경상,화물,남,25세,경상
2019101800100546,2019년 10월 18일 17시,금요일,광주광역시 서구 화정동,경상사고,0,0,1,0,차대차 - 추돌,안전운전불이행,건조,맑음,단일로 - 기타,승용,남,67세,상해없음,승용,남,50세,상해없음
2019101800100547,2019년 10월 18일 17시,금요일,광주광역시 남구 월산동,중상사고,0,1,0,0,차대차 - 측면충돌,교차로운행방법위반,건조,맑음,단일로 - 기타,승용,남,56세,상해없음,이륜,남,18세,중상
2019101800100548,2019년 10월 18일 17시,금요일,광주광역시 남구 월산동,경상사고,0,0,6,0,차대차 - 측면충돌,기타,건조,맑음,교차로 - 교차로안,이륜,남,29세,경상,승용,남,66세,경상
2019101800100549,2019년 10월 18일 17시,금요일,광주광역시 북구 매곡동,경상사고,0,0,1,0,차대차 - 추돌,안전거리미확보,건조,맑음,교차로 - 교차로부근,기타불명,기타불명,미분류,기타불명,승용,남,65세,상해없음
2019101800100650,2019년 10월 18일 18시,금요일,광주광역시 북구 각화동,경상사고,0,0,1,0,차대차 - 추돌,안전운전불이행,건조,맑음,단일로 - 기타,승용,남,59세,상해없음,승용,여,58세,경상
2019101800100651,2019년 10월 18일 18시,금요일,광주광역시 광산구 소촌동,경상사고,0,0,4,0,차대차 - 추돌,안전거리미확보,건조,맑음,단일로 - 기타,승합,여,37세,상해없음,승용,남,41세,경상
2019101800100652,2019년 10월 18일 18시,금요일,광주광역시 광산구 우산동,경상사고,0,0,1,0,차대차 - 기타,안전운전불이행,건조,맑음,단일로 - 기타,화물,남,74세,상해없음,승용,남,38세,경상
2019101800100707,2019년 10월 18일 19시,금요일,광주광역시 남구 주월동,경상사고,0,0,2,0,차대차 - 측면충돌,안전운전불이행,건조,맑음,교차로 - 교차로안,승용,남,55세,상해없음,승용,남,35세,경상
2019101800100708,2019년 10월 18일 19시,금요일,광주광역시 북구 오치동,경상사고,0,0,1,0,차대차 - 측면충돌,안전운전불이행,건조,맑음,교차로 - 교차로안,이륜,남,21세,경상,승용,여,32세,상해없음
2019101800100709,2019년 10월 18일 19시,금요일,광주광역시 북구 용봉동,경상사고,0,0,5,0,차대차 - 측면충돌,안전운전불이행,건조,맑음,교차로 - 교차로안,승용,남,43세,기타불명,승용,여,40세,경상
2019101800100710,2019년 10월 18일 19시,금요일,광주광역시 북구 양산동,중상사고,0,1,0,1,차대차 - 측면충돌,불법유턴,건조,맑음,교차로 - 교차로부근,승용,여,39세,부상신고,이륜,남,76세,중상
2019101800100756,2019년 10월 18일 20시,금요일,광주광역시 북구 운암동,경상사고,0,0,1,0,차대차 - 측면충돌,교차로운행방법위반,젖음/습기,흐림,교차로 - 교차로안,승용,남,53세,상해없음,이륜,남,37세,경상
2019101800100757,2019년 10월 18일 20시,금요일,광주광역시 북구 운암동,경상사고,0,0,1,0,차대사람 - 횡단중,안전운전불이행,건조,맑음,교차로 - 교차로안,승용,남,46세,상해없음,보행자,남,55세,경상
2019101800100758,2019년 10월 18일 20시,금요일,광주광역시 광산구 우산동,경상사고,0,0,1,0,차대차 - 측면충돌,안전운전불이행,건조,맑음,단일로 - 기타,화물,남,58세,상해없음,승용,여,31세,경상
2019101800100792,2019년 10월 18일 21시,금요일,광주광역시 동구 계림동,중상사고,0,1,0,0,차대사람 - 기타,안전운전불이행,젖음/습기,비,단일로 - 기타,승용,남,31세,상해없음,보행자,여,77세,중상
2019101800100793,2019년 10월 18일 21시,금요일,광주광역시 서구 치평동,경상사고,0,0,1,0,차대사람 - 기타,보행자보호의무위반,젖음/습기,비,교차로 - 교차로횡단보도내,승용,남,53세,상해없음,보행자,남,23세,경상
2019101800100794,2019년 10월 18일 21시,금요일,광주광역시 남구 진월동,경상사고,0,0,2,0,차대차 - 측면충돌,안전거리미확보,건조,맑음,단일로 - 기타,승용,여,53세,상해없음,승용,여,35세,경상
2019101800100832,2019년 10월 18일 22시,금요일,광주광역시 서구 금호동,경상사고,0,0,1,0,차대차 - 기타,교차로운행방법위반,건조,맑음,교차로 - 교차로안,승용,남,43세,상해없음,이륜,남,25세,경상
2019101800100833,2019년 10월 18일 22시,금요일,광주광역시 서구 농성동,경상사고,0,0,5,0,차대차 - 추돌,안전운전불이행,젖음/습기,비,단일로 - 기타,승용,여,48세,상해없음,승용,남,55세,경상
2019101800100834,2019년 10월 18일 22시,금요일,광주광역시 서구 치평동,경상사고,0,0,2,0,차대차 - 측면충돌,안전운전불이행,젖음/습기,비,단일로 - 기타,승용,남,18세,상해없음,승용,남,29세,경상
2019101800100854,2019년 10월 18일 23시,금요일,광주광역시 남구 진월동,중상사고,0,1,0,0,차대차 - 측면충돌,신호위반,건조,맑음,교차로 - 교차로안,승용,남,18세,상해없음,이륜,남,34세,중상
2019101800100855,2019년 10월 18일 23시,금요일,광주광역시 북구 신안동,부상신고사고,0,0,0,1,차대사람 - 횡단중,안전운전불이행,건조,맑음,단일로 - 기타,기타불명,기타불명,미분류,기타불명,보행자,남,23세,부상신고
2019101900100048,2019년 10월 19일 00시,토요일,광주광역시 동구 산수동,중상사고,0,1,0,0,차량단독 - 기타,안전운전불이행,건조,맑음,단일로 - 기타,승용,남,31세,중상,,,,
2019101900100049,2019년 10월 19일 00시,토요일,광주광역시 북구 각화동,경상사고,0,0,1,0,차대차 - 기타,안전운전불이행,건조,맑음,단일로 - 기타,승용,여,33세,기타불명,화물,남,53세,경상
2019101900100060,2019년 10월 19일 01시,토요일,광주광역시 북구 일곡동,경상사고,0,0,3,0,차대차 - 측면충돌,안전거리미확보,건조,맑음,단일로 - 기타,승용,남,64세,상해없음,승용,남,22세,경상
2019101900100061,2019년 10월 19일 01시,토요일,광주광역시 북구 우산동,경상사고,0,0,1,0,차대차 - 측면충돌,안전운전불이행,건조,맑음,단일로 - 기타,승용,남,40세,상해없음,승용,남,61세,경상
2019101900100075,2019년 10월 19일 02시,토요일,광주광역시 서구 쌍촌동,경상사고,0,0,1,0,차대차 - 측면충돌,안전운전불이행,건조,맑음,교차로 - 교차로부근,승용,남,23세,상해없음,승용,남,25세,경상
2019101900100154,2019년 10월 19일 07시,토요일,광주광역시 서구 화정동,경상사고,0,0,1,0,차대차 - 측면충돌,중앙선침범,건조,맑음,단일로 - 기타,승용,남,46세,상해없음,승용,남,36세,경상
2019101900100155,2019년 10월 19일 07시,토요일,광주광역시 서구 쌍촌동,경상사고,0,0,1,0,차대차 - 추돌,안전운전불이행,건조,맑음,교차로 - 교차로부근,승용,남,34세,상해없음,화물,남,61세,경상
2019101900100156,2019년 10월 19일 07시,토요일,광주광역시 북구 오룡동,경상사고,0,0,1,0,차대차 - 측면충돌,안전운전불이행,건조,맑음,교차로 - 교차로안,화물,남,63세,상해없음,화물,남,43세,경상
2019101900100197,2019년 10월 19일 09시,토요일,광주광역시 북구 우산동,경상사고,0,0,1,1,차대차 - 측면충돌,교차로운행방법위반,건조,맑음,교차로 - 교차로안,승용,여,57세,부상신고,승용,여,55세,경상
2019101900100234,2019년 10월 19일 10시,토요일,광주광역시 북구 오룡동,중상사고,0,1,1,0,차대차 - 측면충돌,안전운전불이행,건조,맑음,교차로 - 교차로안,승용,남,24세,중상,승용,남,36세,경상
2019101900100309,2019년 10월 19일 12시,토요일,광주광역시 서구 쌍촌동,경상사고,0,0,1,0,차대차 - 측면충돌,안전운전불이행,건조,맑음,단일로 - 기타,이륜,남,61세,경상,승용,남,57세,상해없음
2019101900100310,2019년 10월 19일 12시,토요일,광주광역시 서구 쌍촌동,경상사고,0,0,1,0,차대차 - 측면충돌,안전운전불이행,건조,맑음,교차로 - 교차로안,승용,남,62세,상해없음,승용,남,36세,경상
2019101900100311,2019년 10월 19일 12시,토요일,광주광역시 북구 우산동,경상사고,0,0,1,0,차대사람 - 기타,안전운전불이행,건조,맑음,단일로 - 기타,승용,남,50세,상해없음,보행자,남,45세,경상
2019101900100312,2019년 10월 19일 12시,토요일,광주광역시 광산구 송정동,경상사고,0,0,1,0,차대사람 - 횡단중,중앙선침범,건조,맑음,교차로 - 교차로횡단보도내,이륜,남,18세,기타불명,보행자,남,58세,경상
2019101900100346,2019년 10월 19일 13시,토요일,광주광역시 서구 치평동,경상사고,0,0,1,0,차대차 - 측면충돌,안전거리미확보,건조,맑음,단일로 - 기타,승용,남,37세,상해없음,승용,여,35세,경상
2019101900100423,2019년 10월 19일 15시,토요일,광주광역시 서구 화정동,경상사고,0,0,1,0,차대차 - 측면충돌,안전운전불이행,건조,맑음,교차로 - 교차로안,승용,남,40세,경상,승용,남,64세,상해없음
2019101900100517,2019년 10월 19일 17시,토요일,광주광역시 북구 운암동,경상사고,0,0,1,0,차대사람 - 기타,안전운전불이행,건조,맑음,단일로 - 기타,기타불명,기타불명,미분류,기타불명,보행자,남,75세,경상
2019101900100518,2019년 10월 19일 17시,토요일,광주광역시 북구 월출동,경상사고,0,0,1,0,차대차 - 측면충돌,안전운전불이행,건조,맑음,교차로 - 교차로안,승용,여,52세,상해없음,승용,남,66세,경상
2019101900100519,2019년 10월 19일 17시,토요일,광주광역시 북구 용봉동,경상사고,0,0,1,0,차대차 - 추돌,직진우회전진행방해,건조,맑음,교차로 - 교차로안,승용,여,48세,상해없음,승용,남,53세,경상