사고번호,사고일시,요일,시군구,사고내용,사망자수,중상자수,경상자수,부상신고자수,사고유형,법규위반,노면상태,기상상태,도로형태,가해운전자 차종,가해운전자 성별,가해운전자 연령,가해운전자 상해정도,피해운전자 차종,피해운전자 성별,피해운전자 연령,피해운전자 상해정도
2019101900100569,2019년 10월 19일 18시,토요일,광주광역시 광산구 월곡동,경상사고,0,0,2,0,차대차 - 측면충돌,안전운전불이행,건조,맑음,단일로 - 기타,승용,여,33세,상해없음,승용,남,45세,경상
2019101900100570,2019년 10월 19일 18시,토요일,광주광역시 광산구 소촌동,경상사고,0,0,1,0,차대차 - 추돌,안전운전불이행,건조,맑음,단일로 - 교량,승용,남,26세,상해없음,승용,남,31세,경상
2019101900100610,2019년 10월 19일 19시,토요일,광주광역시 북구 연제동,경상사고,0,0,1,0,차대차 - 기타,안전운전불이행,건조,맑음,단일로 - 기타,승용,남,53세,경상,승용,남,26세,상해없음
2019101900100611,2019년 10월 19일 19시,토요일,광주광역시 광산구 도산동,경상사고,0,0,1,0,차대사람 - 기타,안전운전불이행,건조,맑음,단일로 - 기타,화물,여,58세,상해없음,보행자,여,72세,경상
2019101900100612,2019년 10월 19일 19시,토요일,광주광역시 광산구 산월동,경상사고,0,0,1,0,차대차 - 추돌,안전거리미확보,건조,맑음,단일로 - 기타,승용,여,48세,상해없음,승용,남,56세,경상
2019101900100640,2019년 10월 19일 20시,토요일,광주광역시 북구 두암동,중상사고,0,1,0,0,차대차 - 측면충돌,안전거리미확보,건조,맑음,단일로 - 기타,승용,여,46세,상해없음,이륜,남,50세,중상
2019101900100668,2019년 10월 19일 21시,토요일,광주광역시 서구 벽진동,경상사고,0,0,3,0,차대차 - 측면충돌,교차로운행방법위반,건조,맑음,교차로 - 교차로부근,승용,남,72세,상해없음,승용,남,48세,경상
2019101900100697,2019년 10월 19일 22시,토요일,광주광역시 북구 운암동,중상사고,0,1,0,0,차대사람 - 기타,안전운전불이행,건조,맑음,단일로 - 기타,화물,여,22세,상해없음,보행자,남,60세,중상
2019102000100067,2019년 10월 20일 02시,일요일,광주광역시 서구 유촌동,경상사고,0,0,2,0,차대차 - 측면충돌,신호위반,건조,흐림,교차로 - 교차로안,승용,남,50세,상해없음,승용,남,59세,경상
2019102000100068,2019년 10월 20일 02시,일요일,광주광역시 서구 쌍촌동,경상사고,0,0,1,0,차대사람 - 차도통행중,안전운전불이행,건조,맑음,교차로 - 교차로부근,승용,남,37세,상해없음,보행자,여,36세,경상
2019102000100069,2019년 10월 20일 02시,일요일,광주광역시 남구 월산동,경상사고,0,0,2,0,차대차 - 측면충돌,신호위반,건조,맑음,교차로 - 교차로안,승용,남,22세,경상,승용,남,61세,경상
2019102000100094,2019년 10월 20일 05시,일요일,광주광역시 서구 화정동,중상사고,0,1,2,0,차대차 - 정면충돌,중앙선침범,건조,맑음,교차로 - 교차로부근,승용,남,27세,중상,승용,남,26세,경상
2019102000100112,2019년 10월 20일 07시,일요일,광주광역시 서구 치평동,중상사고,0,3,0,0,차대차 - 기타,안전운전불이행,건조,맑음,교차로 - 교차로안,승용,남,33세,중상,승용,남,35세,중상
2019102000100125,2019년 10월 20일 08시,일요일,광주광역시 남구 진월동,경상사고,0,0,1,0,차대차 - 기타,안전운전불이행,건조,맑음,단일로 - 기타,승용,남,66세,상해없음,승용,남,64세,경상
2019102000100162,2019년 10월 20일 10시,일요일,광주광역시 북구 양산동,중상사고,0,1,0,0,차대차 - 추돌,안전운전불이행,건조,맑음,교차로 - 교차로부근,자전거,여,56세,중상,승용,남,62세,상해없음
2019102000100191,2019년 10월 20일 11시,일요일,광주광역시 북구 일곡동,경상사고,0,0,1,0,차대차 - 측면충돌,안전운전불이행,건조,맑음,교차로 - 교차로부근,승용,남,80세,상해없음,승용,남,53세,경상
2019102000100223,2019년 10월 20일 12시,일요일,광주광역시 광산구 우산동,경상사고,0,0,2,0,차대차 - 측면충돌,과속,건조,맑음,단일로 - 기타,승용,남,19세,상해없음,승용,여,31세,경상
2019102000100298,2019년 10월 20일 14시,일요일,광주광역시 서구 광천동,경상사고,0,0,1,0,차대차 - 측면충돌,안전운전불이행,건조,맑음,단일로 - 지하차도(도로)내,승용,여,64세,상해없음,승용,남,46세,경상
2019102000100366,2019년 10월 20일 16시,일요일,광주광역시 서구 화정동,중상사고,0,1,0,0,차대차 - 기타,중앙선침범,건조,맑음,단일로 - 기타,이륜,남,51세,중상,승용,여,30세,상해없음
2019102000100367,2019년 10월 20일 16시,일요일,광주광역시 북구 북동,경상사고,0,0,2,0,차대차 - 측면충돌,안전운전불이행,건조,맑음,단일로 - 기타,승합,남,64세,상해없음,승용,남,69세,경상
2019102000100403,2019년 10월 20일 17시,일요일,광주광역시 북구 매곡동,경상사고,0,0,4,0,차대차 - 측면충돌,안전거리미확보,건조,맑음,단일로 - 기타,화물,남,62세,경상,화물,남,59세,경상
2019102000100446,2019년 10월 20일 18시,일요일,광주광역시 서구 덕흥동,경상사고,0,0,3,0,차대차 - 추돌,안전운전불이행,건조,맑음,단일로 - 기타,승용,여,28세,상해없음,승용,남,51세,경상
2019102000100447,2019년 10월 20일 18시,일요일,광주광역시 북구 신용동,경상사고,0,0,1,0,차대사람 - 기타,신호위반,건조,맑음,교차로 - 교차로횡단보도내,이륜,남,63세,상해없음,보행자,남,40세,경상
2019102000100477,2019년 10월 20일 19시,일요일,광주광역시 남구 진월동,경상사고,0,0,3,0,차대차 - 기타,안전운전불이행,건조,맑음,단일로 - 기타,승용,남,73세,상해없음,승용,여,56세,경상
2019102000100478,2019년 10월 20일 19시,일요일,광주광역시 남구 백운동,경상사고,0,0,2,0,차대차 - 측면충돌,교차로운행방법위반,건조,맑음,교차로 - 교차로부근,승용,남,50세,상해없음,승용,남,30세,경상
2019102000100479,2019년 10월 20일 19시,일요일,광주광역시 북구 문흥동,경상사고,0,0,1,0,차대사람 - 차도통행중,안전운전불이행,건조,맑음,단일로 - 기타,승용,여,23세,상해없음,보행자,여,46세,경상
2019102100100105,2019년 10월 21일 07시,월요일,광주광역시 서구 양동,경상사고,0,0,1,0,차대차 - 측면충돌,신호위반,건조,맑음,단일로 - 기타,승용,남,51세,상해없음,자전거,여,32세,경상
2019102100100106,2019년 10월 21일 07시,월요일,광주광역시 서구 양동,경상사고,0,0,4,0,차대차 - 측면충돌,안전거리미확보,건조,맑음,단일로 - 기타,승합,남,62세,상해없음,승합,남,58세,경상
2019102100100107,2019년 10월 21일 07시,월요일,광주광역시 광산구 장덕동,중상사고,0,1,1,0,차대차 - 측면충돌,안전운전불이행,건조,맑음,교차로 - 교차로안,승용,남,53세,경상,승용,여,57세,중상
2019102100100108,2019년 10월 21일 07시,월요일,광주광역시 광산구 도천동,경상사고,0,0,1,0,차대차 - 측면충돌,교차로운행방법위반,건조,맑음,교차로 - 교차로안,화물,남,22세,상해없음,승용,남,34세,경상
2019102100100151,2019년 10월 21일 08시,월요일,광주광역시 서구 동천동,경상사고,0,0,1,0,차대사람 - 횡단중,신호위반,건조,맑음,단일로 - 기타,승용,남,69세,상해없음,보행자,여,9세,경상
2019102100100198,2019년 10월 21일 09시,월요일,광주광역시 서구 풍암동,중상사고,0,1,0,0,차대차 - 측면충돌,안전운전불이행,건조,맑음,단일로 - 기타,승용,남,72세,상해없음,자전거,남,51세,중상
2019102100100199,2019년 10월 21일 09시,월요일,광주광역시 남구 진월동,경상사고,0,0,2,0,차대차 - 측면충돌,안전운전불이행,건조,맑음,단일로 - 기타,승용,남,70세,상해없음,승용,여,51세,경상
2019102100100200,2019년 10월 21일 09시,월요일,광주광역시 남구 송하동,경상사고,0,0,1,0,차대차 - 측면충돌,안전운전불이행,건조,맑음,단일로 - 기타,승합,남,61세,상해없음,승용,남,50세,상해없음
2019102100100281,2019년 10월 21일 11시,월요일,광주광역시 남구 방림동,중상사고,0,1,4,0,차대차 - 추돌,안전운전불이행,건조,맑음,단일로 - 기타,승용,여,40세,상해없음,승용,남,28세,경상
2019102100100282,2019년 10월 21일 11시,월요일,광주광역시 북구 임동,경상사고,0,0,1,0,차대차 - 측면충돌,안전거리미확보,건조,맑음,단일로 - 기타,화물,남,69세,상해없음,화물,남,38세,경상
2019102100100330,2019년 10월 21일 12시,월요일,광주광역시 서구 광천동,경상사고,0,0,1,0,차대차 - 측면충돌,안전거리미확보,건조,맑음,단일로 - 기타,승용,여,45세,상해없음,승용,남,32세,경상
2019102100100331,2019년 10월 21일 12시,월요일,광주광역시 광산구 쌍암동,경상사고,0,0,1,0,차대차 - 측면충돌,안전운전불이행,건조,맑음,단일로 - 기타,승용,여,34세,상해없음,이륜,남,24세,경상
2019102100100412,2019년 10월 21일 14시,월요일,광주광역시 서구 쌍촌동,중상사고,0,1,0,0,차대차 - 측면충돌,안전운전불이행,건조,맑음,단일로 - 기타,승용,남,51세,상해없음,이륜,남,39세,중상
2019102100100452,2019년 10월 21일 15시,월요일,광주광역시 북구 두암동,경상사고,0,0,1,0,차대사람 - 횡단중,안전운전불이행,건조,맑음,단일로 - 기타,승용,여,62세,상해없음,보행자,여,44세,경상
2019102100100542,2019년 10월 21일 17시,월요일,광주광역시 광산구 장덕동,경상사고,0,0,1,0,차량단독 - 전도전복 - 전도,안전운전불이행,건조,맑음,단일로 - 기타,자전거,남,49세,경상,,,,
2019102100100603,2019년 10월 21일 18시,월요일,광주광역시 서구 금호동,경상사고,0,0,1,1,차대차 - 측면충돌,안전운전불이행,건조,맑음,교차로 - 교차로안,승합,남,49세,상해없음,이륜,남,37세,경상
2019102100100604,2019년 10월 21일 18시,월요일,광주광역시 광산구 신가동,중상사고,0,1,0,0,차대사람 - 횡단중,안전운전불이행,건조,맑음,교차로 - 교차로부근,화물,남,62세,상해없음,보행자,여,54세,중상
2019102100100644,2019년 10월 21일 19시,월요일,광주광역시 서구 광천동,경상사고,0,0,1,0,차대차 - 측면충돌,안전운전불이행,건조,맑음,단일로 - 기타,승합,남,63세,상해없음,승용,여,26세,경상
2019102100100694,2019년 10월 21일 21시,월요일,광주광역시 남구 월산동,경상사고,0,0,2,0,차대차 - 측면충돌,안전거리미확보,건조,맑음,단일로 - 기타,승용,남,72세,경상,승용,남,49세,경상
2019102100100695,2019년 10월 21일 21시,월요일,광주광역시 북구 동림동,중상사고,0,1,0,0,차대차 - 기타,안전거리미확보,건조,맑음,단일로 - 기타,승용,남,26세,상해없음,승용,여,48세,상해없음
2019102100100696,2019년 10월 21일 21시,월요일,광주광역시 광산구 장덕동,부상신고사고,0,0,0,1,차대사람 - 횡단중,안전운전불이행,건조,맑음,단일로 - 기타,승용,남,37세,상해없음,보행자,남,52세,부상신고
2019102100100719,2019년 10월 21일 22시,월요일,광주광역시 서구 풍암동,경상사고,0,0,1,0,차대사람 - 횡단중,안전운전불이행,건조,맑음,교차로 - 교차로안,승용,여,43세,기타불명,보행자,남,45세,경상
2019102100100734,2019년 10월 21일 23시,월요일,광주광역시 광산구 우산동,경상사고,0,0,2,0,차대차 - 기타,안전운전불이행,건조,맑음,단일로 - 기타,승용,남,48세,상해없음,승용,남,38세,경상
2019102200100035,2019년 10월 22일 00시,화요일,광주광역시 서구 광천동,경상사고,0,0,2,0,차대차 - 추돌,안전운전불이행,건조,맑음,교차로 - 교차로부근,승용,남,52세,상해없음,승용,여,36세,경상
2019102200100036,2019년 10월 22일 00시,화요일,광주광역시 남구 월산동,중상사고,0,1,0,0,차대차 - 측면충돌,안전운전불이행,건조,맑음,단일로 - 기타,승용,남,44세,상해없음,자전거,남,67세,중상
2019102200100073,2019년 10월 22일 05시,화요일,광주광역시 북구 신안동,경상사고,0,0,1,0,차대차 - 기타,직진우회전진행방해,건조,맑음,교차로 - 교차로안,승용,남,35세,상해없음,개인형이동수단(PM),남,45세,경상
2019102200100177,2019년 10월 22일 08시,화요일,광주광역시 광산구 우산동,경상사고,0,0,1,0,차대차 - 측면충돌,안전거리미확보,건조,맑음,단일로 - 교량,승용,여,57세,상해없음,승용,여,56세,경상
2019102200100241,2019년 10월 22일 10시,화요일,광주광역시 북구 누문동,경상사고,0,0,1,0,차대차 - 기타,안전거리미확보,건조,맑음,교차로 - 교차로안,이륜,남,58세,경상,승용,여,56세,상해없음
2019102200100304,2019년 10월 22일 12시,화요일,광주광역시 남구 주월동,경상사고,0,0,1,0,차대차 - 기타,안전거리미확보,건조,맑음,교차로 - 교차로부근,승용,여,60세,상해없음,승용,남,40세,경상
2019102200100348,2019년 10월 22일 13시,화요일,광주광역시 동구 동명동,경상사고,0,0,1,0,차대차 - 측면충돌,신호위반,건조,맑음,교차로 - 교차로안,승용,남,22세,상해없음,이륜,남,23세,경상
2019102200100349,2019년 10월 22일 13시,화요일,광주광역시 광산구 월전동,경상사고,0,0,2,0,차대차 - 측면충돌,차로위반,건조,맑음,단일로 - 기타,화물,남,46세,상해없음,화물,남,57세,경상
2019102200100376,2019년 10월 22일 14시,화요일,광주광역시 북구 연제동,경상사고,0,0,2,0,차대차 - 측면충돌,안전운전불이행,건조,맑음,교차로 - 교차로안,승용,남,36세,경상,승용,남,24세,경상
2019102200100377,2019년 10월 22일 14시,화요일,광주광역시 광산구 송정동,경상사고,0,0,1,0,차대차 - 추돌,안전운전불이행,건조,맑음,단일로 - 기타,승용,여,59세,상해없음,승용,여,53세,경상
2019102200100415,2019년 10월 22일 15시,화요일,광주광역시 서구 농성동,경상사고,0,0,2,0,차대차 - 측면충돌,안전운전불이행,건조,맑음,교차로 - 교차로안,승용,여,44세,경상,승용,여,27세,경상
2019102200100463,2019년 10월 22일 16시,화요일,광주광역시 서구 덕흥동,중상사고,0,1,0,0,차대차 - 기타,안전운전불이행,건조,맑음,단일로 - 기타,승용,여,45세,상해없음,개인형이동수단(PM),남,54세,중상
2019102200100464,2019년 10월 22일 16시,화요일,광주광역시 서구 유촌동,경상사고,0,0,2,0,차대차 - 측면충돌,차로위반,건조,맑음,단일로 - 기타,승용,여,65세,상해없음,승용,여,27세,경상
2019102200100465,2019년 10월 22일 16시,화요일,광주광역시 광산구 유계동,부상신고사고,0,0,0,1,차량단독 - 전도전복 - 전도,안전운전불이행,건조,맑음,기타 - 기타,승용,남,75세,부상신고,,,,
2019102200100466,2019년 10월 22일 16시,화요일,광주광역시 광산구 월곡동,경상사고,0,0,1,0,차량단독 - 기타,안전운전불이행,건조,맑음,단일로 - 기타,승합,남,62세,상해없음,,,,
2019102200100501,2019년 10월 22일 17시,화요일,광주광역시 동구 산수동,경상사고,0,0,1,1,차대차 - 추돌,안전거리미확보,젖음/습기,맑음,단일로 - 기타,승용,여,28세,부상신고,승용,남,70세,경상
2019102200100502,2019년 10월 22일 17시,화요일,광주광역시 서구 유촌동,경상사고,0,0,1,0,차대차 - 추돌,안전운전불이행,건조,맑음,단일로 - 기타,승용,남,52세,상해없음,승용,여,41세,경상
2019102200100503,2019년 10월 22일 17시,화요일,광주광역시 북구 연제동,경상사고,0,0,3,0,차대차 - 측면충돌,안전거리미확보,건조,맑음,교차로 - 교차로안,화물,남,44세,상해없음,승용,여,40세,경상
2019102200100504,2019년 10월 22일 17시,화요일,광주광역시 북구 운암동,경상사고,0,0,1,0,차대차 - 기타,안전거리미확보,건조,맑음,단일로 - 기타,승용,남,34세,상해없음,승합,남,57세,기타불명
2019102200100567,2019년 10월 22일 18시,화요일,광주광역시 동구 산수동,경상사고,0,0,3,0,차대차 - 추돌,안전운전불이행,건조,맑음,단일로 - 기타,승용,남,80세,상해없음,화물,남,67세,경상
2019102200100568,2019년 10월 22일 18시,화요일,광주광역시 서구 쌍촌동,경상사고,0,0,1,0,차대차 - 측면충돌,안전운전불이행,건조,맑음,교차로 - 교차로부근,승용,기타불명,미분류,기타불명,승용,여,39세,경상
2019102200100569,2019년 10월 22일 18시,화요일,광주광역시 서구 화정동,경상사고,0,0,1,0,차대차 - 측면충돌,안전운전불이행,건조,맑음,교차로 - 교차로부근,승용,여,63세,상해없음,승용,남,40세,경상
2019102200100570,2019년 10월 22일 18시,화요일,광주광역시 광산구 장덕동,경상사고,0,0,1,0,차대차 - 추돌,안전운전불이행,건조,맑음,단일로 - 기타,승용,남,50세,상해없음,승용,남,55세,경상
2019102200100637,2019년 10월 22일 19시,화요일,광주광역시 북구 각화동,경상사고,0,0,1,0,차대차 - 추돌,안전거리미확보,건조,맑음,단일로 - 기타,승용,남,28세,상해없음,원동기,남,54세,경상
2019102200100740,2019년 10월 22일 23시,화요일,광주광역시 북구 신안동,경상사고,0,0,4,0,차대차 - 측면충돌,안전운전불이행,건조,맑음,교차로 - 교차로안,승용,여,53세,경상,승용,남,25세,경상
2019102300100046,2019년 10월 23일 00시,수요일,광주광역시 광산구 오선동,경상사고,0,0,1,0,차대차 - 측면충돌,안전운전불이행,건조,맑음,교차로 - 교차로부근,승용,남,22세,상해없음,화물,남,39세,경상
2019102300100092,2019년 10월 23일 06시,수요일,광주광역시 광산구 월계동,경상사고,0,0,2,0,차대차 - 측면충돌,신호위반,건조,맑음,교차로 - 교차로안,승합,남,56세,경상,승용,여,58세,경상
2019102300100158,2019년 10월 23일 08시,수요일,광주광역시 서구 마륵동,경상사고,0,0,2,0,차대차 - 측면충돌,안전운전불이행,건조,맑음,단일로 - 기타,승용,남,69세,경상,승용,여,33세,경상
2019102300100159,2019년 10월 23일 08시,수요일,광주광역시 북구 동림동,부상신고사고,0,0,0,1,차대차 - 측면충돌,안전운전불이행,건조,맑음,교차로 - 교차로횡단보도내,기타불명,기타불명,미분류,기타불명,자전거,남,17세,부상신고
2019102300100160,2019년 10월 23일 08시,수요일,광주광역시 광산구 본덕동,경상사고,0,0,10,0,차대차 - 측면충돌,차로위반,건조,맑음,단일로 - 기타,화물,남,24세,경상,승합,남,21세,경상
2019102300100190,2019년 10월 23일 09시,수요일,광주광역시 서구 쌍촌동,경상사고,0,0,2,0,차대차 - 측면충돌,교차로운행방법위반,건조,맑음,교차로 - 교차로안,승용,여,27세,경상,승용,남,29세,경상
2019102300100191,2019년 10월 23일 09시,수요일,광주광역시 광산구 장덕동,경상사고,0,0,1,0,차대차 - 후진중충돌,안전운전불이행,건조,맑음,교차로 - 교차로부근,화물,남,67세,상해없음,승용,남,40세,경상
2019102300100281,2019년 10월 23일 12시,수요일,광주광역시 서구 유촌동,경상사고,0,0,3,0,차대차 - 정면충돌,안전운전불이행,건조,맑음,교차로 - 교차로부근,승용,여,58세,경상,승용,남,43세,경상
2019102300100309,2019년 10월 23일 13시,수요일,광주광역시 동구 황금동,경상사고,0,0,1,0,차대사람 - 기타,안전운전불이행,건조,맑음,단일로 - 기타,승용,남,44세,상해없음,보행자,여,25세,경상
2019102300100310,2019년 10월 23일 13시,수요일,광주광역시 남구 진월동,경상사고,0,0,1,0,차대차 - 측면충돌,안전운전불이행,건조,맑음,단일로 - 기타,승용,여,61세,상해없음,승용,여,36세,경상
2019102300100311,2019년 10월 23일 13시,수요일,광주광역시 북구 동림동,중상사고,0,1,1,0,차대차 - 기타,교차로운행방법위반,건조,맑음,교차로 - 교차로안,승용,여,58세,상해없음,승합,남,50세,상해없음
2019102300100343,2019년 10월 23일 14시,수요일,광주광역시 북구 두암동,경상사고,0,0,1,0,차대사람 - 기타,안전운전불이행,건조,맑음,교차로 - 교차로횡단보도내,승용,남,56세,상해없음,보행자,남,55세,경상
2019102300100423,2019년 10월 23일 16시,수요일,광주광역시 동구 장동,경상사고,0,0,1,0,차대차 - 기타,안전운전불이행,건조,맑음,기타 - 기타,승용,남,19세,상해없음,승용,남,27세,경상
2019102300100424,2019년 10월 23일 16시,수요일,광주광역시 서구 광천동,경상사고,0,0,1,0,차대차 - 기타,안전거리미확보,건조,맑음,단일로 - 기타,승용,남,35세,상해없음,승용,남,25세,경상
2019102300100425,2019년 10월 23일 16시,수요일,광주광역시 서구 광천동,경상사고,0,0,1,0,차량단독 - 기타,안전운전불이행,건조,맑음,단일로 - 기타,승합,남,44세,상해없음,,,,
2019102300100528,2019년 10월 23일 18시,수요일,광주광역시 동구 금남로3가,경상사고,0,0,1,0,차대차 - 측면충돌,차로위반,건조,맑음,단일로 - 기타,승용,남,57세,상해없음,승용,남,38세,경상
2019102300100529,2019년 10월 23일 18시,수요일,광주광역시 서구 치평동,중상사고,0,1,0,0,차대차 - 측면충돌,신호위반,건조,맑음,단일로 - 기타,이륜,남,27세,중상,승용,남,54세,상해없음
2019102300100579,2019년 10월 23일 19시,수요일,광주광역시 서구 쌍촌동,경상사고,0,0,1,0,차대차 - 측면충돌,안전운전불이행,건조,맑음,교차로 - 교차로안,승용,남,62세,상해없음,승용,남,26세,경상
2019102300100604,2019년 10월 23일 20시,수요일,광주광역시 광산구 장덕동,경상사고,0,0,2,0,차대차 - 정면충돌,신호위반,건조,흐림,교차로 - 교차로안,승용,여,46세,상해없음,승용,남,29세,경상
2019102300100637,2019년 10월 23일 21시,수요일,광주광역시 서구 치평동,경상사고,0,0,1,0,차대차 - 측면충돌,신호위반,건조,맑음,교차로 - 교차로안,승용,남,42세,상해없음,승용,여,59세,경상
2019102300100638,2019년 10월 23일 21시,수요일,광주광역시 북구 운암동,부상신고사고,0,0,0,1,차대차 - 기타,안전운전불이행,건조,맑음,단일로 - 고가도로위,기타불명,기타불명,미분류,기타불명,승용,남,51세,부상신고
2019102300100655,2019년 10월 23일 22시,수요일,광주광역시 북구 오치동,중상사고,0,1,0,0,차대차 - 측면충돌,안전운전불이행,건조,맑음,교차로 - 교차로안,승용,여,49세,상해없음,이륜,남,51세,중상
2019102300100656,2019년 10월 23일 22시,수요일,광주광역시 광산구 송정동,경상사고,0,0,1,0,차대차 - 기타,신호위반,건조,맑음,단일로 - 기타,승용,남,24세,기타불명,자전거,남,25세,경상
2019102400100092,2019년 10월 24일 06시,목요일,광주광역시 서구 쌍촌동,중상사고,0,1,0,0,차대사람 - 횡단중,신호위반,건조,맑음,교차로 - 교차로안,승용,남,63세,상해없음,보행자,남,60세,중상
2019102400100166,2019년 10월 24일 08시,목요일,광주광역시 동구 서석동,경상사고,0,0,1,0,차대차 - 측면충돌,안전운전불이행,건조,맑음,단일로 - 기타,승용,여,38세,기타불명,승용,남,69세,경상
2019102400100233,2019년 10월 24일 10시,목요일,광주광역시 동구 학동,중상사고,0,1,0,0,차대사람 - 횡단중,안전운전불이행,건조,맑음,교차로 - 교차로부근,화물,남,51세,상해없음,보행자,남,85세,중상
2019102400100234,2019년 10월 24일 10시,목요일,광주광역시 광산구 신창동,경상사고,0,0,2,0,차대사람 - 기타,기타,건조,맑음,단일로 - 기타,승용,여,47세,경상,보행자,여,37세,경상
2019102400100258,2019년 10월 24일 11시,목요일,광주광역시 북구 두암동,중상사고,0,1,0,0,차대차 - 측면충돌,안전운전불이행,건조,맑음,교차로 - 교차로안,승용,남,81세,상해없음,이륜,남,56세,중상
2019102400100292,2019년 10월 24일 12시,목요일,광주광역시 광산구 지죽동,경상사고,0,0,1,0,차대차 - 기타,안전운전불이행,건조,맑음,단일로 - 터널,승용,남,57세,상해없음,화물,남,38세,경상
2019102400100299,2019년 10월 24일 12시,목요일,광주광역시 서구 쌍촌동,경상사고,0,0,4,0,차대차 - 기타,안전운전불이행,건조,맑음,단일로 - 기타,승용,여,41세,상해없음,승용,남,60세,경상
2019102400100300,2019년 10월 24일 12시,목요일,광주광역시 광산구 고룡동,중상사고,0,1,0,0,차대차 - 정면충돌,기타,건조,맑음,교차로 - 교차로안,사륜오토바이(ATV),남,80세,중상,승용,남,30세,상해없음
2019102400100301,2019년 10월 24일 12시,목요일,광주광역시 광산구 산정동,경상사고,0,0,1,0,차대차 - 기타,교차로운행방법위반,건조,맑음,교차로 - 교차로안,승용,남,35세,상해없음,승용,여,52세,경상
2019102400100345,2019년 10월 24일 13시,목요일,광주광역시 서구 화정동,경상사고,0,0,1,0,차대차 - 기타,교차로운행방법위반,건조,맑음,교차로 - 교차로안,승용,남,60세,상해없음,화물,남,48세,경상
2019102400100408,2019년 10월 24일 15시,목요일,광주광역시 광산구 산월동,경상사고,0,0,1,0,차대차 - 기타,신호위반,건조,맑음,교차로 - 교차로안,승용,여,40세,상해없음,승용,여,44세,경상
2019102400100463,2019년 10월 24일 16시,목요일,광주광역시 북구 매곡동,경상사고,0,0,1,0,차대차 - 측면충돌,교차로운행방법위반,건조,맑음,교차로 - 교차로안,승용,여,42세,상해없음,승용,남,54세,경상
2019102400100509,2019년 10월 24일 17시,목요일,광주광역시 남구 월산동,경상사고,0,0,1,0,차대차 - 측면충돌,안전거리미확보,건조,맑음,단일로 - 기타,승합,남,70세,상해없음,화물,남,36세,경상
2019102400100510,2019년 10월 24일 17시,목요일,광주광역시 남구 송하동,경상사고,0,0,2,0,차대차 - 측면충돌,안전거리미확보,건조,맑음,단일로 - 기타,승용,남,50세,상해없음,승용,여,66세,경상
2019102400100511,2019년 10월 24일 17시,목요일,광주광역시 북구 신용동,경상사고,0,0,1,0,차대사람 - 기타,안전운전불이행,건조,맑음,단일로 - 기타,승용,남,71세,상해없음,보행자,여,44세,경상
2019102400100582,2019년 10월 24일 18시,목요일,광주광역시 서구 유촌동,부상신고사고,0,0,0,1,차대차 - 추돌,안전거리미확보,건조,맑음,단일로 - 기타,승용,남,46세,상해없음,승용,남,48세,부상신고
2019102400100583,2019년 10월 24일 18시,목요일,광주광역시 광산구 흑석동,경상사고,0,0,3,0,차대차 - 기타,안전거리미확보,건조,맑음,단일로 - 기타,승용,여,38세,경상,승용,여,51세,경상
2019102400100634,2019년 10월 24일 19시,목요일,광주광역시 서구 화정동,부상신고사고,0,0,0,1,차대사람 - 기타,안전운전불이행,건조,맑음,단일로 - 기타,승용,남,60세,상해없음,보행자,남,54세,부상신고
2019102400100635,2019년 10월 24일 19시,목요일,광주광역시 남구 진월동,경상사고,0,0,1,0,차대사람 - 횡단중,안전운전불이행,건조,맑음,교차로 - 교차로안,승용,여,62세,상해없음,보행자,남,70세,경상
2019102400100636,2019년 10월 24일 19시,목요일,광주광역시 북구 매곡동,경상사고,0,0,2,0,차대차 - 측면충돌,안전거리미확보,건조,흐림,교차로 - 교차로부근,승용,여,51세,상해없음,승용,남,23세,경상
2019102400100637,2019년 10월 24일 19시,목요일,광주광역시 북구 두암동,경상사고,0,0,1,0,차대사람 - 기타,안전운전불이행,건조,맑음,단일로 - 기타,승용,여,42세,상해없음,보행자,남,52세,경상
2019102400100638,2019년 10월 24일 19시,목요일,광주광역시 북구 연제동,경상사고,0,0,2,0,차대차 - 기타,안전거리미확보,건조,맑음,교차로 - 교차로부근,승용,여,53세,상해없음,화물,남,32세,상해없음
2019102400100639,2019년 10월 24일 19시,목요일,광주광역시 북구 두암동,경상사고,0,0,1,0,차대차 - 측면충돌,안전운전불이행,건조,맑음,단일로 - 기타,승용,남,50세,상해없음,이륜,남,26세,경상
2019102400100687,2019년 10월 24일 20시,목요일,광주광역시 동구 학동,경상사고,0,0,1,0,차대차 - 추돌,안전거리미확보,건조,맑음,기타 - 기타,이륜,남,16세,상해없음,승용,남,48세,경상
2019102400100688,2019년 10월 24일 20시,목요일,광주광역시 북구 두암동,경상사고,0,0,2,0,차대차 - 기타,교차로운행방법위반,건조,맑음,교차로 - 교차로안,승용,남,46세,상해없음,승용,남,22세,경상
2019102400100689,2019년 10월 24일 20시,목요일,광주광역시 광산구 우산동,경상사고,0,0,1,0,차대차 - 측면충돌,안전거리미확보,건조,맑음,단일로 - 기타,승용,여,58세,상해없음,이륜,남,43세,경상