사고번호,사고일시,요일,시군구,사고내용,사망자수,중상자수,경상자수,부상신고자수,사고유형,법규위반,노면상태,기상상태,도로형태,가해운전자 차종,가해운전자 성별,가해운전자 연령,가해운전자 상해정도,피해운전자 차종,피해운전자 성별,피해운전자 연령,피해운전자 상해정도
2019102400100690,2019년 10월 24일 20시,목요일,광주광역시 광산구 쌍암동,중상사고,0,1,0,0,차대차 - 측면충돌,안전운전불이행,건조,맑음,단일로 - 기타,승용,여,51세,상해없음,이륜,남,31세,중상
2019102400100760,2019년 10월 24일 23시,목요일,광주광역시 광산구 월곡동,경상사고,0,0,1,0,차대사람 - 기타,안전운전불이행,건조,맑음,교차로 - 교차로부근,승용,남,32세,상해없음,보행자,남,28세,경상
2019102500100041,2019년 10월 25일 00시,금요일,광주광역시 서구 풍암동,사망사고,1,0,1,0,차대사람 - 횡단중,과속,건조,맑음,교차로 - 교차로안,승용,남,60세,상해없음,보행자,남,58세,사망
2019102500100042,2019년 10월 25일 00시,금요일,광주광역시 북구 중흥동,경상사고,0,0,2,0,차량단독 - 공작물충돌,안전운전불이행,건조,흐림,단일로 - 기타,승용,남,20세,상해없음,,,,
2019102500100043,2019년 10월 25일 00시,금요일,광주광역시 광산구 월곡동,부상신고사고,0,0,0,1,차대차 - 측면충돌,교차로운행방법위반,건조,맑음,교차로 - 교차로부근,승용,남,54세,부상신고,화물,여,50세,상해없음
2019102500100044,2019년 10월 25일 00시,금요일,광주광역시 광산구 월계동,중상사고,0,1,0,0,차대사람 - 기타,안전운전불이행,건조,맑음,교차로 - 교차로부근,승용,남,35세,상해없음,보행자,남,24세,중상
2019102500100063,2019년 10월 25일 02시,금요일,광주광역시 서구 쌍촌동,경상사고,0,0,1,0,차대사람 - 기타,보행자보호의무위반,건조,맑음,교차로 - 교차로횡단보도내,승용,남,25세,상해없음,보행자,남,23세,경상
2019102500100064,2019년 10월 25일 02시,금요일,광주광역시 북구 두암동,경상사고,0,0,3,0,차대차 - 측면충돌,안전운전불이행,건조,흐림,교차로 - 교차로안,승합,남,48세,상해없음,화물,남,22세,경상
2019102500100169,2019년 10월 25일 08시,금요일,광주광역시 서구 화정동,경상사고,0,0,1,0,차대차 - 측면충돌,안전운전불이행,건조,맑음,교차로 - 교차로부근,승용,여,53세,상해없음,승용,남,30세,경상
2019102500100170,2019년 10월 25일 08시,금요일,광주광역시 서구 쌍촌동,경상사고,0,0,1,0,차대차 - 측면충돌,차로위반,건조,맑음,교차로 - 교차로부근,화물,남,50세,상해없음,승용,여,46세,경상
2019102500100171,2019년 10월 25일 08시,금요일,광주광역시 북구 각화동,경상사고,0,0,1,0,차대사람 - 횡단중,신호위반,건조,맑음,단일로 - 기타,승용,여,48세,상해없음,보행자,남,11세,경상
2019102500100203,2019년 10월 25일 09시,금요일,광주광역시 광산구 수완동,경상사고,0,0,2,0,차대차 - 측면충돌,차로위반,건조,맑음,단일로 - 기타,승용,여,45세,상해없음,승용,여,30세,경상
2019102500100270,2019년 10월 25일 11시,금요일,광주광역시 광산구 도덕동,경상사고,0,0,1,0,차대차 - 측면충돌,교차로운행방법위반,건조,맑음,교차로 - 교차로안,화물,남,51세,기타불명,승용,여,47세,경상
2019102500100304,2019년 10월 25일 12시,금요일,광주광역시 광산구 산정동,경상사고,0,0,1,0,차대차 - 측면충돌,교차로운행방법위반,건조,맑음,교차로 - 교차로안,이륜,남,23세,상해없음,이륜,여,42세,경상
2019102500100347,2019년 10월 25일 13시,금요일,광주광역시 광산구 송정동,중상사고,0,1,0,0,차대차 - 측면충돌,안전운전불이행,건조,맑음,교차로 - 교차로부근,승용,남,66세,상해없음,자전거,여,77세,중상
2019102500100493,2019년 10월 25일 16시,금요일,광주광역시 서구 쌍촌동,경상사고,0,0,3,0,차대차 - 기타,안전거리미확보,건조,맑음,단일로 - 기타,승합,남,47세,상해없음,승용,남,32세,경상
2019102500100544,2019년 10월 25일 17시,금요일,광주광역시 서구 풍암동,경상사고,0,0,4,0,차대차 - 추돌,안전운전불이행,건조,맑음,단일로 - 기타,승용,여,23세,상해없음,승합,남,30세,경상
2019102500100545,2019년 10월 25일 17시,금요일,광주광역시 광산구 황룡동,경상사고,0,0,3,0,차대차 - 추돌,안전운전불이행,건조,맑음,교차로 - 교차로부근,화물,남,64세,상해없음,승용,남,33세,경상
2019102500100625,2019년 10월 25일 18시,금요일,광주광역시 동구 서석동,경상사고,0,0,1,0,차대차 - 측면충돌,안전거리미확보,건조,흐림,교차로 - 교차로안,승용,남,65세,상해없음,승용,여,43세,경상
2019102500100626,2019년 10월 25일 18시,금요일,광주광역시 서구 화정동,경상사고,0,0,1,0,차대사람 - 횡단중,보행자보호의무위반,건조,맑음,교차로 - 교차로안,승용,여,43세,상해없음,보행자,여,45세,경상
2019102500100706,2019년 10월 25일 19시,금요일,광주광역시 서구 쌍촌동,중상사고,0,1,0,0,차대차 - 기타,신호위반,건조,맑음,단일로 - 기타,원동기,남,44세,중상,승용,남,71세,상해없음
2019102500100707,2019년 10월 25일 19시,금요일,광주광역시 북구 중흥동,경상사고,0,0,1,0,차대차 - 측면충돌,안전거리미확보,건조,맑음,단일로 - 기타,승용,남,43세,상해없음,이륜,남,43세,경상
2019102500100708,2019년 10월 25일 19시,금요일,광주광역시 북구 용봉동,부상신고사고,0,0,0,1,차대차 - 기타,안전운전불이행,건조,맑음,단일로 - 기타,기타불명,기타불명,미분류,기타불명,자전거,남,52세,부상신고
2019102500100783,2019년 10월 25일 21시,금요일,광주광역시 서구 쌍촌동,경상사고,0,0,1,0,차대차 - 기타,교차로운행방법위반,건조,맑음,교차로 - 교차로안,승용,남,32세,상해없음,이륜,남,35세,경상
2019102500100830,2019년 10월 25일 23시,금요일,광주광역시 남구 주월동,중상사고,0,1,0,0,차대사람 - 기타,안전운전불이행,건조,맑음,단일로 - 기타,승용,여,18세,상해없음,보행자,남,46세,중상
2019102600100041,2019년 10월 26일 00시,토요일,광주광역시 동구 계림동,경상사고,0,0,1,0,차대사람 - 기타,안전운전불이행,건조,맑음,교차로 - 교차로안,승용,여,31세,기타불명,보행자,남,70세,경상
2019102600100042,2019년 10월 26일 00시,토요일,광주광역시 광산구 산정동,경상사고,0,0,1,1,차대차 - 측면충돌,신호위반,건조,맑음,교차로 - 교차로횡단보도내,승용,남,67세,부상신고,개인형이동수단(PM),남,29세,경상
2019102600100065,2019년 10월 26일 02시,토요일,광주광역시 북구 두암동,경상사고,0,0,1,0,차대사람 - 차도통행중,안전운전불이행,건조,맑음,단일로 - 기타,기타불명,기타불명,미분류,기타불명,보행자,남,59세,경상
2019102600100192,2019년 10월 26일 09시,토요일,광주광역시 광산구 장덕동,경상사고,0,0,1,0,차대차 - 측면충돌,안전운전불이행,건조,맑음,교차로 - 교차로부근,승용,남,31세,상해없음,자전거,남,36세,경상
2019102600100263,2019년 10월 26일 11시,토요일,광주광역시 북구 우산동,경상사고,0,0,1,0,차대차 - 측면충돌,안전운전불이행,건조,맑음,단일로 - 기타,이륜,남,37세,경상,이륜,남,53세,상해없음
2019102600100307,2019년 10월 26일 12시,토요일,광주광역시 광산구 우산동,중상사고,0,1,0,0,차량단독 - 기타,기타,건조,맑음,단일로 - 기타,승합,남,59세,상해없음,,,,
2019102600100351,2019년 10월 26일 13시,토요일,광주광역시 서구 매월동,경상사고,0,0,2,0,차대차 - 측면충돌,신호위반,건조,맑음,교차로 - 교차로안,승용,남,57세,상해없음,승용,남,77세,경상
2019102600100393,2019년 10월 26일 14시,토요일,광주광역시 북구 신안동,경상사고,0,0,2,0,차대차 - 측면충돌,안전거리미확보,건조,맑음,단일로 - 기타,승용,남,41세,상해없음,승용,남,51세,경상
2019102600100598,2019년 10월 26일 19시,토요일,광주광역시 서구 풍암동,경상사고,0,0,1,0,차대차 - 측면충돌,안전운전불이행,건조,맑음,교차로 - 교차로부근,승용,남,56세,상해없음,화물,여,55세,경상
2019102600100599,2019년 10월 26일 19시,토요일,광주광역시 광산구 신창동,경상사고,0,0,3,0,차대차 - 측면충돌,신호위반,건조,맑음,교차로 - 교차로안,이륜,남,23세,경상,승용,남,24세,경상
2019102600100642,2019년 10월 26일 20시,토요일,광주광역시 동구 용산동,경상사고,0,0,4,0,차대차 - 추돌,안전운전불이행,건조,맑음,단일로 - 기타,승용,여,61세,상해없음,승용,남,39세,경상
2019102600100643,2019년 10월 26일 20시,토요일,광주광역시 북구 연제동,경상사고,0,0,1,0,차대차 - 측면충돌,차로위반,건조,맑음,단일로 - 기타,승용,남,53세,상해없음,승용,여,36세,경상
2019102600100669,2019년 10월 26일 21시,토요일,광주광역시 북구 용두동,경상사고,0,0,1,0,차대차 - 기타,신호위반,건조,맑음,교차로 - 교차로안,승용,여,24세,상해없음,승용,여,60세,경상
2019102600100670,2019년 10월 26일 21시,토요일,광주광역시 북구 우산동,경상사고,0,0,2,0,차대차 - 추돌,안전운전불이행,건조,맑음,단일로 - 기타,승용,남,33세,상해없음,승용,여,53세,경상
2019102700100048,2019년 10월 27일 00시,일요일,광주광역시 북구 오치동,경상사고,0,0,2,0,차대차 - 측면충돌,안전운전불이행,건조,맑음,교차로 - 교차로안,승용,남,22세,기타불명,승용,남,51세,경상
2019102700100066,2019년 10월 27일 01시,일요일,광주광역시 동구 황금동,중상사고,0,1,0,0,차대사람 - 횡단중,안전운전불이행,건조,맑음,단일로 - 기타,승용,남,55세,상해없음,보행자,남,20세,중상
2019102700100081,2019년 10월 27일 02시,일요일,광주광역시 광산구 산정동,경상사고,0,0,2,0,차대차 - 측면충돌,안전거리미확보,건조,맑음,단일로 - 기타,승용,남,59세,경상,승용,남,34세,상해없음
2019102700100107,2019년 10월 27일 04시,일요일,광주광역시 서구 양동,중상사고,0,1,0,0,차대사람 - 횡단중,신호위반,건조,맑음,교차로 - 교차로횡단보도내,승용,남,76세,상해없음,보행자,여,78세,중상
2019102700100205,2019년 10월 27일 10시,일요일,광주광역시 광산구 송정동,경상사고,0,0,2,0,차대차 - 측면충돌,안전거리미확보,건조,맑음,교차로 - 교차로안,승용,남,35세,경상,승합,남,62세,경상
2019102700100206,2019년 10월 27일 10시,일요일,광주광역시 광산구 산월동,경상사고,0,0,1,0,차대차 - 후진중충돌,불법유턴,건조,맑음,교차로 - 교차로부근,화물,남,56세,상해없음,승용,여,47세,경상
2019102700100235,2019년 10월 27일 11시,일요일,광주광역시 북구 양산동,중상사고,0,1,0,0,차대차 - 기타,안전운전불이행,건조,맑음,단일로 - 기타,화물,남,54세,상해없음,승용,남,27세,중상
2019102700100309,2019년 10월 27일 13시,일요일,광주광역시 서구 농성동,경상사고,0,0,1,0,차대차 - 정면충돌,중앙선침범,건조,맑음,교차로 - 교차로부근,자전거,남,81세,경상,승용,남,56세,기타불명
2019102700100344,2019년 10월 27일 14시,일요일,광주광역시 광산구 흑석동,경상사고,0,0,1,0,차대차 - 기타,안전운전불이행,건조,맑음,교차로 - 교차로안,승용,남,19세,상해없음,승용,남,57세,경상
2019102700100394,2019년 10월 27일 15시,일요일,광주광역시 북구 매곡동,중상사고,0,1,0,0,차량단독 - 기타,안전운전불이행,건조,맑음,단일로 - 기타,승용,남,70세,중상,,,,
2019102700100395,2019년 10월 27일 15시,일요일,광주광역시 광산구 수완동,경상사고,0,0,1,0,차대차 - 기타,안전거리미확보,건조,맑음,단일로 - 기타,승용,남,28세,상해없음,승용,여,31세,경상
2019102700100508,2019년 10월 27일 18시,일요일,광주광역시 북구 삼각동,중상사고,0,1,0,0,차대차 - 추돌,안전거리미확보,건조,맑음,교차로 - 교차로부근,기타불명,기타불명,미분류,기타불명,원동기,남,18세,중상
2019102700100572,2019년 10월 27일 20시,일요일,광주광역시 서구 쌍촌동,경상사고,0,0,2,0,차대사람 - 횡단중,신호위반,건조,맑음,교차로 - 교차로횡단보도내,이륜,여,59세,상해없음,보행자,남,40세,경상
2019102700100573,2019년 10월 27일 20시,일요일,광주광역시 남구 월산동,중상사고,0,1,0,0,차대차 - 기타,안전운전불이행,건조,맑음,교차로 - 교차로부근,승용,남,62세,상해없음,개인형이동수단(PM),남,46세,중상
2019102700100608,2019년 10월 27일 21시,일요일,광주광역시 남구 주월동,경상사고,0,0,4,0,차대차 - 추돌,안전운전불이행,건조,맑음,단일로 - 기타,승용,남,45세,상해없음,승용,남,25세,경상
2019102700100638,2019년 10월 27일 23시,일요일,광주광역시 광산구 신가동,경상사고,0,0,1,0,차대사람 - 길가장자리구역통행중,안전운전불이행,건조,맑음,단일로 - 기타,승용,남,34세,상해없음,보행자,여,29세,경상
2019102800100157,2019년 10월 28일 08시,월요일,광주광역시 서구 유촌동,경상사고,0,0,1,0,차대차 - 측면충돌,안전운전불이행,건조,맑음,교차로 - 교차로안,이륜,남,37세,경상,승용,남,64세,상해없음
2019102800100158,2019년 10월 28일 08시,월요일,광주광역시 서구 광천동,경상사고,0,0,1,0,차대차 - 측면충돌,신호위반,건조,맑음,교차로 - 교차로안,승용,남,24세,기타불명,승용,남,30세,경상
2019102800100231,2019년 10월 28일 10시,월요일,광주광역시 남구 월산동,경상사고,0,0,1,0,차대차 - 추돌,안전운전불이행,건조,맑음,단일로 - 기타,승용,남,27세,상해없음,승용,남,44세,경상
2019102800100232,2019년 10월 28일 10시,월요일,광주광역시 북구 용두동,중상사고,0,1,0,0,차대차 - 측면충돌,안전운전불이행,건조,맑음,교차로 - 교차로안,기타불명,기타불명,미분류,기타불명,승용,남,59세,중상
2019102800100233,2019년 10월 28일 10시,월요일,광주광역시 광산구 흑석동,경상사고,0,0,1,0,차대차 - 측면충돌,안전운전불이행,건조,맑음,교차로 - 교차로부근,화물,남,18세,상해없음,승용,여,38세,경상
2019102800100312,2019년 10월 28일 12시,월요일,광주광역시 서구 쌍촌동,중상사고,0,1,0,0,차대사람 - 기타,안전운전불이행,건조,맑음,주차장 - 주차장,승용,남,60세,상해없음,보행자,남,57세,중상
2019102800100347,2019년 10월 28일 13시,월요일,광주광역시 동구 서석동,경상사고,0,0,1,0,차대차 - 측면충돌,신호위반,건조,맑음,단일로 - 기타,승용,남,58세,상해없음,승용,여,61세,경상
2019102800100435,2019년 10월 28일 15시,월요일,광주광역시 북구 연제동,경상사고,0,0,1,0,차대차 - 측면충돌,안전운전불이행,건조,맑음,교차로 - 교차로안,승용,여,33세,상해없음,승용,여,53세,경상
2019102800100463,2019년 10월 28일 16시,월요일,광주광역시 동구 서석동,경상사고,0,0,2,0,차대차 - 측면충돌,안전운전불이행,건조,맑음,단일로 - 기타,건설기계,남,55세,상해없음,승용,여,39세,경상
2019102800100464,2019년 10월 28일 16시,월요일,광주광역시 광산구 장덕동,경상사고,0,0,1,0,차대차 - 측면충돌,기타,건조,맑음,교차로 - 교차로횡단보도내,승용,여,33세,상해없음,자전거,남,11세,경상
2019102800100512,2019년 10월 28일 17시,월요일,광주광역시 서구 농성동,경상사고,0,0,1,0,차대차 - 측면충돌,안전운전불이행,건조,맑음,교차로 - 교차로안,승용,여,60세,상해없음,승용,남,24세,경상
2019102800100513,2019년 10월 28일 17시,월요일,광주광역시 남구 송하동,중상사고,0,1,0,0,차대사람 - 횡단중,안전운전불이행,건조,맑음,단일로 - 기타,승용,여,45세,상해없음,보행자,여,85세,중상
2019102800100576,2019년 10월 28일 18시,월요일,광주광역시 서구 마륵동,중상사고,0,1,0,0,차대차 - 기타,교차로운행방법위반,건조,맑음,교차로 - 교차로안,승용,남,37세,상해없음,이륜,남,40세,중상
2019102800100577,2019년 10월 28일 18시,월요일,광주광역시 서구 화정동,경상사고,0,0,1,0,차대차 - 추돌,안전운전불이행,건조,맑음,교차로 - 교차로안,화물,여,59세,상해없음,승용,남,46세,경상
2019102800100578,2019년 10월 28일 18시,월요일,광주광역시 북구 임동,경상사고,0,0,1,1,차대차 - 추돌,안전운전불이행,건조,맑음,단일로 - 기타,이륜,남,23세,경상,승용,남,47세,상해없음
2019102800100579,2019년 10월 28일 18시,월요일,광주광역시 북구 두암동,부상신고사고,0,0,0,1,차대차 - 기타,안전운전불이행,건조,맑음,교차로 - 교차로안,이륜,남,25세,부상신고,승용,남,64세,상해없음
2019102800100580,2019년 10월 28일 18시,월요일,광주광역시 광산구 소촌동,경상사고,0,0,1,0,차량단독 - 기타,안전운전불이행,건조,맑음,단일로 - 기타,승용,남,64세,경상,,,,
2019102800100581,2019년 10월 28일 18시,월요일,광주광역시 광산구 선암동,경상사고,0,0,1,0,차대사람 - 차도통행중,안전운전불이행,건조,맑음,교차로 - 교차로부근,승용,여,27세,상해없음,보행자,남,7세,경상
2019102800100651,2019년 10월 28일 20시,월요일,광주광역시 동구 학동,경상사고,0,0,4,0,차대차 - 측면충돌,안전운전불이행,건조,맑음,교차로 - 교차로부근,기타불명,기타불명,미분류,기타불명,승용,남,36세,경상
2019102800100652,2019년 10월 28일 20시,월요일,광주광역시 서구 금호동,경상사고,0,0,1,0,차대차 - 추돌,안전운전불이행,건조,맑음,교차로 - 교차로부근,승용,남,57세,상해없음,승용,여,37세,경상
2019102800100677,2019년 10월 28일 21시,월요일,광주광역시 북구 두암동,경상사고,0,0,1,0,차대차 - 측면충돌,안전운전불이행,건조,맑음,교차로 - 교차로안,승용,남,44세,상해없음,승용,남,58세,경상
2019102800100700,2019년 10월 28일 22시,월요일,광주광역시 북구 각화동,경상사고,0,0,1,1,차대차 - 측면충돌,차로위반,건조,맑음,교차로 - 교차로안,승용,여,54세,상해없음,승용,여,73세,부상신고
2019102800100701,2019년 10월 28일 22시,월요일,광주광역시 광산구 신촌동,중상사고,0,2,1,0,차대차 - 측면충돌,신호위반,건조,맑음,교차로 - 교차로안,이륜,남,19세,중상,승용,여,56세,경상
2019102800100725,2019년 10월 28일 23시,월요일,광주광역시 남구 월산동,경상사고,0,0,4,0,차대차 - 측면충돌,교차로운행방법위반,건조,맑음,교차로 - 교차로안,승용,여,50세,상해없음,승용,남,26세,경상
2019102800100726,2019년 10월 28일 23시,월요일,광주광역시 광산구 월계동,부상신고사고,0,0,0,1,차대사람 - 횡단중,안전운전불이행,건조,맑음,교차로 - 교차로안,승용,남,53세,상해없음,보행자,여,22세,부상신고
2019102900100097,2019년 10월 29일 06시,화요일,광주광역시 북구 월출동,경상사고,0,0,2,0,차대차 - 측면충돌,교차로운행방법위반,건조,맑음,교차로 - 교차로안,승용,남,51세,경상,승용,남,40세,경상
2019102900100122,2019년 10월 29일 07시,화요일,광주광역시 서구 쌍촌동,경상사고,0,0,1,0,차대차 - 추돌,안전운전불이행,건조,맑음,교차로 - 교차로안,승용,남,65세,상해없음,승용,여,53세,경상
2019102900100123,2019년 10월 29일 07시,화요일,광주광역시 북구 용봉동,경상사고,0,0,3,0,차대차 - 측면충돌,안전거리미확보,젖음/습기,맑음,교차로 - 교차로부근,화물,남,62세,상해없음,승용,남,42세,경상
2019102900100124,2019년 10월 29일 07시,화요일,광주광역시 북구 우산동,경상사고,0,0,1,0,차대차 - 측면충돌,안전운전불이행,건조,맑음,단일로 - 기타,자전거,남,83세,경상,승합,남,64세,상해없음
2019102900100125,2019년 10월 29일 07시,화요일,광주광역시 북구 월출동,경상사고,0,0,1,0,차대차 - 측면충돌,안전거리미확보,건조,맑음,단일로 - 기타,화물,남,58세,상해없음,승용,남,22세,경상
2019102900100182,2019년 10월 29일 08시,화요일,광주광역시 동구 지산동,중상사고,0,1,0,0,차대사람 - 횡단중,보행자보호의무위반,건조,맑음,교차로 - 교차로횡단보도내,승용,여,47세,상해없음,보행자,여,57세,중상
2019102900100183,2019년 10월 29일 08시,화요일,광주광역시 북구 신안동,경상사고,0,0,1,0,차대차 - 기타,안전운전불이행,건조,맑음,단일로 - 기타,기타불명,기타불명,미분류,기타불명,개인형이동수단(PM),남,28세,경상
2019102900100217,2019년 10월 29일 09시,화요일,광주광역시 서구 농성동,경상사고,0,0,2,0,차대차 - 측면충돌,안전거리미확보,건조,맑음,단일로 - 기타,승용,남,16세,상해없음,승용,남,25세,경상
2019102900100218,2019년 10월 29일 09시,화요일,광주광역시 서구 마륵동,경상사고,0,0,1,0,차대차 - 추돌,안전운전불이행,건조,맑음,교차로 - 교차로부근,건설기계,남,59세,상해없음,승용,남,32세,경상
2019102900100219,2019년 10월 29일 09시,화요일,광주광역시 남구 주월동,경상사고,0,0,5,0,차대차 - 측면충돌,안전거리미확보,건조,맑음,단일로 - 기타,화물,남,64세,상해없음,승합,남,49세,경상
2019102900100220,2019년 10월 29일 09시,화요일,광주광역시 북구 두암동,경상사고,0,0,1,0,차대차 - 추돌,안전거리미확보,건조,맑음,단일로 - 기타,승용,남,50세,상해없음,화물,남,41세,경상
2019102900100247,2019년 10월 29일 10시,화요일,광주광역시 북구 연제동,부상신고사고,0,0,0,1,차대차 - 측면충돌,안전운전불이행,건조,맑음,단일로 - 기타,기타불명,기타불명,미분류,기타불명,승용,여,58세,부상신고
2019102900100282,2019년 10월 29일 11시,화요일,광주광역시 북구 오치동,경상사고,0,0,1,0,차대차 - 측면충돌,교차로운행방법위반,건조,맑음,교차로 - 교차로횡단보도내,승용,남,51세,상해없음,이륜,남,37세,경상
2019102900100344,2019년 10월 29일 13시,화요일,광주광역시 서구 내방동,경상사고,0,0,1,0,차대차 - 추돌,안전거리미확보,건조,맑음,단일로 - 기타,승합,남,30세,상해없음,승용,남,67세,경상
2019102900100381,2019년 10월 29일 14시,화요일,광주광역시 광산구 운수동,경상사고,0,0,1,0,차대차 - 측면충돌,안전거리미확보,건조,맑음,단일로 - 기타,승용,남,36세,상해없음,화물,남,75세,경상
2019102900100433,2019년 10월 29일 15시,화요일,광주광역시 북구 매곡동,경상사고,0,0,1,2,차대차 - 추돌,안전운전불이행,건조,맑음,교차로 - 교차로부근,승용,남,66세,상해없음,승합,남,46세,경상
2019102900100434,2019년 10월 29일 15시,화요일,광주광역시 북구 운정동,중상사고,0,2,1,0,차대차 - 측면충돌,중앙선침범,건조,맑음,단일로 - 기타,승용,남,29세,경상,승용,여,51세,중상
2019102900100479,2019년 10월 29일 16시,화요일,광주광역시 북구 중흥동,경상사고,0,0,2,0,차대사람 - 기타,안전운전불이행,건조,맑음,단일로 - 기타,화물,남,60세,상해없음,보행자,남,24세,경상
2019102900100480,2019년 10월 29일 16시,화요일,광주광역시 광산구 장덕동,경상사고,0,0,1,0,차대차 - 측면충돌,신호위반,건조,맑음,교차로 - 교차로안,화물,남,74세,상해없음,승용,남,40세,경상
2019102900100481,2019년 10월 29일 16시,화요일,광주광역시 광산구 월계동,중상사고,0,1,0,0,차대사람 - 기타,안전운전불이행,건조,맑음,단일로 - 기타,화물,남,38세,상해없음,보행자,여,88세,중상
2019102900100482,2019년 10월 29일 16시,화요일,광주광역시 광산구 산정동,경상사고,0,0,1,0,차대차 - 측면충돌,교차로운행방법위반,건조,맑음,교차로 - 교차로안,승용,여,59세,상해없음,승용,여,42세,경상
2019102900100483,2019년 10월 29일 16시,화요일,광주광역시 광산구 비아동,경상사고,0,0,1,0,차대차 - 측면충돌,안전운전불이행,건조,맑음,교차로 - 교차로안,승용,남,37세,기타불명,승용,남,66세,경상
2019102900100525,2019년 10월 29일 17시,화요일,광주광역시 동구 금남로4가,경상사고,0,0,1,0,차대차 - 정면충돌,신호위반,건조,맑음,교차로 - 교차로안,승용,남,66세,상해없음,자전거,남,48세,경상
2019102900100582,2019년 10월 29일 18시,화요일,광주광역시 서구 금호동,부상신고사고,0,0,0,1,차량단독 - 기타,안전운전불이행,건조,맑음,단일로 - 기타,승합,남,40세,상해없음,,,,
2019102900100583,2019년 10월 29일 18시,화요일,광주광역시 광산구 송정동,경상사고,0,0,1,0,차대차 - 측면충돌,기타,건조,맑음,교차로 - 교차로안,승용,여,32세,상해없음,원동기,남,62세,경상
2019102900100667,2019년 10월 29일 20시,화요일,광주광역시 광산구 장덕동,경상사고,0,0,1,0,차대차 - 기타,교차로운행방법위반,건조,맑음,교차로 - 교차로안,승용,남,40세,상해없음,승용,남,30세,경상
2019102900100708,2019년 10월 29일 22시,화요일,광주광역시 북구 용봉동,경상사고,0,0,2,0,차대차 - 추돌,안전운전불이행,건조,맑음,기타 - 기타,승용,남,30세,경상,승용,남,48세,상해없음
2019102900100717,2019년 10월 29일 22시,화요일,광주광역시 남구 월산동,경상사고,0,0,3,2,차대차 - 측면충돌,교차로운행방법위반,건조,맑음,교차로 - 교차로안,승용,남,67세,상해없음,승용,남,18세,경상
2019102900100718,2019년 10월 29일 22시,화요일,광주광역시 북구 일곡동,경상사고,0,0,1,0,차대차 - 측면충돌,안전운전불이행,건조,흐림,단일로 - 기타,승용,남,15세,상해없음,승용,남,55세,기타불명
2019102900100719,2019년 10월 29일 22시,화요일,광주광역시 북구 운암동,경상사고,0,0,1,0,차대사람 - 기타,안전운전불이행,건조,흐림,교차로 - 교차로부근,승용,남,16세,상해없음,보행자,여,17세,경상
2019102900100736,2019년 10월 29일 23시,화요일,광주광역시 동구 용산동,경상사고,0,0,1,0,차량단독 - 공작물충돌,안전운전불이행,건조,맑음,단일로 - 기타,승용,남,24세,상해없음,,,,
2019102900100737,2019년 10월 29일 23시,화요일,광주광역시 북구 오치동,중상사고,0,1,0,0,차대사람 - 기타,안전운전불이행,건조,맑음,단일로 - 기타,승용,남,59세,상해없음,보행자,남,29세,중상
2019103000100062,2019년 10월 30일 02시,수요일,광주광역시 서구 치평동,경상사고,0,0,1,0,차대차 - 측면충돌,안전거리미확보,건조,맑음,단일로 - 기타,승용,남,23세,상해없음,승용,남,27세,경상
2019103000100108,2019년 10월 30일 06시,수요일,광주광역시 북구 누문동,경상사고,0,0,1,0,차대사람 - 기타,안전운전불이행,건조,맑음,단일로 - 기타,승합,남,53세,상해없음,보행자,여,16세,경상
2019103000100176,2019년 10월 30일 08시,수요일,광주광역시 북구 대촌동,중상사고,0,1,1,0,차대차 - 측면충돌,안전운전불이행,건조,맑음,교차로 - 교차로안,승용,여,61세,중상,승용,남,39세,경상
2019103000100177,2019년 10월 30일 08시,수요일,광주광역시 광산구 하남동,경상사고,0,0,1,0,차대차 - 추돌,안전거리미확보,건조,맑음,단일로 - 기타,화물,남,43세,상해없음,승용,남,25세,경상
2019103000100178,2019년 10월 30일 08시,수요일,광주광역시 광산구 하남동,중상사고,0,1,5,0,차대차 - 추돌,안전거리미확보,건조,맑음,단일로 - 기타,승용,남,30세,경상,화물,남,40세,상해없음
2019103000100179,2019년 10월 30일 08시,수요일,광주광역시 광산구 장덕동,경상사고,0,0,2,0,차대차 - 정면충돌,안전운전불이행,건조,맑음,교차로 - 교차로안,승용,남,29세,경상,승용,남,47세,경상
2019103000100234,2019년 10월 30일 09시,수요일,광주광역시 남구 월산동,경상사고,0,0,1,0,차대차 - 추돌,안전거리미확보,건조,맑음,교차로 - 교차로부근,승용,남,42세,상해없음,승용,남,65세,경상
2019103000100235,2019년 10월 30일 09시,수요일,광주광역시 북구 양산동,경상사고,0,0,1,0,차대차 - 측면충돌,안전운전불이행,건조,맑음,단일로 - 기타,이륜,남,38세,경상,승용,여,61세,상해없음
2019103000100236,2019년 10월 30일 09시,수요일,광주광역시 광산구 운남동,경상사고,0,0,4,0,차대차 - 측면충돌,안전운전불이행,건조,맑음,교차로 - 교차로안,승용,남,70세,상해없음,승용,남,36세,경상
2019103000100270,2019년 10월 30일 10시,수요일,광주광역시 광산구 산월동,경상사고,0,0,1,0,차대차 - 측면충돌,안전운전불이행,건조,맑음,교차로 - 교차로부근,승용,남,39세,상해없음,승용,여,57세,경상