사고번호,사고일시,요일,시군구,사고내용,사망자수,중상자수,경상자수,부상신고자수,사고유형,법규위반,노면상태,기상상태,도로형태,가해운전자 차종,가해운전자 성별,가해운전자 연령,가해운전자 상해정도,피해운전자 차종,피해운전자 성별,피해운전자 연령,피해운전자 상해정도
2019110800100659,2019년 11월 8일 18시,금요일,광주광역시 서구 치평동,경상사고,0,0,1,0,차대차 - 기타,중앙선침범,건조,맑음,단일로 - 기타,승용,남,57세,상해없음,화물,남,39세,경상
2019110800100660,2019년 11월 8일 18시,금요일,광주광역시 광산구 월계동,경상사고,0,0,1,0,차대차 - 기타,신호위반,건조,맑음,교차로 - 교차로부근,승용,남,36세,상해없음,자전거,남,50세,경상
2019110800100661,2019년 11월 8일 18시,금요일,광주광역시 광산구 쌍암동,경상사고,0,0,1,0,차대차 - 측면충돌,안전거리미확보,건조,맑음,교차로 - 교차로부근,승용,여,45세,상해없음,승용,남,31세,경상
2019110800100717,2019년 11월 8일 19시,금요일,광주광역시 동구 지산동,경상사고,0,0,6,0,차대차 - 추돌,안전거리미확보,건조,맑음,단일로 - 터널,화물,남,50세,경상,승용,남,42세,경상
2019110800100718,2019년 11월 8일 19시,금요일,광주광역시 서구 풍암동,경상사고,0,0,1,0,차대차 - 측면충돌,신호위반,건조,흐림,단일로 - 지하차도(도로)내,승용,남,32세,기타불명,승용,여,43세,경상
2019110800100719,2019년 11월 8일 19시,금요일,광주광역시 서구 치평동,경상사고,0,0,1,0,차대차 - 후진중충돌,안전운전불이행,건조,맑음,단일로 - 기타,승용,남,45세,상해없음,승용,남,35세,경상
2019110800100720,2019년 11월 8일 19시,금요일,광주광역시 남구 주월동,경상사고,0,0,1,0,차대차 - 측면충돌,교차로운행방법위반,건조,맑음,교차로 - 교차로안,승용,남,33세,상해없음,화물,남,62세,경상
2019110800100748,2019년 11월 8일 20시,금요일,광주광역시 서구 치평동,경상사고,0,0,1,0,차대차 - 추돌,안전운전불이행,건조,맑음,교차로 - 교차로안,승용,남,57세,상해없음,승용,남,64세,경상
2019110800100749,2019년 11월 8일 20시,금요일,광주광역시 북구 운암동,경상사고,0,0,5,0,차대차 - 측면충돌,안전운전불이행,건조,맑음,단일로 - 고가도로위,승용,남,33세,상해없음,승용,남,18세,경상
2019110800100825,2019년 11월 8일 22시,금요일,광주광역시 서구 금호동,경상사고,0,0,5,0,차대차 - 측면충돌,안전운전불이행,건조,맑음,교차로 - 교차로부근,승용,여,44세,상해없음,승용,여,42세,경상
2019110800100826,2019년 11월 8일 22시,금요일,광주광역시 서구 유촌동,경상사고,0,0,1,0,차대차 - 측면충돌,안전운전불이행,건조,맑음,교차로 - 교차로부근,승용,남,31세,상해없음,이륜,여,26세,경상
2019110800100842,2019년 11월 8일 23시,금요일,광주광역시 광산구 소촌동,경상사고,0,0,1,0,차대사람 - 기타,안전운전불이행,건조,맑음,단일로 - 기타,승용,남,54세,상해없음,보행자,여,19세,경상
2019110900100037,2019년 11월 9일 00시,토요일,광주광역시 서구 농성동,경상사고,0,0,2,0,차대차 - 추돌,안전거리미확보,건조,흐림,단일로 - 지하차도(도로)내,승용,남,44세,상해없음,승용,남,18세,경상
2019110900100038,2019년 11월 9일 00시,토요일,광주광역시 북구 연제동,중상사고,0,1,2,0,차대차 - 기타,신호위반,건조,맑음,교차로 - 교차로안,승용,여,26세,경상,승용,남,59세,중상
2019110900100121,2019년 11월 9일 06시,토요일,광주광역시 북구 연제동,경상사고,0,0,1,0,차대차 - 기타,안전운전불이행,건조,맑음,단일로 - 기타,승용,남,19세,경상,화물,남,44세,기타불명
2019110900100162,2019년 11월 9일 08시,토요일,광주광역시 북구 두암동,경상사고,0,0,1,0,차대차 - 기타,안전운전불이행,건조,맑음,교차로 - 교차로부근,자전거,여,57세,경상,승용,남,69세,상해없음
2019110900100202,2019년 11월 9일 09시,토요일,광주광역시 서구 농성동,중상사고,0,1,0,0,차대사람 - 기타,안전운전불이행,건조,맑음,단일로 - 기타,승용,여,40세,상해없음,보행자,남,77세,중상
2019110900100235,2019년 11월 9일 10시,토요일,광주광역시 북구 신안동,중상사고,0,1,3,0,차대차 - 측면충돌,안전운전불이행,건조,맑음,단일로 - 기타,승용,남,67세,경상,승용,남,63세,경상
2019110900100287,2019년 11월 9일 11시,토요일,광주광역시 서구 농성동,경상사고,0,0,2,0,차대차 - 추돌,안전운전불이행,건조,맑음,교차로 - 교차로부근,승용,남,19세,상해없음,승용,여,27세,경상
2019110900100288,2019년 11월 9일 11시,토요일,광주광역시 북구 두암동,경상사고,0,0,1,0,차대차 - 기타,안전운전불이행,건조,맑음,단일로 - 기타,승합,남,51세,상해없음,기타불명,여,56세,경상
2019110900100289,2019년 11월 9일 11시,토요일,광주광역시 광산구 송정동,경상사고,0,0,2,0,차대차 - 추돌,안전운전불이행,건조,맑음,단일로 - 기타,승용,남,76세,상해없음,승용,남,36세,경상
2019110900100332,2019년 11월 9일 12시,토요일,광주광역시 서구 쌍촌동,경상사고,0,0,2,0,차대차 - 기타,직진우회전진행방해,건조,맑음,교차로 - 교차로안,승용,남,72세,상해없음,승용,여,47세,경상
2019110900100333,2019년 11월 9일 12시,토요일,광주광역시 서구 광천동,경상사고,0,0,1,0,차대차 - 기타,교차로운행방법위반,건조,맑음,교차로 - 교차로안,기타불명,기타불명,미분류,기타불명,승용,여,27세,경상
2019110900100378,2019년 11월 9일 13시,토요일,광주광역시 북구 용두동,경상사고,0,0,1,0,차대차 - 측면충돌,안전거리미확보,건조,맑음,단일로 - 기타,승용,남,25세,상해없음,승용,여,43세,경상
2019110900100379,2019년 11월 9일 13시,토요일,광주광역시 광산구 신가동,경상사고,0,0,4,0,차대차 - 측면충돌,교차로운행방법위반,건조,맑음,교차로 - 교차로안,화물,남,55세,상해없음,승용,여,45세,경상
2019110900100426,2019년 11월 9일 14시,토요일,광주광역시 광산구 신가동,경상사고,0,0,1,0,차대차 - 기타,안전운전불이행,건조,맑음,단일로 - 기타,승용,남,29세,상해없음,승용,여,52세,경상
2019110900100548,2019년 11월 9일 17시,토요일,광주광역시 서구 화정동,부상신고사고,0,0,0,2,차대차 - 측면충돌,안전운전불이행,건조,맑음,교차로 - 교차로안,승용,여,50세,상해없음,승용,남,34세,부상신고
2019110900100549,2019년 11월 9일 17시,토요일,광주광역시 북구 풍향동,중상사고,0,1,4,0,차대차 - 측면충돌,교차로운행방법위반,건조,맑음,교차로 - 교차로안,승용,남,24세,경상,승용,남,47세,경상
2019110900100550,2019년 11월 9일 17시,토요일,광주광역시 광산구 흑석동,경상사고,0,0,1,0,차대차 - 추돌,안전운전불이행,건조,맑음,단일로 - 기타,승용,남,24세,상해없음,승용,여,48세,경상
2019110900100617,2019년 11월 9일 18시,토요일,광주광역시 광산구 월계동,경상사고,0,0,1,0,차대차 - 기타,신호위반,건조,맑음,교차로 - 교차로안,승용,여,32세,상해없음,자전거,남,19세,경상
2019110900100618,2019년 11월 9일 18시,토요일,광주광역시 광산구 우산동,경상사고,0,0,1,0,차대차 - 측면충돌,안전거리미확보,건조,맑음,단일로 - 기타,승용,남,62세,상해없음,승용,여,56세,경상
2019110900100619,2019년 11월 9일 18시,토요일,광주광역시 광산구 수완동,경상사고,0,0,1,0,차대차 - 추돌,안전운전불이행,건조,맑음,단일로 - 기타,승용,남,62세,상해없음,승용,여,30세,경상
2019110900100649,2019년 11월 9일 19시,토요일,광주광역시 서구 쌍촌동,경상사고,0,0,3,0,차대차 - 측면충돌,교차로운행방법위반,건조,맑음,교차로 - 교차로안,승용,남,46세,경상,승용,여,27세,경상
2019110900100677,2019년 11월 9일 20시,토요일,광주광역시 북구 용봉동,경상사고,0,0,1,0,차대사람 - 횡단중,보행자보호의무위반,건조,맑음,교차로 - 교차로횡단보도내,승용,남,20세,상해없음,보행자,남,46세,경상
2019110900100740,2019년 11월 9일 23시,토요일,광주광역시 남구 주월동,경상사고,0,0,1,0,차대차 - 측면충돌,중앙선침범,건조,맑음,교차로 - 교차로부근,승용,남,67세,상해없음,승용,남,64세,경상
2019111000100140,2019년 11월 10일 08시,일요일,광주광역시 광산구 하남동,경상사고,0,0,1,0,차대차 - 기타,안전운전불이행,건조,맑음,교차로 - 교차로부근,승용,남,23세,상해없음,승용,남,41세,경상
2019111000100182,2019년 11월 10일 10시,일요일,광주광역시 북구 우산동,사망사고,1,0,0,0,차대차 - 기타,안전운전불이행,건조,맑음,단일로 - 기타,자전거,남,77세,사망,승용,남,63세,상해없음
2019111000100224,2019년 11월 10일 12시,일요일,광주광역시 동구 산수동,경상사고,0,0,1,0,차대차 - 기타,불법유턴,건조,맑음,단일로 - 기타,승용,남,52세,상해없음,이륜,남,23세,경상
2019111000100225,2019년 11월 10일 12시,일요일,광주광역시 서구 유촌동,경상사고,0,0,1,0,차대차 - 측면충돌,교차로운행방법위반,건조,맑음,교차로 - 교차로안,승용,여,51세,상해없음,승용,남,49세,경상
2019111000100254,2019년 11월 10일 13시,일요일,광주광역시 서구 벽진동,경상사고,0,0,1,0,차대차 - 측면충돌,안전운전불이행,건조,맑음,단일로 - 기타,승용,여,41세,상해없음,승용,남,66세,경상
2019111000100286,2019년 11월 10일 14시,일요일,광주광역시 서구 쌍촌동,경상사고,0,0,1,0,차대차 - 측면충돌,안전운전불이행,건조,맑음,교차로 - 교차로안,승용,여,58세,상해없음,승용,남,53세,경상
2019111000100315,2019년 11월 10일 15시,일요일,광주광역시 서구 유촌동,경상사고,0,0,1,0,차대차 - 기타,신호위반,건조,맑음,교차로 - 교차로횡단보도내,승용,남,44세,상해없음,자전거,남,7세,경상
2019111000100316,2019년 11월 10일 15시,일요일,광주광역시 광산구 수완동,경상사고,0,0,2,0,차대차 - 추돌,안전운전불이행,건조,맑음,단일로 - 기타,승용,남,33세,상해없음,승용,남,54세,경상
2019111000100377,2019년 11월 10일 17시,일요일,광주광역시 동구 학동,경상사고,0,0,2,0,차대차 - 기타,불법유턴,건조,맑음,단일로 - 기타,화물,남,67세,상해없음,승용,남,64세,경상
2019111000100500,2019년 11월 10일 19시,일요일,광주광역시 서구 치평동,경상사고,0,0,1,0,차대차 - 측면충돌,신호위반,젖음/습기,비,교차로 - 교차로안,기타불명,기타불명,미분류,기타불명,승용,여,39세,경상
2019111000100501,2019년 11월 10일 19시,일요일,광주광역시 북구 양산동,경상사고,0,0,1,0,차대차 - 측면충돌,안전운전불이행,젖음/습기,비,단일로 - 기타,기타불명,기타불명,미분류,기타불명,승용,남,32세,경상
2019111000100556,2019년 11월 10일 20시,일요일,광주광역시 동구 지산동,경상사고,0,0,1,0,차대차 - 추돌,안전운전불이행,건조,맑음,단일로 - 기타,승용,남,54세,기타불명,승용,남,58세,경상
2019111000100557,2019년 11월 10일 20시,일요일,광주광역시 북구 오치동,경상사고,0,0,3,0,차대차 - 측면충돌,안전운전불이행,젖음/습기,비,교차로 - 교차로안,승용,여,46세,경상,승용,여,56세,경상
2019111000100558,2019년 11월 10일 20시,일요일,광주광역시 광산구 신가동,중상사고,0,1,1,0,차대차 - 측면충돌,안전운전불이행,젖음/습기,맑음,단일로 - 기타,이륜,남,28세,중상,승용,남,53세,경상
2019111000100593,2019년 11월 10일 21시,일요일,광주광역시 북구 두암동,부상신고사고,0,0,0,1,차대사람 - 기타,안전운전불이행,젖음/습기,비,기타 - 기타,승용,남,30세,상해없음,보행자,여,7세,부상신고
2019111000100594,2019년 11월 10일 21시,일요일,광주광역시 광산구 월곡동,경상사고,0,0,6,0,차대차 - 측면충돌,안전거리미확보,건조,맑음,단일로 - 기타,승용,여,40세,상해없음,승용,남,50세,경상
2019111000100627,2019년 11월 10일 22시,일요일,광주광역시 북구 운암동,경상사고,0,0,1,0,차대차 - 기타,안전운전불이행,젖음/습기,비,단일로 - 기타,승용,남,63세,상해없음,화물,남,53세,경상
2019111100100041,2019년 11월 11일 00시,월요일,광주광역시 서구 화정동,경상사고,0,0,2,0,차대차 - 측면충돌,신호위반,젖음/습기,비,교차로 - 교차로안,승용,남,57세,상해없음,승용,남,34세,경상
2019111100100050,2019년 11월 11일 01시,월요일,광주광역시 북구 신안동,경상사고,0,0,1,0,차대차 - 추돌,안전운전불이행,건조,맑음,교차로 - 교차로부근,승용,남,60세,상해없음,승용,남,29세,경상
2019111100100065,2019년 11월 11일 04시,월요일,광주광역시 북구 각화동,경상사고,0,0,2,0,차대차 - 측면충돌,신호위반,건조,맑음,교차로 - 교차로안,승용,여,59세,경상,승용,남,42세,경상
2019111100100129,2019년 11월 11일 07시,월요일,광주광역시 서구 금호동,경상사고,0,0,1,0,차대차 - 추돌,안전운전불이행,건조,맑음,단일로 - 기타,승용,남,52세,상해없음,승용,남,40세,경상
2019111100100130,2019년 11월 11일 07시,월요일,광주광역시 남구 송하동,경상사고,0,0,1,0,차대차 - 측면충돌,신호위반,건조,맑음,교차로 - 교차로안,승용,남,55세,상해없음,승용,여,54세,경상
2019111100100131,2019년 11월 11일 07시,월요일,광주광역시 광산구 소촌동,경상사고,0,0,1,0,차량단독 - 전도전복 - 전도,안전운전불이행,건조,맑음,단일로 - 기타,원동기,남,67세,경상,,,,
2019111100100182,2019년 11월 11일 08시,월요일,광주광역시 서구 치평동,경상사고,0,0,1,0,차대차 - 기타,신호위반,젖음/습기,흐림,교차로 - 교차로안,승용,여,39세,상해없음,승용,여,34세,경상
2019111100100218,2019년 11월 11일 09시,월요일,광주광역시 남구 진월동,경상사고,0,0,1,0,차대차 - 측면충돌,교차로운행방법위반,건조,맑음,교차로 - 교차로안,승용,여,31세,상해없음,승용,남,27세,경상
2019111100100219,2019년 11월 11일 09시,월요일,광주광역시 북구 각화동,경상사고,0,0,1,0,차대차 - 추돌,안전운전불이행,건조,맑음,단일로 - 기타,승용,남,25세,상해없음,승용,남,25세,경상
2019111100100220,2019년 11월 11일 09시,월요일,광주광역시 광산구 신창동,경상사고,0,0,4,0,차대차 - 측면충돌,차로위반,건조,맑음,단일로 - 기타,승용,남,68세,경상,화물,남,28세,경상
2019111100100266,2019년 11월 11일 10시,월요일,광주광역시 광산구 수완동,경상사고,0,0,3,0,차대차 - 측면충돌,안전거리미확보,건조,맑음,단일로 - 기타,승용,남,45세,경상,화물,남,38세,경상
2019111100100306,2019년 11월 11일 11시,월요일,광주광역시 서구 마륵동,중상사고,0,1,0,0,차대차 - 기타,차로위반,젖음/습기,맑음,단일로 - 기타,승용,남,66세,상해없음,이륜,남,38세,중상
2019111100100344,2019년 11월 11일 12시,월요일,광주광역시 동구 호남동,경상사고,0,0,3,0,차대차 - 측면충돌,안전거리미확보,건조,흐림,교차로 - 교차로안,승용,남,20세,경상,승용,여,60세,경상
2019111100100345,2019년 11월 11일 12시,월요일,광주광역시 서구 치평동,부상신고사고,0,0,0,1,차대차 - 추돌,안전운전불이행,건조,맑음,단일로 - 기타,승용,남,29세,상해없음,승용,남,24세,부상신고
2019111100100346,2019년 11월 11일 12시,월요일,광주광역시 북구 문흥동,중상사고,0,2,0,0,차대차 - 측면충돌,안전거리미확보,건조,맑음,단일로 - 기타,승용,여,36세,상해없음,이륜,남,65세,중상
2019111100100347,2019년 11월 11일 12시,월요일,광주광역시 광산구 장덕동,경상사고,0,0,2,0,차대차 - 기타,교차로운행방법위반,건조,맑음,교차로 - 교차로안,승용,여,53세,상해없음,승용,여,44세,경상
2019111100100389,2019년 11월 11일 13시,월요일,광주광역시 서구 화정동,경상사고,0,0,1,0,차대차 - 측면충돌,직진우회전진행방해,건조,맑음,교차로 - 교차로안,승용,여,34세,상해없음,이륜,남,89세,경상
2019111100100390,2019년 11월 11일 13시,월요일,광주광역시 서구 화정동,경상사고,0,0,1,0,차대차 - 기타,안전운전불이행,건조,맑음,단일로 - 기타,승용,여,62세,상해없음,승용,여,25세,경상
2019111100100420,2019년 11월 11일 14시,월요일,광주광역시 서구 양동,중상사고,0,1,0,0,차대차 - 기타,교차로운행방법위반,건조,맑음,교차로 - 교차로안,승용,남,63세,상해없음,이륜,남,69세,중상
2019111100100465,2019년 11월 11일 15시,월요일,광주광역시 서구 광천동,경상사고,0,0,2,0,차대차 - 측면충돌,안전운전불이행,건조,맑음,단일로 - 기타,승용,남,25세,상해없음,승용,남,24세,경상
2019111100100466,2019년 11월 11일 15시,월요일,광주광역시 남구 주월동,중상사고,0,1,0,0,차대차 - 측면충돌,안전운전불이행,건조,맑음,단일로 - 기타,승용,남,62세,상해없음,자전거,남,68세,중상
2019111100100510,2019년 11월 11일 16시,월요일,광주광역시 북구 두암동,경상사고,0,0,1,0,차대차 - 기타,교차로운행방법위반,건조,맑음,교차로 - 교차로부근,승용,남,74세,상해없음,승용,남,58세,경상
2019111100100562,2019년 11월 11일 17시,월요일,광주광역시 광산구 수완동,경상사고,0,0,1,0,차대차 - 측면충돌,차로위반,건조,맑음,단일로 - 기타,승용,남,41세,상해없음,승용,여,56세,경상
2019111100100617,2019년 11월 11일 18시,월요일,광주광역시 동구 서석동,경상사고,0,0,1,0,차대사람 - 횡단중,보행자보호의무위반,건조,맑음,교차로 - 교차로횡단보도내,승용,남,30세,상해없음,보행자,남,19세,경상
2019111100100689,2019년 11월 11일 20시,월요일,광주광역시 동구 계림동,경상사고,0,0,1,0,차대사람 - 기타,신호위반,건조,맑음,교차로 - 교차로안,승용,남,69세,상해없음,보행자,여,71세,경상
2019111100100690,2019년 11월 11일 20시,월요일,광주광역시 동구 산수동,경상사고,0,0,2,0,차대차 - 측면충돌,안전운전불이행,건조,맑음,교차로 - 교차로부근,승용,남,61세,상해없음,승용,남,36세,경상
2019111100100691,2019년 11월 11일 20시,월요일,광주광역시 서구 풍암동,경상사고,0,0,1,0,차대차 - 측면충돌,신호위반,건조,맑음,교차로 - 교차로안,승용,남,70세,상해없음,이륜,남,60세,경상
2019111100100692,2019년 11월 11일 20시,월요일,광주광역시 북구 신안동,경상사고,0,0,2,0,차대차 - 측면충돌,직진우회전진행방해,건조,맑음,교차로 - 교차로안,승용,남,64세,상해없음,승용,남,25세,상해없음
2019111100100693,2019년 11월 11일 20시,월요일,광주광역시 북구 문흥동,경상사고,0,0,1,0,차대차 - 기타,안전운전불이행,건조,맑음,단일로 - 기타,승용,남,33세,상해없음,이륜,남,18세,경상
2019111100100694,2019년 11월 11일 20시,월요일,광주광역시 광산구 신가동,중상사고,0,1,0,0,차대차 - 기타,신호위반,건조,맑음,교차로 - 교차로안,이륜,남,19세,상해없음,이륜,남,41세,중상
2019111100100723,2019년 11월 11일 21시,월요일,광주광역시 서구 광천동,중상사고,0,1,1,0,차대차 - 측면충돌,신호위반,건조,맑음,교차로 - 교차로안,승용,남,54세,상해없음,승용,남,49세,중상
2019111100100752,2019년 11월 11일 22시,월요일,광주광역시 북구 일곡동,중상사고,0,1,0,0,차대사람 - 기타,안전운전불이행,건조,맑음,교차로 - 교차로안,승용,여,30세,상해없음,보행자,남,36세,중상
2019111100100766,2019년 11월 11일 23시,월요일,광주광역시 광산구 신가동,경상사고,0,0,1,0,차대차 - 측면충돌,안전운전불이행,건조,맑음,교차로 - 교차로안,승용,남,28세,상해없음,승용,남,29세,경상
2019111200100033,2019년 11월 12일 00시,화요일,광주광역시 북구 양산동,경상사고,0,0,1,0,차대차 - 기타,안전운전불이행,건조,맑음,단일로 - 기타,승용,남,58세,상해없음,승용,남,32세,경상
2019111200100105,2019년 11월 12일 07시,화요일,광주광역시 서구 풍암동,경상사고,0,0,1,0,차대차 - 기타,안전운전불이행,건조,맑음,교차로 - 교차로안,승용,남,65세,상해없음,승용,남,72세,상해없음
2019111200100106,2019년 11월 12일 07시,화요일,광주광역시 서구 양동,중상사고,0,1,0,0,차대차 - 측면충돌,안전운전불이행,건조,맑음,교차로 - 교차로부근,자전거,남,64세,중상,화물,남,45세,상해없음
2019111200100107,2019년 11월 12일 07시,화요일,광주광역시 북구 동림동,중상사고,0,1,0,0,차대사람 - 길가장자리구역통행중,안전운전불이행,건조,맑음,단일로 - 교량,승용,여,29세,상해없음,보행자,남,65세,중상
2019111200100157,2019년 11월 12일 08시,화요일,광주광역시 광산구 안청동,경상사고,0,0,1,0,차대차 - 측면충돌,불법유턴,건조,맑음,교차로 - 교차로안,승용,남,28세,상해없음,승용,남,32세,경상
2019111200100226,2019년 11월 12일 10시,화요일,광주광역시 남구 주월동,경상사고,0,0,1,0,차대차 - 측면충돌,교차로운행방법위반,건조,맑음,교차로 - 교차로안,승용,남,61세,경상,승합,남,29세,상해없음
2019111200100287,2019년 11월 12일 12시,화요일,광주광역시 동구 동명동,경상사고,0,0,1,0,차대차 - 기타,안전운전불이행,건조,맑음,단일로 - 기타,승용,남,63세,상해없음,이륜,남,22세,경상
2019111200100313,2019년 11월 12일 13시,화요일,광주광역시 북구 유동,경상사고,0,0,1,1,차대차 - 측면충돌,안전운전불이행,건조,맑음,교차로 - 교차로안,화물,여,59세,부상신고,승용,남,34세,경상
2019111200100419,2019년 11월 12일 16시,화요일,광주광역시 서구 화정동,경상사고,0,0,2,0,차대차 - 측면충돌,안전운전불이행,건조,맑음,교차로 - 교차로부근,승용,남,47세,상해없음,승용,남,19세,경상
2019111200100420,2019년 11월 12일 16시,화요일,광주광역시 남구 방림동,중상사고,0,1,0,0,차대사람 - 기타,안전운전불이행,건조,맑음,단일로 - 기타,화물,남,54세,상해없음,보행자,남,59세,중상
2019111200100469,2019년 11월 12일 17시,화요일,광주광역시 남구 진월동,경상사고,0,0,1,0,차대차 - 측면충돌,교차로운행방법위반,건조,맑음,교차로 - 교차로안,승용,여,59세,상해없음,승용,여,53세,경상
2019111200100470,2019년 11월 12일 17시,화요일,광주광역시 북구 각화동,중상사고,0,1,0,0,차대사람 - 기타,안전운전불이행,건조,맑음,교차로 - 교차로부근,건설기계,남,51세,상해없음,보행자,여,61세,중상
2019111200100471,2019년 11월 12일 17시,화요일,광주광역시 광산구 수완동,경상사고,0,0,3,0,차대차 - 측면충돌,차로위반,건조,맑음,교차로 - 교차로부근,승용,여,67세,상해없음,승용,여,38세,경상
2019111200100528,2019년 11월 12일 18시,화요일,광주광역시 서구 광천동,경상사고,0,0,1,0,차대사람 - 기타,안전운전불이행,건조,맑음,단일로 - 기타,기타불명,기타불명,미분류,기타불명,보행자,여,59세,경상
2019111200100529,2019년 11월 12일 18시,화요일,광주광역시 서구 유촌동,경상사고,0,0,2,0,차대차 - 추돌,안전운전불이행,건조,맑음,교차로 - 교차로부근,승합,남,34세,상해없음,승용,남,36세,경상
2019111200100570,2019년 11월 12일 19시,화요일,광주광역시 서구 유촌동,경상사고,0,0,1,0,차대차 - 기타,직진우회전진행방해,건조,맑음,교차로 - 교차로안,승합,남,64세,상해없음,승용,여,48세,경상
2019111200100595,2019년 11월 12일 20시,화요일,광주광역시 북구 두암동,경상사고,0,0,1,0,차대사람 - 기타,안전운전불이행,건조,맑음,단일로 - 기타,승용,여,46세,상해없음,보행자,남,34세,경상
2019111200100626,2019년 11월 12일 21시,화요일,광주광역시 광산구 월계동,중상사고,0,1,0,0,차대사람 - 기타,안전운전불이행,건조,맑음,단일로 - 기타,승용,남,64세,상해없음,보행자,남,48세,중상
2019111200100647,2019년 11월 12일 22시,화요일,광주광역시 광산구 쌍암동,경상사고,0,0,1,0,차대차 - 측면충돌,안전거리미확보,건조,맑음,교차로 - 교차로안,승용,여,53세,상해없음,승용,남,52세,경상
2019111300100037,2019년 11월 13일 00시,수요일,광주광역시 남구 월산동,중상사고,0,1,4,0,차대차 - 측면충돌,신호위반,건조,맑음,교차로 - 교차로안,승용,남,61세,상해없음,승용,남,64세,중상
2019111300100038,2019년 11월 13일 00시,수요일,광주광역시 광산구 월계동,경상사고,0,0,2,0,차대차 - 측면충돌,안전운전불이행,건조,맑음,교차로 - 교차로안,화물,남,60세,상해없음,원동기,남,18세,경상
2019111300100042,2019년 11월 13일 01시,수요일,광주광역시 광산구 우산동,경상사고,0,0,2,0,차대차 - 기타,안전운전불이행,건조,맑음,기타 - 기타,승용,남,33세,상해없음,승합,남,48세,경상
2019111300100049,2019년 11월 13일 02시,수요일,광주광역시 서구 벽진동,경상사고,0,0,2,0,차대차 - 측면충돌,안전운전불이행,건조,맑음,교차로 - 교차로안,승용,여,46세,상해없음,승용,남,48세,경상
2019111300100050,2019년 11월 13일 02시,수요일,광주광역시 북구 장등동,경상사고,0,0,3,0,차대차 - 측면충돌,신호위반,건조,맑음,교차로 - 교차로안,승용,여,25세,경상,승용,남,26세,경상
2019111300100061,2019년 11월 13일 04시,수요일,광주광역시 광산구 월곡동,경상사고,0,0,2,0,차대차 - 추돌,안전운전불이행,건조,맑음,교차로 - 교차로안,승용,남,26세,상해없음,승용,남,59세,경상
2019111300100073,2019년 11월 13일 05시,수요일,광주광역시 북구 두암동,중상사고,0,1,1,0,차대사람 - 기타,안전운전불이행,건조,맑음,교차로 - 교차로안,승용,여,52세,상해없음,보행자,남,40세,중상
2019111300100092,2019년 11월 13일 06시,수요일,광주광역시 서구 유촌동,경상사고,0,0,2,0,차대차 - 측면충돌,차로위반,건조,맑음,단일로 - 기타,승용,여,70세,경상,승용,남,47세,경상
2019111300100115,2019년 11월 13일 07시,수요일,광주광역시 광산구 운수동,경상사고,0,0,1,0,차대차 - 기타,차로위반,건조,맑음,단일로 - 기타,승용,여,72세,상해없음,화물,남,58세,경상
2019111300100208,2019년 11월 13일 10시,수요일,광주광역시 남구 월산동,경상사고,0,0,2,0,차대차 - 측면충돌,교차로운행방법위반,건조,맑음,교차로 - 교차로부근,승용,남,67세,상해없음,승용,남,42세,경상
2019111300100209,2019년 11월 13일 10시,수요일,광주광역시 북구 용봉동,경상사고,0,0,3,0,차대차 - 측면충돌,안전운전불이행,건조,맑음,교차로 - 교차로횡단보도내,승용,남,34세,경상,승용,남,21세,경상
2019111300100242,2019년 11월 13일 11시,수요일,광주광역시 북구 양산동,경상사고,0,0,1,0,차대차 - 측면충돌,안전운전불이행,건조,맑음,단일로 - 기타,승용,남,56세,상해없음,이륜,남,58세,경상
2019111300100305,2019년 11월 13일 13시,수요일,광주광역시 광산구 신창동,경상사고,0,0,1,0,차대사람 - 횡단중,안전운전불이행,건조,맑음,교차로 - 교차로횡단보도내,승용,남,75세,상해없음,보행자,남,25세,경상
2019111300100306,2019년 11월 13일 13시,수요일,광주광역시 광산구 우산동,경상사고,0,0,3,1,차대차 - 측면충돌,교차로운행방법위반,건조,맑음,교차로 - 교차로안,승용,남,39세,상해없음,승용,남,38세,경상
2019111300100369,2019년 11월 13일 15시,수요일,광주광역시 남구 진월동,중상사고,0,1,0,0,차대사람 - 기타,안전운전불이행,건조,맑음,교차로 - 교차로부근,승합,남,64세,상해없음,보행자,남,7세,중상
2019111300100370,2019년 11월 13일 15시,수요일,광주광역시 광산구 장덕동,경상사고,0,0,1,0,차대차 - 측면충돌,신호위반,건조,맑음,교차로 - 교차로안,화물,남,63세,상해없음,승용,여,60세,경상
2019111300100461,2019년 11월 13일 17시,수요일,광주광역시 서구 풍암동,경상사고,0,0,1,0,차대차 - 측면충돌,안전운전불이행,건조,맑음,단일로 - 기타,화물,남,67세,상해없음,승용,여,30세,경상
2019111300100462,2019년 11월 13일 17시,수요일,광주광역시 북구 우산동,경상사고,0,0,1,0,차대차 - 기타,안전운전불이행,건조,맑음,교차로 - 교차로안,이륜,남,30세,경상,승용,남,30세,상해없음
2019111300100463,2019년 11월 13일 17시,수요일,광주광역시 광산구 신창동,중상사고,0,1,0,0,차대차 - 측면충돌,신호위반,건조,맑음,교차로 - 교차로안,승용,남,36세,상해없음,이륜,남,19세,중상