사고번호,사고일시,요일,시군구,사고내용,사망자수,중상자수,경상자수,부상신고자수,사고유형,법규위반,노면상태,기상상태,도로형태,가해운전자 차종,가해운전자 성별,가해운전자 연령,가해운전자 상해정도,피해운전자 차종,피해운전자 성별,피해운전자 연령,피해운전자 상해정도
2019111300100537,2019년 11월 13일 18시,수요일,광주광역시 서구 농성동,경상사고,0,0,1,0,차대차 - 측면충돌,신호위반,건조,맑음,교차로 - 교차로안,승용,남,36세,상해없음,승용,여,57세,경상
2019111300100538,2019년 11월 13일 18시,수요일,광주광역시 서구 마륵동,경상사고,0,0,1,0,차대차 - 측면충돌,안전운전불이행,건조,맑음,단일로 - 기타,승용,여,37세,상해없음,승용,여,47세,경상
2019111300100539,2019년 11월 13일 18시,수요일,광주광역시 북구 삼각동,경상사고,0,0,1,0,차대차 - 기타,안전운전불이행,젖음/습기,흐림,단일로 - 기타,승용,남,70세,상해없음,승용,여,52세,경상
2019111300100611,2019년 11월 13일 19시,수요일,광주광역시 동구 서석동,경상사고,0,0,1,0,차대차 - 기타,안전거리미확보,젖음/습기,비,단일로 - 기타,화물,남,19세,기타불명,승용,여,47세,경상
2019111300100612,2019년 11월 13일 19시,수요일,광주광역시 서구 쌍촌동,경상사고,0,0,1,0,차대차 - 추돌,안전운전불이행,젖음/습기,비,단일로 - 기타,승용,남,52세,상해없음,승용,남,32세,경상
2019111300100613,2019년 11월 13일 19시,수요일,광주광역시 북구 우산동,부상신고사고,0,0,0,1,차대사람 - 기타,안전운전불이행,건조,맑음,단일로 - 기타,승용,여,54세,상해없음,보행자,남,54세,부상신고
2019111300100661,2019년 11월 13일 20시,수요일,광주광역시 서구 치평동,경상사고,0,0,1,0,차대차 - 기타,신호위반,건조,맑음,교차로 - 교차로안,승용,남,58세,상해없음,승용,남,34세,상해없음
2019111300100690,2019년 11월 13일 21시,수요일,광주광역시 서구 쌍촌동,경상사고,0,0,4,0,차대차 - 측면충돌,안전운전불이행,건조,흐림,교차로 - 교차로부근,승용,남,49세,상해없음,승용,여,25세,경상
2019111300100691,2019년 11월 13일 21시,수요일,광주광역시 남구 진월동,경상사고,0,0,2,0,차량단독 - 공작물충돌,안전운전불이행,젖음/습기,흐림,단일로 - 기타,승용,남,51세,상해없음,,,,
2019111300100714,2019년 11월 13일 22시,수요일,광주광역시 북구 운암동,경상사고,0,0,2,0,차대차 - 측면충돌,차로위반,젖음/습기,비,단일로 - 고가도로위,승용,남,42세,상해없음,승용,남,53세,경상
2019111400100047,2019년 11월 14일 01시,목요일,광주광역시 광산구 신가동,경상사고,0,0,2,0,차대차 - 추돌,안전운전불이행,젖음/습기,비,교차로 - 교차로부근,승용,여,37세,상해없음,승용,남,34세,경상
2019111400100107,2019년 11월 14일 07시,목요일,광주광역시 동구 지산동,경상사고,0,0,2,0,차대차 - 측면충돌,안전거리미확보,건조,맑음,교차로 - 교차로안,원동기,남,58세,경상,승용,남,63세,경상
2019111400100108,2019년 11월 14일 07시,목요일,광주광역시 서구 금호동,경상사고,0,0,2,0,차대차 - 측면충돌,직진우회전진행방해,건조,맑음,교차로 - 교차로안,승용,여,57세,상해없음,승용,여,53세,상해없음
2019111400100109,2019년 11월 14일 07시,목요일,광주광역시 서구 치평동,경상사고,0,0,1,0,차대차 - 측면충돌,신호위반,건조,맑음,교차로 - 교차로안,승용,남,58세,상해없음,승용,남,37세,경상
2019111400100163,2019년 11월 14일 08시,목요일,광주광역시 북구 운암동,경상사고,0,0,1,0,차대차 - 추돌,안전운전불이행,건조,맑음,단일로 - 기타,화물,남,30세,상해없음,승용,남,50세,경상
2019111400100210,2019년 11월 14일 09시,목요일,광주광역시 광산구 장록동,경상사고,0,0,1,0,차대차 - 추돌,안전거리미확보,건조,맑음,단일로 - 기타,건설기계,남,63세,상해없음,승용,남,44세,경상
2019111400100252,2019년 11월 14일 10시,목요일,광주광역시 서구 치평동,경상사고,0,0,2,0,차대차 - 측면충돌,안전운전불이행,건조,맑음,단일로 - 기타,승용,여,54세,경상,승용,여,59세,경상
2019111400100417,2019년 11월 14일 14시,목요일,광주광역시 북구 유동,경상사고,0,0,1,0,차대사람 - 기타,안전운전불이행,건조,맑음,단일로 - 기타,승합,남,61세,상해없음,보행자,여,69세,경상
2019111400100418,2019년 11월 14일 14시,목요일,광주광역시 광산구 용동,경상사고,0,0,1,1,차대차 - 정면충돌,교차로운행방법위반,건조,맑음,교차로 - 교차로안,승용,여,52세,부상신고,승용,여,34세,경상
2019111400100449,2019년 11월 14일 15시,목요일,광주광역시 서구 농성동,사망사고,1,0,0,0,차대사람 - 기타,중앙선침범,건조,맑음,단일로 - 기타,승용,여,40세,상해없음,보행자,남,77세,사망
2019111400100450,2019년 11월 14일 15시,목요일,광주광역시 광산구 소촌동,중상사고,0,1,0,0,차대사람 - 차도통행중,보행자보호의무위반,건조,맑음,단일로 - 기타,승용,남,27세,상해없음,보행자,여,10세,중상
2019111400100505,2019년 11월 14일 16시,목요일,광주광역시 남구 주월동,중상사고,0,1,2,0,차대차 - 측면충돌,안전운전불이행,건조,맑음,교차로 - 교차로안,이륜,남,49세,중상,승용,남,64세,경상
2019111400100506,2019년 11월 14일 16시,목요일,광주광역시 광산구 송정동,경상사고,0,0,2,0,차대차 - 측면충돌,교차로운행방법위반,건조,맑음,교차로 - 교차로횡단보도내,화물,남,43세,상해없음,승용,남,19세,경상
2019111400100568,2019년 11월 14일 17시,목요일,광주광역시 서구 쌍촌동,경상사고,0,0,1,0,차대차 - 기타,중앙선침범,건조,맑음,단일로 - 기타,승용,남,70세,상해없음,이륜,남,37세,경상
2019111400100569,2019년 11월 14일 17시,목요일,광주광역시 서구 쌍촌동,경상사고,0,0,1,0,차대차 - 측면충돌,차로위반,건조,맑음,단일로 - 기타,이륜,남,22세,상해없음,승용,남,59세,상해없음
2019111400100570,2019년 11월 14일 17시,목요일,광주광역시 남구 주월동,경상사고,0,0,1,0,차대차 - 기타,안전거리미확보,건조,맑음,교차로 - 교차로안,승용,여,55세,상해없음,승용,남,66세,경상
2019111400100631,2019년 11월 14일 18시,목요일,광주광역시 서구 쌍촌동,부상신고사고,0,0,0,1,차대차 - 측면충돌,안전운전불이행,건조,맑음,교차로 - 교차로안,개인형이동수단(PM),남,27세,부상신고,승용,남,63세,상해없음
2019111400100632,2019년 11월 14일 18시,목요일,광주광역시 남구 주월동,경상사고,0,0,2,0,차대차 - 측면충돌,신호위반,건조,맑음,단일로 - 기타,기타불명,남,23세,경상,승용,남,37세,경상
2019111400100633,2019년 11월 14일 18시,목요일,광주광역시 북구 임동,경상사고,0,0,1,0,차대차 - 측면충돌,안전운전불이행,건조,맑음,교차로 - 교차로안,승용,남,61세,상해없음,승용,남,44세,경상
2019111400100634,2019년 11월 14일 18시,목요일,광주광역시 광산구 우산동,경상사고,0,0,1,0,차대차 - 추돌,안전운전불이행,건조,맑음,교차로 - 교차로부근,승용,남,47세,상해없음,승용,남,53세,경상
2019111400100682,2019년 11월 14일 19시,목요일,광주광역시 서구 풍암동,경상사고,0,0,1,0,차대사람 - 횡단중,안전운전불이행,건조,맑음,단일로 - 기타,화물,남,56세,상해없음,보행자,남,49세,경상
2019111400100721,2019년 11월 14일 20시,목요일,광주광역시 광산구 소촌동,경상사고,0,0,1,0,차대차 - 추돌,안전운전불이행,건조,맑음,교차로 - 교차로안,이륜,남,20세,상해없음,승용,여,27세,경상
2019111400100722,2019년 11월 14일 20시,목요일,광주광역시 광산구 신가동,경상사고,0,0,1,0,차대차 - 정면충돌,교차로운행방법위반,건조,맑음,교차로 - 교차로안,승용,여,28세,상해없음,승용,남,55세,경상
2019111400100743,2019년 11월 14일 21시,목요일,광주광역시 서구 풍암동,경상사고,0,0,1,0,차대사람 - 차도통행중,안전운전불이행,건조,맑음,단일로 - 기타,승용,남,72세,상해없음,보행자,여,26세,경상
2019111400100744,2019년 11월 14일 21시,목요일,광주광역시 북구 양산동,경상사고,0,0,4,0,차대차 - 측면충돌,교차로운행방법위반,건조,맑음,교차로 - 교차로안,승용,남,24세,상해없음,승용,남,22세,경상
2019111400100771,2019년 11월 14일 22시,목요일,광주광역시 광산구 신가동,중상사고,0,1,0,0,차대사람 - 횡단중,과속,건조,맑음,교차로 - 교차로부근,승용,남,36세,상해없음,보행자,남,38세,중상
2019111500100048,2019년 11월 15일 01시,금요일,광주광역시 서구 벽진동,경상사고,0,0,2,1,차대차 - 기타,신호위반,건조,맑음,교차로 - 교차로안,승용,남,60세,부상신고,승용,남,25세,경상
2019111500100049,2019년 11월 15일 01시,금요일,광주광역시 북구 두암동,경상사고,0,0,1,0,차량단독 - 기타,안전운전불이행,건조,맑음,교차로 - 교차로안,승용,남,25세,상해없음,,,,
2019111500100060,2019년 11월 15일 03시,금요일,광주광역시 남구 주월동,경상사고,0,0,1,0,차대차 - 측면충돌,기타,건조,맑음,교차로 - 교차로안,승합,남,47세,상해없음,승용,남,63세,상해없음
2019111500100102,2019년 11월 15일 06시,금요일,광주광역시 남구 주월동,중상사고,0,1,0,0,차대차 - 기타,신호위반,건조,맑음,교차로 - 교차로안,승용,남,61세,상해없음,개인형이동수단(PM),여,50세,중상
2019111500100103,2019년 11월 15일 06시,금요일,광주광역시 남구 주월동,경상사고,0,0,1,0,차대차 - 기타,안전거리미확보,건조,맑음,교차로 - 교차로부근,승용,여,58세,상해없음,승용,여,43세,경상
2019111500100131,2019년 11월 15일 07시,금요일,광주광역시 광산구 용동,부상신고사고,0,0,0,1,차대차 - 측면충돌,교차로운행방법위반,건조,맑음,교차로 - 교차로안,승용,남,41세,상해없음,원동기,남,19세,부상신고
2019111500100181,2019년 11월 15일 08시,금요일,광주광역시 서구 유촌동,경상사고,0,0,1,0,차대차 - 추돌,안전거리미확보,건조,맑음,단일로 - 지하차도(도로)내,승용,남,71세,상해없음,승용,여,43세,경상
2019111500100182,2019년 11월 15일 08시,금요일,광주광역시 남구 방림동,중상사고,0,1,0,0,차대차 - 측면충돌,교차로운행방법위반,건조,맑음,교차로 - 교차로안,승용,여,46세,상해없음,자전거,남,77세,중상
2019111500100183,2019년 11월 15일 08시,금요일,광주광역시 북구 운암동,중상사고,0,1,3,0,차대차 - 추돌,안전운전불이행,건조,맑음,단일로 - 기타,승용,여,34세,중상,승용,여,31세,경상
2019111500100184,2019년 11월 15일 08시,금요일,광주광역시 광산구 우산동,경상사고,0,0,3,0,차대차 - 추돌,안전거리미확보,건조,맑음,단일로 - 기타,승용,여,49세,경상,승용,남,45세,경상
2019111500100185,2019년 11월 15일 08시,금요일,광주광역시 광산구 우산동,경상사고,0,0,1,0,차대차 - 추돌,안전거리미확보,건조,맑음,단일로 - 기타,승용,남,29세,상해없음,승용,여,49세,경상
2019111500100233,2019년 11월 15일 09시,금요일,광주광역시 동구 금남로5가,경상사고,0,0,1,0,차대차 - 기타,교차로운행방법위반,건조,맑음,교차로 - 교차로안,승용,남,64세,상해없음,승용,남,63세,상해없음
2019111500100234,2019년 11월 15일 09시,금요일,광주광역시 북구 운암동,경상사고,0,0,1,0,차대차 - 기타,안전운전불이행,건조,맑음,단일로 - 기타,승용,여,62세,상해없음,승용,남,51세,경상
2019111500100277,2019년 11월 15일 10시,금요일,광주광역시 남구 월산동,경상사고,0,0,1,0,차대차 - 측면충돌,안전운전불이행,건조,맑음,교차로 - 교차로부근,승용,남,76세,상해없음,승용,남,36세,경상
2019111500100278,2019년 11월 15일 10시,금요일,광주광역시 광산구 쌍암동,부상신고사고,0,0,0,1,차대차 - 추돌,안전거리미확보,건조,맑음,교차로 - 교차로부근,화물,남,60세,상해없음,승용,남,35세,부상신고
2019111500100328,2019년 11월 15일 11시,금요일,광주광역시 북구 두암동,경상사고,0,0,1,0,차대사람 - 횡단중,안전운전불이행,건조,맑음,교차로 - 교차로부근,승용,여,60세,상해없음,보행자,여,82세,경상
2019111500100329,2019년 11월 15일 11시,금요일,광주광역시 북구 운암동,경상사고,0,0,2,0,차대차 - 추돌,안전거리미확보,건조,맑음,단일로 - 기타,승용,남,37세,상해없음,승용,남,57세,경상
2019111500100373,2019년 11월 15일 12시,금요일,광주광역시 서구 농성동,경상사고,0,0,2,0,차대차 - 측면충돌,안전운전불이행,건조,맑음,단일로 - 기타,승용,남,37세,경상,화물,남,60세,상해없음
2019111500100413,2019년 11월 15일 13시,금요일,광주광역시 남구 주월동,중상사고,0,1,0,0,차대사람 - 차도통행중,안전운전불이행,건조,맑음,단일로 - 기타,승용,남,39세,상해없음,보행자,여,17세,중상
2019111500100457,2019년 11월 15일 14시,금요일,광주광역시 동구 지산동,경상사고,0,0,1,0,차대사람 - 횡단중,보행자보호의무위반,건조,맑음,단일로 - 기타,승용,여,72세,상해없음,보행자,여,61세,경상
2019111500100458,2019년 11월 15일 14시,금요일,광주광역시 북구 운암동,경상사고,0,0,1,0,차대차 - 기타,안전운전불이행,건조,맑음,단일로 - 기타,기타불명,기타불명,미분류,기타불명,자전거,여,53세,경상
2019111500100499,2019년 11월 15일 15시,금요일,광주광역시 서구 치평동,경상사고,0,0,1,0,차대차 - 측면충돌,신호위반,건조,맑음,교차로 - 교차로안,승용,남,34세,상해없음,이륜,남,52세,경상
2019111500100500,2019년 11월 15일 15시,금요일,광주광역시 북구 매곡동,경상사고,0,0,1,0,차대사람 - 차도통행중,안전운전불이행,건조,맑음,단일로 - 기타,승용,여,57세,상해없음,보행자,남,14세,경상
2019111500100501,2019년 11월 15일 15시,금요일,광주광역시 광산구 월곡동,중상사고,0,1,0,0,차대사람 - 횡단중,보행자보호의무위반,건조,맑음,단일로 - 기타,승용,남,45세,상해없음,보행자,남,56세,중상
2019111500100502,2019년 11월 15일 15시,금요일,광주광역시 광산구 우산동,중상사고,0,3,0,0,차대차 - 추돌,안전거리미확보,건조,맑음,단일로 - 기타,특수,남,61세,상해없음,화물,남,50세,중상
2019111500100542,2019년 11월 15일 16시,금요일,광주광역시 북구 우산동,경상사고,0,0,1,0,차대사람 - 기타,안전운전불이행,건조,맑음,단일로 - 기타,승용,남,41세,상해없음,보행자,남,65세,경상
2019111500100699,2019년 11월 15일 18시,금요일,광주광역시 남구 백운동,경상사고,0,0,1,0,차대차 - 측면충돌,안전운전불이행,건조,맑음,교차로 - 교차로안,승용,남,37세,상해없음,승용,남,60세,경상
2019111500100700,2019년 11월 15일 18시,금요일,광주광역시 남구 송하동,경상사고,0,0,1,0,차대차 - 후진중충돌,안전운전불이행,건조,맑음,단일로 - 기타,화물,남,69세,상해없음,승용,남,42세,경상
2019111500100701,2019년 11월 15일 18시,금요일,광주광역시 북구 오치동,중상사고,0,1,0,0,차대사람 - 기타,보행자보호의무위반,건조,맑음,단일로 - 기타,승용,남,61세,상해없음,보행자,남,12세,중상
2019111500100702,2019년 11월 15일 18시,금요일,광주광역시 북구 신안동,중상사고,0,1,0,0,차대사람 - 기타,안전운전불이행,건조,맑음,단일로 - 기타,승합,남,77세,상해없음,보행자,여,85세,중상
2019111500100762,2019년 11월 15일 19시,금요일,광주광역시 서구 마륵동,경상사고,0,0,4,0,차대차 - 측면충돌,안전거리미확보,건조,맑음,단일로 - 기타,승용,여,34세,경상,승용,남,38세,경상
2019111500100763,2019년 11월 15일 19시,금요일,광주광역시 북구 운암동,경상사고,0,0,4,0,차대차 - 추돌,안전운전불이행,건조,맑음,단일로 - 고가도로위,승용,남,25세,상해없음,승용,남,55세,경상
2019111500100820,2019년 11월 15일 20시,금요일,광주광역시 북구 용봉동,경상사고,0,0,2,0,차대차 - 측면충돌,차로위반,건조,맑음,교차로 - 교차로안,승용,남,56세,상해없음,승용,여,49세,경상
2019111500100821,2019년 11월 15일 20시,금요일,광주광역시 북구 운암동,경상사고,0,0,2,0,차대차 - 측면충돌,안전운전불이행,건조,맑음,단일로 - 기타,승용,여,26세,경상,이륜,남,21세,경상
2019111500100822,2019년 11월 15일 20시,금요일,광주광역시 광산구 우산동,경상사고,0,0,1,0,차대사람 - 기타,안전운전불이행,건조,맑음,단일로 - 기타,승용,여,46세,상해없음,보행자,남,49세,경상
2019111500100866,2019년 11월 15일 21시,금요일,광주광역시 남구 백운동,부상신고사고,0,0,0,1,차대사람 - 횡단중,안전운전불이행,건조,맑음,단일로 - 기타,승용,남,25세,상해없음,보행자,남,5세,부상신고
2019111500100867,2019년 11월 15일 21시,금요일,광주광역시 광산구 수완동,경상사고,0,0,1,0,차대차 - 추돌,안전운전불이행,건조,맑음,단일로 - 기타,승용,남,33세,상해없음,승용,남,45세,경상
2019111500100928,2019년 11월 15일 23시,금요일,광주광역시 서구 쌍촌동,중상사고,0,1,2,0,차대사람 - 횡단중,중앙선침범,건조,맑음,단일로 - 기타,승용,남,38세,상해없음,보행자,남,36세,중상
2019111600100068,2019년 11월 16일 02시,토요일,광주광역시 서구 치평동,경상사고,0,0,1,0,차대차 - 측면충돌,신호위반,건조,맑음,교차로 - 교차로안,승용,남,22세,상해없음,이륜,남,39세,경상
2019111600100086,2019년 11월 16일 04시,토요일,광주광역시 서구 치평동,경상사고,0,0,2,0,차대차 - 추돌,안전운전불이행,건조,맑음,단일로 - 기타,승용,남,29세,상해없음,승용,남,71세,경상
2019111600100094,2019년 11월 16일 05시,토요일,광주광역시 서구 치평동,중상사고,0,1,0,0,차대사람 - 횡단중,안전운전불이행,건조,맑음,교차로 - 교차로안,화물,남,56세,상해없음,보행자,여,29세,중상
2019111600100113,2019년 11월 16일 06시,토요일,광주광역시 남구 주월동,중상사고,0,1,0,0,차대차 - 측면충돌,신호위반,건조,맑음,교차로 - 교차로안,승용,남,41세,상해없음,자전거,여,58세,중상
2019111600100187,2019년 11월 16일 09시,토요일,광주광역시 서구 치평동,경상사고,0,0,2,0,차대차 - 측면충돌,안전운전불이행,건조,맑음,교차로 - 교차로안,승용,여,57세,경상,승용,남,26세,경상
2019111600100266,2019년 11월 16일 11시,토요일,광주광역시 광산구 송정동,경상사고,0,0,1,0,차대차 - 기타,중앙선침범,건조,맑음,교차로 - 교차로횡단보도내,자전거,남,63세,경상,승용,남,49세,상해없음
2019111600100302,2019년 11월 16일 12시,토요일,광주광역시 남구 방림동,경상사고,0,0,6,0,차대차 - 기타,교차로운행방법위반,건조,맑음,교차로 - 교차로안,승용,여,44세,상해없음,승용,여,65세,경상
2019111600100352,2019년 11월 16일 13시,토요일,광주광역시 남구 월산동,경상사고,0,0,2,0,차대차 - 측면충돌,안전운전불이행,건조,맑음,교차로 - 교차로안,화물,남,23세,상해없음,승용,여,58세,경상
2019111600100353,2019년 11월 16일 13시,토요일,광주광역시 북구 삼각동,중상사고,0,1,0,0,차량단독 - 전도전복 - 전복,안전운전불이행,건조,맑음,기타 - 기타,승용,여,73세,중상,,,,
2019111600100354,2019년 11월 16일 13시,토요일,광주광역시 광산구 우산동,경상사고,0,0,1,0,차대차 - 기타,안전운전불이행,건조,맑음,단일로 - 기타,승용,여,60세,상해없음,승용,여,22세,경상
2019111600100355,2019년 11월 16일 13시,토요일,광주광역시 광산구 산월동,경상사고,0,0,1,0,차대차 - 측면충돌,안전운전불이행,건조,맑음,기타 - 기타,승용,여,53세,상해없음,승용,남,42세,경상
2019111600100394,2019년 11월 16일 14시,토요일,광주광역시 북구 풍향동,경상사고,0,0,2,0,차대차 - 측면충돌,안전운전불이행,건조,맑음,교차로 - 교차로안,승용,남,77세,경상,건설기계,남,49세,상해없음
2019111600100428,2019년 11월 16일 15시,토요일,광주광역시 서구 농성동,경상사고,0,0,2,0,차대차 - 기타,안전운전불이행,건조,맑음,단일로 - 기타,승용,남,36세,상해없음,승용,남,58세,경상
2019111600100429,2019년 11월 16일 15시,토요일,광주광역시 남구 주월동,경상사고,0,0,1,0,차대사람 - 횡단중,보행자보호의무위반,건조,맑음,교차로 - 교차로횡단보도내,화물,남,42세,상해없음,보행자,남,5세,경상
2019111600100473,2019년 11월 16일 16시,토요일,광주광역시 서구 쌍촌동,경상사고,0,0,2,0,차대차 - 추돌,안전거리미확보,건조,맑음,교차로 - 교차로부근,승용,여,35세,상해없음,승용,남,49세,경상
2019111600100474,2019년 11월 16일 16시,토요일,광주광역시 서구 쌍촌동,경상사고,0,0,1,0,차대차 - 측면충돌,안전운전불이행,건조,맑음,단일로 - 기타,승용,남,44세,상해없음,화물,남,39세,경상
2019111600100509,2019년 11월 16일 17시,토요일,광주광역시 서구 유촌동,경상사고,0,0,1,0,차대차 - 측면충돌,안전운전불이행,건조,맑음,단일로 - 기타,승용,남,37세,상해없음,이륜,남,39세,경상
2019111600100510,2019년 11월 16일 17시,토요일,광주광역시 서구 쌍촌동,중상사고,0,1,0,0,차대사람 - 횡단중,보행자보호의무위반,건조,맑음,교차로 - 교차로안,승용,남,67세,상해없음,보행자,여,88세,중상
2019111600100511,2019년 11월 16일 17시,토요일,광주광역시 광산구 운남동,경상사고,0,0,9,0,차대차 - 추돌,안전운전불이행,건조,맑음,단일로 - 교량,화물,남,47세,경상,승용,남,58세,경상
2019111600100512,2019년 11월 16일 17시,토요일,광주광역시 광산구 우산동,경상사고,0,0,1,0,차대차 - 추돌,안전거리미확보,건조,맑음,단일로 - 교량,이륜,남,74세,경상,승용,여,45세,상해없음
2019111600100513,2019년 11월 16일 17시,토요일,광주광역시 광산구 운수동,경상사고,0,0,5,0,차대차 - 측면충돌,안전거리미확보,건조,맑음,단일로 - 기타,승용,여,27세,경상,승용,남,33세,경상
2019111600100560,2019년 11월 16일 18시,토요일,광주광역시 북구 운암동,경상사고,0,0,1,0,차대차 - 추돌,안전거리미확보,건조,맑음,기타 - 기타,승용,여,38세,상해없음,승용,남,21세,경상
2019111600100570,2019년 11월 16일 18시,토요일,광주광역시 동구 소태동,경상사고,0,0,2,0,차대차 - 측면충돌,안전거리미확보,건조,맑음,단일로 - 기타,승용,남,64세,경상,승용,남,70세,경상
2019111600100571,2019년 11월 16일 18시,토요일,광주광역시 서구 광천동,경상사고,0,0,1,0,차량단독 - 기타,안전운전불이행,건조,맑음,단일로 - 기타,승용,남,58세,상해없음,,,,
2019111600100616,2019년 11월 16일 19시,토요일,광주광역시 서구 매월동,경상사고,0,0,2,0,차대차 - 측면충돌,교차로운행방법위반,건조,맑음,교차로 - 교차로안,승용,남,30세,상해없음,승용,남,55세,경상
2019111600100617,2019년 11월 16일 19시,토요일,광주광역시 북구 매곡동,경상사고,0,0,1,0,차대차 - 기타,안전거리미확보,건조,맑음,단일로 - 기타,승용,남,67세,상해없음,승용,남,22세,상해없음
2019111600100618,2019년 11월 16일 19시,토요일,광주광역시 광산구 쌍암동,경상사고,0,0,1,0,차대차 - 기타,안전거리미확보,건조,맑음,단일로 - 기타,이륜,남,41세,상해없음,승용,여,27세,경상
2019111600100702,2019년 11월 16일 22시,토요일,광주광역시 서구 치평동,경상사고,0,0,1,0,차대차 - 측면충돌,안전운전불이행,건조,맑음,교차로 - 교차로안,승용,남,26세,상해없음,승용,남,34세,경상
2019111600100703,2019년 11월 16일 22시,토요일,광주광역시 북구 삼각동,경상사고,0,0,1,0,차대차 - 기타,신호위반,건조,맑음,교차로 - 교차로안,승용,남,69세,상해없음,이륜,남,48세,경상
2019111600100704,2019년 11월 16일 22시,토요일,광주광역시 광산구 쌍암동,경상사고,0,0,2,0,차대차 - 기타,교차로운행방법위반,건조,맑음,교차로 - 교차로안,승용,여,51세,상해없음,화물,남,41세,경상
2019111700100043,2019년 11월 17일 00시,일요일,광주광역시 광산구 산정동,경상사고,0,0,4,0,차대차 - 측면충돌,차로위반,건조,맑음,교차로 - 교차로안,승용,여,48세,경상,승용,남,51세,경상
2019111700100066,2019년 11월 17일 01시,일요일,광주광역시 서구 치평동,경상사고,0,0,1,0,차대사람 - 횡단중,안전운전불이행,건조,맑음,교차로 - 교차로부근,승용,남,45세,상해없음,보행자,남,25세,경상
2019111700100096,2019년 11월 17일 04시,일요일,광주광역시 광산구 수완동,경상사고,0,0,2,0,차대차 - 추돌,안전거리미확보,건조,맑음,단일로 - 기타,승용,남,52세,상해없음,승용,남,48세,상해없음
2019111700100104,2019년 11월 17일 05시,일요일,광주광역시 서구 치평동,경상사고,0,0,3,0,차대차 - 추돌,안전운전불이행,건조,맑음,단일로 - 기타,승용,남,36세,상해없음,승용,남,61세,경상
2019111700100105,2019년 11월 17일 05시,일요일,광주광역시 북구 두암동,경상사고,0,0,1,0,차대차 - 측면충돌,신호위반,건조,맑음,교차로 - 교차로안,승용,남,69세,상해없음,승용,남,30세,경상
2019111700100114,2019년 11월 17일 06시,일요일,광주광역시 서구 농성동,경상사고,0,0,1,0,차량단독 - 기타,안전운전불이행,건조,맑음,단일로 - 기타,승용,남,62세,상해없음,,,,
2019111700100120,2019년 11월 17일 07시,일요일,광주광역시 서구 내방동,중상사고,0,1,1,0,차대차 - 측면충돌,신호위반,건조,맑음,교차로 - 교차로안,이륜,남,22세,중상,승용,여,54세,경상
2019111700100166,2019년 11월 17일 10시,일요일,광주광역시 남구 봉선동,경상사고,0,0,1,0,차대차 - 측면충돌,기타,건조,맑음,단일로 - 기타,승용,남,58세,상해없음,승용,남,53세,경상
2019111700100192,2019년 11월 17일 11시,일요일,광주광역시 북구 오치동,경상사고,0,0,1,0,차대차 - 기타,교차로운행방법위반,건조,맑음,교차로 - 교차로안,승용,여,47세,상해없음,이륜,남,45세,경상
2019111700100249,2019년 11월 17일 13시,일요일,광주광역시 광산구 쌍암동,경상사고,0,0,1,0,차대차 - 정면충돌,안전운전불이행,건조,맑음,단일로 - 기타,승용,남,50세,상해없음,승용,남,58세,상해없음
2019111700100250,2019년 11월 17일 13시,일요일,광주광역시 광산구 우산동,중상사고,0,1,0,0,차대차 - 측면충돌,중앙선침범,건조,맑음,교차로 - 교차로부근,승용,남,28세,상해없음,이륜,남,36세,중상
2019111700100294,2019년 11월 17일 15시,일요일,광주광역시 북구 신안동,경상사고,0,0,1,0,차대차 - 추돌,안전운전불이행,건조,맑음,단일로 - 기타,화물,남,61세,상해없음,승용,남,47세,경상
2019111700100327,2019년 11월 17일 16시,일요일,광주광역시 서구 쌍촌동,경상사고,0,0,5,0,차대차 - 정면충돌,교차로운행방법위반,건조,맑음,단일로 - 기타,이륜,남,69세,경상,승용,남,29세,경상
2019111700100428,2019년 11월 17일 18시,일요일,광주광역시 남구 방림동,경상사고,0,0,1,0,차대차 - 측면충돌,안전거리미확보,건조,맑음,단일로 - 기타,승용,남,62세,상해없음,승용,남,53세,경상
2019111700100535,2019년 11월 17일 20시,일요일,광주광역시 동구 대인동,중상사고,0,1,1,0,차대차 - 측면충돌,신호위반,건조,맑음,교차로 - 교차로안,원동기,남,20세,중상,승용,남,67세,경상
2019111700100536,2019년 11월 17일 20시,일요일,광주광역시 동구 산수동,경상사고,0,0,1,0,차대차 - 측면충돌,안전운전불이행,건조,맑음,교차로 - 교차로안,이륜,남,48세,경상,승용,남,45세,상해없음
2019111700100537,2019년 11월 17일 20시,일요일,광주광역시 광산구 월계동,경상사고,0,0,1,0,차대사람 - 횡단중,보행자보호의무위반,건조,맑음,교차로 - 교차로부근,기타불명,기타불명,미분류,기타불명,보행자,여,19세,경상
2019111700100558,2019년 11월 17일 21시,일요일,광주광역시 북구 신용동,경상사고,0,0,1,0,차대차 - 기타,교차로운행방법위반,건조,맑음,교차로 - 교차로안,기타불명,기타불명,미분류,기타불명,승합,남,55세,상해없음
2019111700100601,2019년 11월 17일 23시,일요일,광주광역시 북구 용봉동,경상사고,0,0,1,0,차대차 - 기타,교차로운행방법위반,젖음/습기,비,교차로 - 교차로안,승용,여,33세,상해없음,이륜,남,34세,경상