사고번호,사고일시,요일,시군구,사고내용,사망자수,중상자수,경상자수,부상신고자수,사고유형,법규위반,노면상태,기상상태,도로형태,가해운전자 차종,가해운전자 성별,가해운전자 연령,가해운전자 상해정도,피해운전자 차종,피해운전자 성별,피해운전자 연령,피해운전자 상해정도
2019112200100657,2019년 11월 22일 18시,금요일,광주광역시 광산구 우산동,경상사고,0,0,2,0,차대차 - 추돌,안전운전불이행,건조,맑음,단일로 - 기타,승용,여,48세,경상,승용,여,48세,경상
2019112200100708,2019년 11월 22일 19시,금요일,광주광역시 서구 풍암동,경상사고,0,0,1,0,차대차 - 추돌,안전운전불이행,건조,맑음,교차로 - 교차로부근,승용,남,27세,상해없음,승용,남,33세,경상
2019112200100749,2019년 11월 22일 20시,금요일,광주광역시 북구 중흥동,부상신고사고,0,0,0,1,차대사람 - 기타,교차로운행방법위반,건조,맑음,교차로 - 교차로부근,승용,남,24세,상해없음,보행자,남,23세,부상신고
2019112200100750,2019년 11월 22일 20시,금요일,광주광역시 광산구 월곡동,경상사고,0,0,1,0,차대차 - 측면충돌,차로위반,건조,맑음,단일로 - 기타,승용,남,62세,상해없음,이륜,남,37세,경상
2019112200100778,2019년 11월 22일 21시,금요일,광주광역시 광산구 송정동,경상사고,0,0,2,0,차대차 - 측면충돌,안전거리미확보,건조,맑음,교차로 - 교차로부근,승용,남,52세,상해없음,승용,남,47세,경상
2019112200100805,2019년 11월 22일 22시,금요일,광주광역시 서구 풍암동,경상사고,0,0,2,0,차대차 - 추돌,안전운전불이행,건조,맑음,교차로 - 교차로안,승용,남,55세,상해없음,승용,남,34세,경상
2019112200100806,2019년 11월 22일 22시,금요일,광주광역시 서구 쌍촌동,경상사고,0,0,1,0,차대차 - 측면충돌,안전운전불이행,건조,맑음,교차로 - 교차로안,승용,여,45세,상해없음,승용,여,36세,경상
2019112200100807,2019년 11월 22일 22시,금요일,광주광역시 북구 용봉동,경상사고,0,0,1,0,차대차 - 기타,안전운전불이행,건조,맑음,단일로 - 기타,승용,남,51세,상해없음,승합,남,46세,경상
2019112200100808,2019년 11월 22일 22시,금요일,광주광역시 광산구 월전동,중상사고,0,1,1,0,차대차 - 정면충돌,신호위반,건조,맑음,교차로 - 교차로안,승용,남,29세,중상,승용,남,43세,경상
2019112200100809,2019년 11월 22일 22시,금요일,광주광역시 광산구 신창동,중상사고,0,1,0,0,차대차 - 측면충돌,안전운전불이행,건조,맑음,단일로 - 기타,승용,남,52세,상해없음,이륜,남,19세,중상
2019112200100810,2019년 11월 22일 22시,금요일,광주광역시 광산구 선암동,경상사고,0,0,2,0,차대차 - 측면충돌,안전거리미확보,건조,맑음,단일로 - 기타,승용,남,23세,상해없음,승용,남,39세,경상
2019112200100839,2019년 11월 22일 23시,금요일,광주광역시 북구 매곡동,경상사고,0,0,1,0,차대차 - 측면충돌,안전운전불이행,건조,맑음,단일로 - 기타,승용,남,23세,상해없음,개인형이동수단(PM),남,47세,경상
2019112200100840,2019년 11월 22일 23시,금요일,광주광역시 북구 양산동,경상사고,0,0,1,0,차량단독 - 기타,안전운전불이행,건조,맑음,단일로 - 기타,승용,남,53세,상해없음,,,,
2019112300100038,2019년 11월 23일 00시,토요일,광주광역시 광산구 우산동,경상사고,0,0,1,0,차대차 - 측면충돌,차로위반,건조,맑음,단일로 - 기타,승용,여,32세,상해없음,승용,여,20세,경상
2019112300100057,2019년 11월 23일 01시,토요일,광주광역시 서구 동천동,경상사고,0,0,5,0,차대차 - 측면충돌,안전운전불이행,건조,맑음,단일로 - 기타,승용,남,29세,상해없음,승용,남,42세,경상
2019112300100058,2019년 11월 23일 01시,토요일,광주광역시 광산구 수완동,경상사고,0,0,1,0,차대차 - 측면충돌,신호위반,건조,맑음,교차로 - 교차로안,승용,남,27세,상해없음,승용,남,52세,경상
2019112300100059,2019년 11월 23일 01시,토요일,광주광역시 광산구 산정동,경상사고,0,0,1,0,차대차 - 측면충돌,신호위반,건조,맑음,교차로 - 교차로안,승용,남,42세,상해없음,승용,남,32세,경상
2019112300100072,2019년 11월 23일 02시,토요일,광주광역시 서구 금호동,경상사고,0,0,4,0,차대차 - 추돌,안전운전불이행,건조,맑음,교차로 - 교차로부근,승용,남,53세,상해없음,승용,남,63세,경상
2019112300100085,2019년 11월 23일 04시,토요일,광주광역시 서구 치평동,경상사고,0,0,1,0,차대차 - 측면충돌,안전운전불이행,건조,맑음,교차로 - 교차로부근,화물,남,32세,상해없음,승용,여,22세,경상
2019112300100086,2019년 11월 23일 04시,토요일,광주광역시 남구 송하동,중상사고,0,2,0,0,차대차 - 정면충돌,중앙선침범,건조,맑음,단일로 - 기타,승용,남,62세,중상,승용,남,23세,중상
2019112300100219,2019년 11월 23일 10시,토요일,광주광역시 서구 쌍촌동,경상사고,0,0,2,0,차대차 - 측면충돌,안전운전불이행,건조,맑음,단일로 - 지하차도(도로)내,승용,여,51세,경상,승용,남,44세,경상
2019112300100220,2019년 11월 23일 10시,토요일,광주광역시 북구 유동,경상사고,0,0,2,0,차대차 - 측면충돌,안전운전불이행,건조,맑음,교차로 - 교차로안,승용,남,89세,상해없음,승용,여,35세,경상
2019112300100264,2019년 11월 23일 11시,토요일,광주광역시 동구 불로동,경상사고,0,0,1,0,차대차 - 기타,중앙선침범,건조,맑음,단일로 - 기타,자전거,남,77세,경상,승용,남,31세,상해없음
2019112300100265,2019년 11월 23일 11시,토요일,광주광역시 서구 화정동,중상사고,0,2,0,0,차대차 - 측면충돌,신호위반,건조,맑음,교차로 - 교차로안,승용,남,32세,상해없음,승용,여,56세,중상
2019112300100266,2019년 11월 23일 11시,토요일,광주광역시 광산구 신가동,경상사고,0,0,1,0,차대차 - 측면충돌,교차로운행방법위반,건조,맑음,교차로 - 교차로안,승용,남,49세,상해없음,원동기,남,40세,경상
2019112300100299,2019년 11월 23일 12시,토요일,광주광역시 동구 학동,중상사고,0,2,0,0,차대차 - 측면충돌,안전거리미확보,건조,맑음,교차로 - 교차로부근,승용,남,79세,상해없음,승용,남,62세,중상
2019112300100300,2019년 11월 23일 12시,토요일,광주광역시 서구 유촌동,경상사고,0,0,2,0,차대차 - 추돌,안전거리미확보,건조,맑음,단일로 - 교량,승용,남,31세,상해없음,승용,여,54세,경상
2019112300100356,2019년 11월 23일 13시,토요일,광주광역시 광산구 하남동,경상사고,0,0,2,0,차대차 - 측면충돌,직진우회전진행방해,건조,맑음,교차로 - 교차로안,승용,남,56세,경상,승용,남,57세,경상
2019112300100434,2019년 11월 23일 15시,토요일,광주광역시 서구 농성동,경상사고,0,0,1,0,차대차 - 측면충돌,안전운전불이행,건조,맑음,교차로 - 교차로안,승용,남,42세,상해없음,승용,남,35세,경상
2019112300100435,2019년 11월 23일 15시,토요일,광주광역시 북구 본촌동,경상사고,0,0,3,0,차대차 - 추돌,안전운전불이행,건조,맑음,단일로 - 기타,승용,남,76세,상해없음,승용,남,32세,경상
2019112300100472,2019년 11월 23일 16시,토요일,광주광역시 서구 광천동,경상사고,0,0,1,0,차대차 - 측면충돌,차로위반,건조,맑음,교차로 - 교차로부근,승용,남,55세,상해없음,승용,여,31세,경상
2019112300100473,2019년 11월 23일 16시,토요일,광주광역시 북구 각화동,경상사고,0,0,2,0,차대차 - 추돌,안전거리미확보,건조,맑음,단일로 - 기타,승용,남,51세,상해없음,승용,남,65세,경상
2019112300100526,2019년 11월 23일 17시,토요일,광주광역시 동구 지산동,중상사고,0,2,3,0,차대차 - 추돌,안전운전불이행,건조,맑음,단일로 - 터널,승용,남,70세,중상,승용,남,59세,경상
2019112300100578,2019년 11월 23일 18시,토요일,광주광역시 동구 지산동,경상사고,0,0,1,0,차대사람 - 기타,안전운전불이행,건조,맑음,단일로 - 기타,승용,남,31세,상해없음,보행자,여,22세,경상
2019112300100579,2019년 11월 23일 18시,토요일,광주광역시 광산구 하남동,경상사고,0,0,1,0,차대차 - 측면충돌,안전운전불이행,건조,맑음,교차로 - 교차로안,화물,남,67세,상해없음,승용,남,35세,경상
2019112300100580,2019년 11월 23일 18시,토요일,광주광역시 광산구 송정동,경상사고,0,0,1,0,차대차 - 측면충돌,안전운전불이행,건조,맑음,교차로 - 교차로안,승용,여,59세,상해없음,승용,남,33세,경상
2019112300100622,2019년 11월 23일 19시,토요일,광주광역시 동구 대인동,경상사고,0,0,3,0,차대차 - 후진중충돌,안전운전불이행,건조,맑음,교차로 - 교차로부근,승용,남,72세,상해없음,승용,남,37세,경상
2019112300100623,2019년 11월 23일 19시,토요일,광주광역시 광산구 운남동,경상사고,0,0,1,0,차대차 - 추돌,안전운전불이행,건조,맑음,단일로 - 기타,승용,기타불명,미분류,기타불명,승용,여,62세,경상
2019112400100036,2019년 11월 24일 00시,일요일,광주광역시 서구 치평동,경상사고,0,0,2,0,차대차 - 측면충돌,안전운전불이행,건조,흐림,단일로 - 지하차도(도로)내,승용,남,27세,상해없음,승용,남,70세,상해없음
2019112400100056,2019년 11월 24일 02시,일요일,광주광역시 광산구 우산동,중상사고,0,1,0,0,차대사람 - 횡단중,안전운전불이행,건조,맑음,단일로 - 기타,승용,여,34세,상해없음,보행자,남,45세,중상
2019112400100072,2019년 11월 24일 03시,일요일,광주광역시 북구 운암동,경상사고,0,0,3,0,차량단독 - 기타,안전운전불이행,건조,맑음,교차로 - 교차로부근,승용,남,18세,경상,,,,
2019112400100082,2019년 11월 24일 04시,일요일,광주광역시 북구 신용동,중상사고,0,1,5,1,차대차 - 측면충돌,신호위반,건조,맑음,교차로 - 교차로안,승용,남,62세,부상신고,승용,남,58세,중상
2019112400100156,2019년 11월 24일 10시,일요일,광주광역시 동구 산수동,경상사고,0,0,2,0,차대차 - 기타,신호위반,건조,맑음,교차로 - 교차로안,승용,남,67세,상해없음,승용,남,65세,경상
2019112400100157,2019년 11월 24일 10시,일요일,광주광역시 서구 동천동,경상사고,0,0,2,0,차대차 - 기타,직진우회전진행방해,건조,맑음,교차로 - 교차로안,승용,여,36세,경상,승용,남,45세,경상
2019112400100261,2019년 11월 24일 14시,일요일,광주광역시 동구 계림동,중상사고,0,1,0,0,차대사람 - 차도통행중,안전운전불이행,건조,맑음,단일로 - 기타,승용,남,61세,상해없음,보행자,여,61세,중상
2019112400100262,2019년 11월 24일 14시,일요일,광주광역시 북구 용봉동,경상사고,0,0,2,0,차대차 - 측면충돌,안전운전불이행,건조,맑음,단일로 - 기타,승용,남,63세,기타불명,승용,여,27세,경상
2019112400100292,2019년 11월 24일 15시,일요일,광주광역시 서구 치평동,경상사고,0,0,3,1,차대차 - 측면충돌,안전운전불이행,건조,맑음,교차로 - 교차로부근,승용,남,60세,부상신고,승용,여,54세,경상
2019112400100328,2019년 11월 24일 16시,일요일,광주광역시 남구 이장동,경상사고,0,0,1,0,차대차 - 정면충돌,안전운전불이행,건조,맑음,단일로 - 기타,승용,여,67세,기타불명,승용,여,61세,경상
2019112400100383,2019년 11월 24일 17시,일요일,광주광역시 북구 운암동,경상사고,0,0,2,0,차대차 - 추돌,안전운전불이행,건조,맑음,교차로 - 교차로안,승용,남,66세,상해없음,승용,남,58세,상해없음
2019112400100384,2019년 11월 24일 17시,일요일,광주광역시 광산구 도천동,경상사고,0,0,1,0,차대차 - 측면충돌,신호위반,건조,맑음,교차로 - 교차로안,화물,남,42세,상해없음,원동기,남,39세,경상
2019112400100433,2019년 11월 24일 18시,일요일,광주광역시 북구 두암동,경상사고,0,0,1,0,차대사람 - 횡단중,안전운전불이행,건조,맑음,단일로 - 기타,승용,남,36세,상해없음,보행자,남,33세,경상
2019112400100434,2019년 11월 24일 18시,일요일,광주광역시 북구 양산동,경상사고,0,0,1,0,차대차 - 측면충돌,안전거리미확보,건조,맑음,단일로 - 기타,승용,남,18세,상해없음,승용,남,30세,경상
2019112400100477,2019년 11월 24일 19시,일요일,광주광역시 서구 쌍촌동,경상사고,0,0,1,0,차대차 - 추돌,안전운전불이행,건조,맑음,단일로 - 기타,승용,남,51세,상해없음,승용,남,44세,경상
2019112400100478,2019년 11월 24일 19시,일요일,광주광역시 남구 주월동,중상사고,0,1,0,0,차대차 - 측면충돌,교차로운행방법위반,건조,맑음,교차로 - 교차로안,이륜,남,70세,중상,승용,남,43세,상해없음
2019112400100505,2019년 11월 24일 20시,일요일,광주광역시 서구 농성동,중상사고,0,1,0,0,차대차 - 기타,직진우회전진행방해,건조,맑음,교차로 - 교차로안,승합,남,48세,상해없음,이륜,남,48세,중상
2019112400100506,2019년 11월 24일 20시,일요일,광주광역시 광산구 수완동,중상사고,0,1,1,0,차대차 - 기타,안전운전불이행,건조,맑음,교차로 - 교차로안,승용,여,50세,상해없음,승용,남,22세,경상
2019112400100529,2019년 11월 24일 21시,일요일,광주광역시 북구 용봉동,경상사고,0,0,4,0,차대차 - 측면충돌,차로위반,건조,맑음,단일로 - 기타,승용,여,49세,경상,승용,남,22세,경상
2019112400100555,2019년 11월 24일 23시,일요일,광주광역시 서구 화정동,경상사고,0,0,1,0,차량단독 - 기타,안전운전불이행,건조,맑음,단일로 - 기타,승용,남,61세,상해없음,,,,
2019112500100052,2019년 11월 25일 03시,월요일,광주광역시 북구 각화동,경상사고,0,0,1,0,차대차 - 측면충돌,신호위반,건조,맑음,교차로 - 교차로안,승용,남,30세,상해없음,승용,남,46세,경상
2019112500100086,2019년 11월 25일 06시,월요일,광주광역시 광산구 도산동,사망사고,1,0,0,0,차대사람 - 횡단중,신호위반,건조,맑음,교차로 - 교차로횡단보도내,승합,남,63세,상해없음,보행자,남,78세,사망
2019112500100158,2019년 11월 25일 08시,월요일,광주광역시 북구 우산동,중상사고,0,1,0,0,차대사람 - 횡단중,신호위반,건조,맑음,교차로 - 교차로안,승용,여,24세,상해없음,보행자,남,30세,중상
2019112500100159,2019년 11월 25일 08시,월요일,광주광역시 광산구 월계동,경상사고,0,0,2,0,차대사람 - 횡단중,신호위반,건조,맑음,단일로 - 기타,승용,남,43세,상해없음,보행자,여,18세,경상
2019112500100239,2019년 11월 25일 10시,월요일,광주광역시 서구 쌍촌동,경상사고,0,0,1,0,차대차 - 추돌,안전운전불이행,건조,맑음,단일로 - 기타,승용,남,21세,상해없음,승용,여,39세,경상
2019112500100240,2019년 11월 25일 10시,월요일,광주광역시 광산구 도산동,경상사고,0,0,1,0,차대차 - 측면충돌,차로위반,건조,맑음,단일로 - 기타,승합,남,64세,상해없음,승용,남,44세,경상
2019112500100267,2019년 11월 25일 11시,월요일,광주광역시 북구 북동,경상사고,0,0,1,0,차대사람 - 횡단중,보행자보호의무위반,건조,맑음,교차로 - 교차로횡단보도내,승합,남,49세,상해없음,보행자,여,62세,경상
2019112500100284,2019년 11월 25일 12시,월요일,광주광역시 광산구 송정동,경상사고,0,0,1,0,차대차 - 후진중충돌,안전운전불이행,건조,맑음,단일로 - 기타,승용,남,72세,상해없음,승용,남,34세,경상
2019112500100325,2019년 11월 25일 13시,월요일,광주광역시 북구 오치동,중상사고,0,1,0,0,차대사람 - 횡단중,안전운전불이행,건조,흐림,단일로 - 기타,승용,남,24세,상해없음,보행자,남,87세,중상
2019112500100326,2019년 11월 25일 13시,월요일,광주광역시 북구 문흥동,경상사고,0,0,2,0,차대차 - 측면충돌,안전운전불이행,건조,맑음,교차로 - 교차로안,승용,여,58세,상해없음,승용,남,59세,경상
2019112500100389,2019년 11월 25일 15시,월요일,광주광역시 북구 임동,경상사고,0,0,2,0,차대차 - 기타,안전거리미확보,건조,맑음,교차로 - 교차로안,승용,여,55세,경상,승용,여,39세,경상
2019112500100486,2019년 11월 25일 17시,월요일,광주광역시 북구 중흥동,경상사고,0,0,1,0,차대차 - 측면충돌,차로위반,건조,맑음,교차로 - 교차로부근,승용,남,34세,상해없음,승용,남,45세,경상
2019112500100487,2019년 11월 25일 17시,월요일,광주광역시 광산구 운남동,경상사고,0,0,1,0,차대차 - 측면충돌,안전운전불이행,건조,맑음,단일로 - 기타,승용,남,54세,상해없음,승용,남,44세,경상
2019112500100551,2019년 11월 25일 18시,월요일,광주광역시 서구 유촌동,경상사고,0,0,5,0,차대차 - 추돌,안전운전불이행,건조,맑음,단일로 - 기타,승용,여,46세,경상,승용,남,40세,상해없음
2019112500100552,2019년 11월 25일 18시,월요일,광주광역시 남구 진월동,중상사고,0,1,0,0,차대사람 - 차도통행중,안전운전불이행,건조,맑음,교차로 - 교차로부근,승용,남,75세,상해없음,보행자,여,46세,중상
2019112500100553,2019년 11월 25일 18시,월요일,광주광역시 광산구 우산동,경상사고,0,0,3,0,차대차 - 추돌,신호위반,건조,맑음,단일로 - 기타,승용,여,52세,상해없음,승용,여,44세,경상
2019112500100608,2019년 11월 25일 19시,월요일,광주광역시 서구 덕흥동,경상사고,0,0,1,0,차대차 - 추돌,안전거리미확보,건조,맑음,단일로 - 기타,승용,남,66세,상해없음,승용,남,33세,경상
2019112500100641,2019년 11월 25일 20시,월요일,광주광역시 북구 운암동,경상사고,0,0,1,0,차대차 - 측면충돌,안전거리미확보,건조,맑음,단일로 - 기타,승용,남,67세,상해없음,화물,남,72세,경상
2019112500100686,2019년 11월 25일 22시,월요일,광주광역시 서구 내방동,경상사고,0,0,1,0,차대사람 - 보도통행중,보행자보호의무위반,건조,맑음,교차로 - 교차로안,승용,여,37세,상해없음,보행자,여,28세,경상
2019112500100709,2019년 11월 25일 23시,월요일,광주광역시 북구 용봉동,경상사고,0,0,3,0,차대차 - 측면충돌,안전운전불이행,건조,맑음,교차로 - 교차로안,승용,남,39세,경상,승용,남,23세,경상
2019112600100045,2019년 11월 26일 00시,화요일,광주광역시 서구 치평동,경상사고,0,0,1,1,차대차 - 기타,신호위반,건조,맑음,교차로 - 교차로안,승용,남,20세,상해없음,승용,남,63세,부상신고
2019112600100167,2019년 11월 26일 08시,화요일,광주광역시 북구 오룡동,경상사고,0,0,1,0,차대차 - 측면충돌,신호위반,건조,맑음,교차로 - 교차로안,승용,남,51세,상해없음,승용,여,30세,경상
2019112600100199,2019년 11월 26일 09시,화요일,광주광역시 서구 쌍촌동,경상사고,0,0,1,0,차대차 - 측면충돌,기타,건조,맑음,교차로 - 교차로안,승용,여,46세,상해없음,승용,남,45세,경상
2019112600100200,2019년 11월 26일 09시,화요일,광주광역시 북구 오치동,부상신고사고,0,0,0,1,차대사람 - 기타,안전운전불이행,건조,맑음,단일로 - 기타,기타불명,기타불명,미분류,기타불명,보행자,여,28세,부상신고
2019112600100234,2019년 11월 26일 10시,화요일,광주광역시 북구 오치동,경상사고,0,0,1,0,차대차 - 측면충돌,안전운전불이행,건조,맑음,교차로 - 교차로안,특수,남,53세,상해없음,자전거,남,72세,경상
2019112600100271,2019년 11월 26일 11시,화요일,광주광역시 광산구 도천동,중상사고,0,1,0,0,차대사람 - 보도통행중,보행자보호의무위반,건조,맑음,교차로 - 교차로횡단보도내,화물,남,73세,상해없음,보행자,여,58세,중상
2019112600100304,2019년 11월 26일 12시,화요일,광주광역시 동구 금남로1가,경상사고,0,0,1,0,차대차 - 기타,기타,건조,맑음,단일로 - 기타,승용,남,61세,상해없음,이륜,남,30세,경상
2019112600100305,2019년 11월 26일 12시,화요일,광주광역시 북구 운암동,경상사고,0,0,1,0,차대차 - 측면충돌,안전운전불이행,건조,맑음,기타 - 기타,화물,여,58세,상해없음,이륜,남,37세,경상
2019112600100372,2019년 11월 26일 14시,화요일,광주광역시 남구 주월동,경상사고,0,0,1,0,차대차 - 측면충돌,신호위반,건조,맑음,교차로 - 교차로안,승용,여,43세,상해없음,승용,남,26세,경상
2019112600100373,2019년 11월 26일 14시,화요일,광주광역시 남구 주월동,경상사고,0,0,1,0,차대사람 - 횡단중,보행자보호의무위반,건조,맑음,교차로 - 교차로횡단보도내,승용,여,42세,상해없음,보행자,남,75세,경상
2019112600100374,2019년 11월 26일 14시,화요일,광주광역시 북구 북동,경상사고,0,0,1,0,차대차 - 기타,안전운전불이행,건조,맑음,단일로 - 기타,승용,남,71세,상해없음,승합,남,61세,상해없음
2019112600100411,2019년 11월 26일 15시,화요일,광주광역시 광산구 송정동,부상신고사고,0,0,0,1,차대사람 - 횡단중,안전운전불이행,건조,맑음,단일로 - 기타,승용,여,48세,상해없음,보행자,여,49세,부상신고
2019112600100456,2019년 11월 26일 16시,화요일,광주광역시 북구 운암동,경상사고,0,0,2,0,차대차 - 추돌,안전운전불이행,건조,맑음,단일로 - 기타,승용,남,61세,상해없음,화물,여,27세,경상
2019112600100502,2019년 11월 26일 17시,화요일,광주광역시 광산구 우산동,중상사고,0,2,7,0,차대차 - 추돌,안전거리미확보,건조,맑음,단일로 - 교량,승용,여,58세,중상,승용,여,38세,경상
2019112600100503,2019년 11월 26일 17시,화요일,광주광역시 광산구 월계동,경상사고,0,0,1,0,차대사람 - 기타,안전운전불이행,건조,맑음,단일로 - 기타,승용,남,57세,상해없음,보행자,여,15세,경상
2019112600100562,2019년 11월 26일 18시,화요일,광주광역시 북구 양산동,경상사고,0,0,1,0,차대차 - 측면충돌,안전운전불이행,건조,맑음,단일로 - 기타,화물,남,46세,상해없음,승용,남,36세,경상
2019112600100563,2019년 11월 26일 18시,화요일,광주광역시 광산구 송정동,경상사고,0,0,2,0,차대차 - 측면충돌,교차로운행방법위반,건조,맑음,교차로 - 교차로안,승용,여,59세,경상,승용,남,53세,경상
2019112600100600,2019년 11월 26일 19시,화요일,광주광역시 북구 유동,경상사고,0,0,2,1,차대차 - 측면충돌,차로위반,건조,맑음,단일로 - 기타,승용,남,58세,상해없음,승용,남,21세,경상
2019112600100675,2019년 11월 26일 21시,화요일,광주광역시 북구 양산동,경상사고,0,0,2,0,차대차 - 기타,안전운전불이행,건조,맑음,단일로 - 기타,승용,여,43세,상해없음,승용,남,44세,경상
2019112600100717,2019년 11월 26일 23시,화요일,광주광역시 서구 화정동,경상사고,0,0,2,0,차대차 - 추돌,안전운전불이행,건조,맑음,교차로 - 교차로부근,승용,남,21세,상해없음,승용,남,60세,경상
2019112700100040,2019년 11월 27일 00시,수요일,광주광역시 동구 학동,경상사고,0,0,1,0,차대차 - 측면충돌,안전운전불이행,건조,흐림,교차로 - 교차로안,이륜,남,25세,경상,승용,남,61세,상해없음
2019112700100053,2019년 11월 27일 02시,수요일,광주광역시 남구 주월동,경상사고,0,0,1,0,차대사람 - 기타,안전운전불이행,건조,맑음,단일로 - 기타,승용,남,38세,상해없음,보행자,남,27세,경상
2019112700100083,2019년 11월 27일 06시,수요일,광주광역시 서구 유촌동,경상사고,0,0,2,0,차대차 - 측면충돌,안전운전불이행,건조,맑음,단일로 - 기타,승용,남,62세,상해없음,승용,남,50세,경상
2019112700100084,2019년 11월 27일 06시,수요일,광주광역시 북구 동림동,중상사고,0,1,2,0,차대차 - 측면충돌,안전거리미확보,건조,맑음,교차로 - 교차로부근,승합,남,61세,상해없음,승용,남,64세,경상
2019112700100105,2019년 11월 27일 07시,수요일,광주광역시 동구 금남로5가,경상사고,0,0,1,0,차대차 - 측면충돌,신호위반,건조,맑음,교차로 - 교차로안,승용,남,44세,기타불명,화물,남,51세,경상
2019112700100156,2019년 11월 27일 08시,수요일,광주광역시 광산구 산월동,중상사고,0,1,0,0,차대사람 - 보도통행중,안전운전불이행,건조,맑음,단일로 - 기타,승용,여,48세,상해없음,보행자,남,70세,중상
2019112700100157,2019년 11월 27일 08시,수요일,광주광역시 광산구 장덕동,중상사고,0,1,0,0,차대차 - 측면충돌,신호위반,건조,맑음,교차로 - 교차로횡단보도내,승용,남,32세,상해없음,개인형이동수단(PM),남,37세,중상
2019112700100185,2019년 11월 27일 09시,수요일,광주광역시 서구 치평동,경상사고,0,0,6,0,차대차 - 측면충돌,안전운전불이행,건조,맑음,단일로 - 기타,승용,남,18세,경상,승용,남,21세,경상
2019112700100214,2019년 11월 27일 10시,수요일,광주광역시 동구 서석동,중상사고,0,1,0,0,차대사람 - 횡단중,보행자보호의무위반,건조,맑음,단일로 - 기타,승용,여,51세,기타불명,보행자,여,69세,중상
2019112700100238,2019년 11월 27일 11시,수요일,광주광역시 북구 각화동,부상신고사고,0,0,0,1,차대사람 - 기타,안전운전불이행,건조,맑음,단일로 - 기타,승합,남,49세,상해없음,보행자,남,79세,부상신고
2019112700100239,2019년 11월 27일 11시,수요일,광주광역시 북구 용봉동,경상사고,0,0,2,0,차대차 - 기타,직진우회전진행방해,건조,맑음,교차로 - 교차로안,승용,남,61세,경상,개인형이동수단(PM),여,28세,경상
2019112700100273,2019년 11월 27일 12시,수요일,광주광역시 북구 오치동,경상사고,0,0,1,0,차대사람 - 기타,안전운전불이행,건조,맑음,단일로 - 기타,승용,여,21세,상해없음,보행자,남,48세,경상
2019112700100311,2019년 11월 27일 13시,수요일,광주광역시 동구 금남로5가,경상사고,0,0,1,0,차대차 - 기타,안전거리미확보,건조,맑음,단일로 - 기타,승용,남,64세,상해없음,승합,남,56세,상해없음
2019112700100312,2019년 11월 27일 13시,수요일,광주광역시 남구 방림동,경상사고,0,0,3,0,차대차 - 기타,기타,건조,맑음,교차로 - 교차로안,승합,남,53세,경상,승용,여,64세,경상
2019112700100358,2019년 11월 27일 14시,수요일,광주광역시 서구 치평동,경상사고,0,0,3,0,차대차 - 기타,안전운전불이행,건조,맑음,교차로 - 교차로안,화물,남,58세,상해없음,승용,여,31세,경상
2019112700100477,2019년 11월 27일 17시,수요일,광주광역시 서구 풍암동,중상사고,0,1,0,0,차대사람 - 차도통행중,안전운전불이행,건조,맑음,단일로 - 기타,승용,남,49세,상해없음,보행자,여,10세,중상
2019112700100478,2019년 11월 27일 17시,수요일,광주광역시 서구 쌍촌동,중상사고,0,1,0,0,차대차 - 측면충돌,교차로운행방법위반,건조,맑음,교차로 - 교차로안,승용,남,32세,상해없음,승용,남,48세,중상
2019112700100479,2019년 11월 27일 17시,수요일,광주광역시 광산구 소촌동,중상사고,0,1,0,0,차대차 - 기타,안전운전불이행,건조,맑음,교차로 - 교차로안,자전거,남,48세,중상,화물,남,48세,상해없음
2019112700100533,2019년 11월 27일 18시,수요일,광주광역시 서구 내방동,경상사고,0,0,1,0,차대차 - 추돌,안전거리미확보,건조,맑음,교차로 - 교차로부근,승용,남,51세,상해없음,승용,남,53세,경상
2019112700100534,2019년 11월 27일 18시,수요일,광주광역시 남구 진월동,경상사고,0,0,2,0,차대차 - 추돌,안전거리미확보,건조,맑음,단일로 - 기타,승용,남,25세,상해없음,승용,남,25세,경상
2019112700100535,2019년 11월 27일 18시,수요일,광주광역시 남구 양림동,경상사고,0,0,1,0,차대차 - 기타,안전운전불이행,건조,맑음,단일로 - 기타,기타불명,기타불명,미분류,기타불명,자전거,남,78세,경상
2019112700100536,2019년 11월 27일 18시,수요일,광주광역시 광산구 소촌동,경상사고,0,0,1,0,차대사람 - 기타,안전운전불이행,건조,맑음,단일로 - 기타,승용,남,52세,상해없음,보행자,여,38세,경상
2019112700100588,2019년 11월 27일 19시,수요일,광주광역시 서구 치평동,중상사고,0,1,0,0,차대차 - 추돌,안전운전불이행,건조,맑음,단일로 - 기타,승용,남,68세,상해없음,승용,여,35세,중상
2019112700100589,2019년 11월 27일 19시,수요일,광주광역시 서구 유촌동,경상사고,0,0,2,0,차대차 - 정면충돌,중앙선침범,건조,맑음,교차로 - 교차로부근,승용,남,33세,상해없음,승용,남,49세,경상
2019112700100644,2019년 11월 27일 21시,수요일,광주광역시 남구 송하동,경상사고,0,0,2,0,차대차 - 추돌,안전거리미확보,건조,맑음,단일로 - 기타,승용,남,44세,상해없음,승용,남,48세,경상