사고번호,사고일시,요일,시군구,사고내용,사망자수,중상자수,경상자수,부상신고자수,사고유형,법규위반,노면상태,기상상태,도로형태,가해운전자 차종,가해운전자 성별,가해운전자 연령,가해운전자 상해정도,피해운전자 차종,피해운전자 성별,피해운전자 연령,피해운전자 상해정도
2019120200100167,2019년 12월 2일 09시,월요일,광주광역시 광산구 송정동,경상사고,0,0,1,0,차대차 - 측면충돌,교차로운행방법위반,건조,맑음,교차로 - 교차로안,화물,남,69세,상해없음,자전거,남,79세,경상
2019120200100193,2019년 12월 2일 10시,월요일,광주광역시 서구 쌍촌동,중상사고,0,1,0,0,차대차 - 추돌,안전거리미확보,건조,흐림,교차로 - 교차로부근,승용,남,67세,상해없음,승용,여,40세,중상
2019120200100194,2019년 12월 2일 10시,월요일,광주광역시 남구 방림동,중상사고,0,1,0,0,차대사람 - 기타,안전운전불이행,건조,맑음,단일로 - 기타,승용,남,42세,상해없음,보행자,남,34세,중상
2019120200100195,2019년 12월 2일 10시,월요일,광주광역시 광산구 도천동,경상사고,0,0,1,0,차대차 - 측면충돌,안전거리미확보,건조,맑음,단일로 - 기타,화물,남,59세,상해없음,화물,남,64세,경상
2019120200100263,2019년 12월 2일 12시,월요일,광주광역시 광산구 삼도동,경상사고,0,0,3,0,차대차 - 측면충돌,교차로운행방법위반,건조,맑음,교차로 - 교차로안,승용,남,51세,경상,화물,남,62세,경상
2019120200100293,2019년 12월 2일 13시,월요일,광주광역시 북구 풍향동,경상사고,0,0,1,0,차대차 - 기타,안전운전불이행,건조,맑음,단일로 - 기타,승용,남,78세,상해없음,승용,여,33세,경상
2019120200100316,2019년 12월 2일 14시,월요일,광주광역시 서구 치평동,경상사고,0,0,2,0,차대차 - 측면충돌,기타,건조,맑음,교차로 - 교차로부근,승용,여,41세,기타불명,승용,남,59세,경상
2019120200100350,2019년 12월 2일 15시,월요일,광주광역시 서구 농성동,중상사고,0,1,0,0,차대사람 - 길가장자리구역통행중,안전운전불이행,건조,맑음,단일로 - 기타,승용,여,27세,상해없음,보행자,남,69세,중상
2019120200100400,2019년 12월 2일 16시,월요일,광주광역시 광산구 운수동,경상사고,0,0,3,0,차대차 - 정면충돌,안전운전불이행,건조,맑음,단일로 - 기타,승용,남,34세,상해없음,승용,남,37세,경상
2019120200100461,2019년 12월 2일 17시,월요일,광주광역시 서구 양동,경상사고,0,0,1,0,차대차 - 측면충돌,안전거리미확보,건조,맑음,단일로 - 기타,승용,여,52세,기타불명,승용,여,60세,경상
2019120200100462,2019년 12월 2일 17시,월요일,광주광역시 남구 구동,사망사고,1,0,0,0,차대사람 - 기타,안전운전불이행,건조,맑음,단일로 - 기타,승합,남,70세,상해없음,보행자,남,53세,사망
2019120200100521,2019년 12월 2일 18시,월요일,광주광역시 서구 매월동,경상사고,0,0,7,0,차대차 - 추돌,안전운전불이행,건조,맑음,단일로 - 기타,화물,남,39세,상해없음,승용,여,36세,경상
2019120200100522,2019년 12월 2일 18시,월요일,광주광역시 북구 두암동,경상사고,0,0,1,0,차대사람 - 차도통행중,안전운전불이행,건조,맑음,단일로 - 기타,승용,여,58세,상해없음,보행자,남,20세,경상
2019120200100523,2019년 12월 2일 18시,월요일,광주광역시 광산구 우산동,경상사고,0,0,1,0,차대사람 - 기타,안전운전불이행,건조,맑음,단일로 - 기타,승용,남,38세,상해없음,보행자,남,68세,경상
2019120200100556,2019년 12월 2일 19시,월요일,광주광역시 광산구 하남동,경상사고,0,0,1,0,차대차 - 측면충돌,안전운전불이행,건조,맑음,교차로 - 교차로부근,승용,여,60세,상해없음,승용,남,43세,경상
2019120200100576,2019년 12월 2일 20시,월요일,광주광역시 광산구 신가동,경상사고,0,0,2,0,차대차 - 측면충돌,차로위반,건조,맑음,단일로 - 기타,승용,남,27세,경상,승용,남,36세,경상
2019120200100595,2019년 12월 2일 21시,월요일,광주광역시 서구 쌍촌동,경상사고,0,0,1,0,차대차 - 기타,안전거리미확보,건조,맑음,단일로 - 기타,승용,여,26세,상해없음,이륜,남,21세,경상
2019120200100596,2019년 12월 2일 21시,월요일,광주광역시 북구 중흥동,경상사고,0,0,1,0,차대차 - 측면충돌,교차로운행방법위반,건조,맑음,교차로 - 교차로안,승용,여,36세,상해없음,이륜,남,40세,경상
2019120200100597,2019년 12월 2일 21시,월요일,광주광역시 광산구 수완동,경상사고,0,0,2,1,차대차 - 측면충돌,안전운전불이행,젖음/습기,비,교차로 - 교차로부근,승용,남,34세,부상신고,원동기,남,23세,경상
2019120200100625,2019년 12월 2일 22시,월요일,광주광역시 서구 쌍촌동,경상사고,0,0,2,0,차대차 - 측면충돌,안전거리미확보,건조,맑음,단일로 - 기타,승용,남,33세,경상,승용,남,31세,경상
2019120300100064,2019년 12월 3일 05시,화요일,광주광역시 서구 농성동,경상사고,0,0,1,0,차대차 - 측면충돌,안전거리미확보,건조,맑음,단일로 - 기타,승용,남,21세,상해없음,승용,남,54세,경상
2019120300100065,2019년 12월 3일 05시,화요일,광주광역시 북구 운암동,경상사고,0,0,1,0,차대차 - 측면충돌,교차로운행방법위반,건조,맑음,교차로 - 교차로안,승용,남,53세,상해없음,승용,여,47세,경상
2019120300100066,2019년 12월 3일 05시,화요일,광주광역시 광산구 송정동,경상사고,0,0,2,0,차대차 - 측면충돌,신호위반,건조,맑음,교차로 - 교차로안,승용,남,50세,상해없음,승용,남,59세,경상
2019120300100081,2019년 12월 3일 06시,화요일,광주광역시 북구 매곡동,경상사고,0,0,1,0,차대사람 - 기타,보행자보호의무위반,건조,맑음,교차로 - 교차로횡단보도내,승용,남,60세,기타불명,보행자,남,49세,경상
2019120300100196,2019년 12월 3일 09시,화요일,광주광역시 광산구 수완동,중상사고,0,1,0,0,차대차 - 측면충돌,안전운전불이행,건조,맑음,단일로 - 기타,기타불명,기타불명,미분류,기타불명,이륜,남,22세,중상
2019120300100284,2019년 12월 3일 12시,화요일,광주광역시 동구 산수동,경상사고,0,0,2,0,차대차 - 측면충돌,안전운전불이행,건조,맑음,단일로 - 기타,승용,남,22세,기타불명,화물,남,35세,경상
2019120300100285,2019년 12월 3일 12시,화요일,광주광역시 북구 우산동,경상사고,0,0,2,0,차대차 - 측면충돌,교차로운행방법위반,건조,맑음,교차로 - 교차로안,화물,남,76세,상해없음,승용,남,67세,경상
2019120300100286,2019년 12월 3일 12시,화요일,광주광역시 광산구 월계동,경상사고,0,0,1,1,차대차 - 측면충돌,교차로운행방법위반,건조,맑음,교차로 - 교차로안,승합,남,31세,부상신고,승용,여,25세,경상
2019120300100327,2019년 12월 3일 13시,화요일,광주광역시 동구 서석동,경상사고,0,0,1,0,차대차 - 측면충돌,안전운전불이행,건조,맑음,단일로 - 기타,이륜,남,22세,경상,승용,여,48세,상해없음
2019120300100328,2019년 12월 3일 13시,화요일,광주광역시 광산구 흑석동,경상사고,0,0,1,0,차대차 - 측면충돌,안전거리미확보,건조,맑음,교차로 - 교차로안,승용,남,40세,상해없음,승용,여,36세,경상
2019120300100402,2019년 12월 3일 15시,화요일,광주광역시 남구 송하동,경상사고,0,0,2,0,차대차 - 측면충돌,교차로운행방법위반,건조,맑음,교차로 - 교차로안,승용,남,52세,상해없음,승용,여,50세,경상
2019120300100403,2019년 12월 3일 15시,화요일,광주광역시 광산구 월계동,경상사고,0,0,1,1,차대차 - 추돌,기타,건조,맑음,교차로 - 교차로안,이륜,남,23세,부상신고,이륜,남,25세,경상
2019120300100429,2019년 12월 3일 16시,화요일,광주광역시 남구 주월동,경상사고,0,0,2,0,차대차 - 측면충돌,교차로운행방법위반,건조,맑음,교차로 - 교차로안,승용,여,40세,경상,승용,여,52세,경상
2019120300100527,2019년 12월 3일 18시,화요일,광주광역시 광산구 산정동,경상사고,0,0,1,0,차대차 - 측면충돌,신호위반,건조,맑음,교차로 - 교차로안,승용,남,57세,상해없음,승용,남,26세,경상
2019120300100528,2019년 12월 3일 18시,화요일,광주광역시 광산구 수완동,경상사고,0,0,1,0,차대차 - 측면충돌,안전운전불이행,건조,맑음,단일로 - 기타,승용,남,23세,상해없음,승합,남,38세,경상
2019120300100588,2019년 12월 3일 20시,화요일,광주광역시 북구 오룡동,중상사고,0,1,1,0,차대차 - 측면충돌,안전운전불이행,건조,맑음,단일로 - 기타,화물,남,39세,상해없음,승용,남,38세,중상
2019120300100623,2019년 12월 3일 21시,화요일,광주광역시 북구 운암동,중상사고,0,1,0,0,차대차 - 측면충돌,안전운전불이행,건조,맑음,교차로 - 교차로부근,승용,여,47세,상해없음,이륜,남,18세,중상
2019120300100650,2019년 12월 3일 22시,화요일,광주광역시 남구 주월동,경상사고,0,0,1,0,차대차 - 기타,교차로운행방법위반,건조,맑음,교차로 - 교차로안,승합,남,51세,상해없음,승용,남,35세,경상
2019120300100651,2019년 12월 3일 22시,화요일,광주광역시 북구 양산동,경상사고,0,0,1,0,차대차 - 기타,직진우회전진행방해,건조,맑음,교차로 - 교차로안,개인형이동수단(PM),남,41세,경상,승용,남,28세,상해없음
2019120300100672,2019년 12월 3일 23시,화요일,광주광역시 광산구 신가동,경상사고,0,0,1,0,차대차 - 측면충돌,중앙선침범,건조,맑음,교차로 - 교차로안,개인형이동수단(PM),남,54세,경상,승용,여,36세,상해없음
2019120400100069,2019년 12월 4일 02시,수요일,광주광역시 서구 금호동,경상사고,0,0,2,0,차대차 - 측면충돌,신호위반,건조,흐림,교차로 - 교차로안,승용,남,18세,상해없음,승용,남,57세,경상
2019120400100070,2019년 12월 4일 02시,수요일,광주광역시 서구 치평동,경상사고,0,0,1,0,차대차 - 측면충돌,신호위반,건조,맑음,교차로 - 교차로안,승용,여,47세,상해없음,승용,남,23세,경상
2019120400100119,2019년 12월 4일 05시,수요일,광주광역시 서구 내방동,중상사고,0,1,0,0,차대사람 - 보도통행중,중앙선침범,건조,맑음,단일로 - 기타,승합,남,38세,상해없음,보행자,남,53세,중상
2019120400100226,2019년 12월 4일 08시,수요일,광주광역시 북구 우산동,경상사고,0,0,1,0,차대사람 - 횡단중,안전운전불이행,건조,맑음,단일로 - 기타,승용,여,41세,상해없음,보행자,여,71세,경상
2019120400100227,2019년 12월 4일 08시,수요일,광주광역시 광산구 신가동,경상사고,0,0,1,0,차대차 - 측면충돌,신호위반,건조,맑음,교차로 - 교차로안,승용,남,49세,상해없음,승용,여,47세,경상
2019120400100228,2019년 12월 4일 08시,수요일,광주광역시 광산구 장덕동,경상사고,0,0,2,0,차대차 - 추돌,안전운전불이행,건조,맑음,교차로 - 교차로부근,화물,남,50세,상해없음,승용,남,65세,경상
2019120400100270,2019년 12월 4일 09시,수요일,광주광역시 북구 문흥동,경상사고,0,0,2,0,차대차 - 기타,안전운전불이행,건조,맑음,교차로 - 교차로안,승용,남,69세,상해없음,승용,남,26세,경상
2019120400100305,2019년 12월 4일 10시,수요일,광주광역시 북구 동림동,경상사고,0,0,1,0,차대차 - 추돌,안전운전불이행,건조,맑음,단일로 - 기타,승용,남,31세,상해없음,승용,남,31세,경상
2019120400100306,2019년 12월 4일 10시,수요일,광주광역시 광산구 소촌동,경상사고,0,0,2,1,차대차 - 추돌,안전거리미확보,건조,맑음,교차로 - 교차로부근,이륜,남,26세,부상신고,승용,여,48세,경상
2019120400100356,2019년 12월 4일 11시,수요일,광주광역시 동구 계림동,경상사고,0,0,1,0,차대사람 - 기타,안전운전불이행,건조,맑음,교차로 - 교차로안,화물,남,68세,상해없음,보행자,남,18세,경상
2019120400100386,2019년 12월 4일 12시,수요일,광주광역시 광산구 송정동,경상사고,0,0,1,0,차대사람 - 기타,안전운전불이행,건조,맑음,단일로 - 기타,기타불명,기타불명,미분류,기타불명,보행자,여,34세,경상
2019120400100415,2019년 12월 4일 13시,수요일,광주광역시 북구 두암동,중상사고,0,1,0,0,차대사람 - 횡단중,안전운전불이행,건조,맑음,단일로 - 기타,승용,남,63세,상해없음,보행자,여,87세,중상
2019120400100439,2019년 12월 4일 14시,수요일,광주광역시 서구 쌍촌동,경상사고,0,0,2,0,차대차 - 측면충돌,차로위반,건조,맑음,단일로 - 기타,승용,남,60세,상해없음,승용,남,30세,경상
2019120400100467,2019년 12월 4일 15시,수요일,광주광역시 서구 화정동,경상사고,0,0,2,0,차대차 - 측면충돌,신호위반,건조,맑음,교차로 - 교차로안,화물,남,22세,상해없음,승용,남,49세,경상
2019120400100504,2019년 12월 4일 16시,수요일,광주광역시 서구 쌍촌동,경상사고,0,0,1,0,차대차 - 측면충돌,안전거리미확보,건조,맑음,단일로 - 기타,승용,여,40세,상해없음,승용,남,38세,경상
2019120400100556,2019년 12월 4일 17시,수요일,광주광역시 서구 치평동,경상사고,0,0,1,0,차대차 - 측면충돌,안전운전불이행,건조,맑음,교차로 - 교차로부근,승용,남,42세,상해없음,승용,남,27세,상해없음
2019120400100557,2019년 12월 4일 17시,수요일,광주광역시 서구 치평동,부상신고사고,0,0,0,1,차대차 - 기타,안전운전불이행,건조,맑음,단일로 - 기타,승용,남,57세,부상신고,승용,여,40세,상해없음
2019120400100558,2019년 12월 4일 17시,수요일,광주광역시 서구 광천동,경상사고,0,0,1,0,차대사람 - 기타,안전운전불이행,건조,맑음,단일로 - 기타,승합,남,50세,상해없음,보행자,여,63세,경상
2019120400100559,2019년 12월 4일 17시,수요일,광주광역시 남구 송하동,중상사고,0,1,0,0,차대사람 - 횡단중,안전운전불이행,건조,맑음,단일로 - 기타,승용,남,57세,상해없음,보행자,여,81세,중상
2019120400100609,2019년 12월 4일 18시,수요일,광주광역시 서구 광천동,중상사고,0,3,3,0,차대차 - 추돌,안전운전불이행,건조,맑음,단일로 - 기타,승용,남,74세,상해없음,승용,여,29세,경상
2019120400100610,2019년 12월 4일 18시,수요일,광주광역시 북구 우산동,경상사고,0,0,1,0,차대차 - 기타,안전운전불이행,건조,맑음,기타 - 기타,승용,여,49세,상해없음,개인형이동수단(PM),남,26세,경상
2019120400100611,2019년 12월 4일 18시,수요일,광주광역시 광산구 월계동,경상사고,0,0,1,0,차대사람 - 기타,보행자보호의무위반,건조,맑음,교차로 - 교차로횡단보도내,승용,남,50세,상해없음,보행자,남,7세,경상
2019120400100680,2019년 12월 4일 20시,수요일,광주광역시 서구 쌍촌동,경상사고,0,0,1,0,차대차 - 기타,안전운전불이행,건조,맑음,단일로 - 기타,기타불명,기타불명,미분류,기타불명,승용,여,55세,경상
2019120400100681,2019년 12월 4일 20시,수요일,광주광역시 북구 신안동,경상사고,0,0,1,0,차대차 - 측면충돌,차로위반,건조,맑음,단일로 - 기타,승용,남,63세,상해없음,이륜,남,49세,경상
2019120400100725,2019년 12월 4일 22시,수요일,광주광역시 광산구 쌍암동,경상사고,0,0,1,0,차대차 - 측면충돌,교차로운행방법위반,건조,맑음,교차로 - 교차로안,승용,여,51세,경상,승용,남,45세,상해없음
2019120400100745,2019년 12월 4일 23시,수요일,광주광역시 북구 오치동,경상사고,0,0,3,0,차대차 - 추돌,안전운전불이행,건조,맑음,교차로 - 교차로부근,승용,여,23세,상해없음,승용,남,68세,경상
2019120400100746,2019년 12월 4일 23시,수요일,광주광역시 광산구 수완동,경상사고,0,0,2,0,차대차 - 측면충돌,신호위반,건조,맑음,교차로 - 교차로안,승용,남,55세,상해없음,승용,여,41세,경상
2019120500100043,2019년 12월 5일 00시,목요일,광주광역시 북구 일곡동,중상사고,0,1,1,0,차량단독 - 공작물충돌,안전운전불이행,건조,맑음,교차로 - 교차로안,승용,남,23세,경상,,,,
2019120500100052,2019년 12월 5일 01시,목요일,광주광역시 동구 계림동,경상사고,0,0,2,0,차대차 - 추돌,안전운전불이행,건조,맑음,단일로 - 기타,승용,남,29세,기타불명,승용,남,22세,경상
2019120500100053,2019년 12월 5일 01시,목요일,광주광역시 광산구 쌍암동,경상사고,0,0,1,0,차대차 - 기타,안전운전불이행,건조,맑음,교차로 - 교차로부근,승용,남,60세,상해없음,승용,남,43세,경상
2019120500100063,2019년 12월 5일 02시,목요일,광주광역시 동구 금남로1가,경상사고,0,0,4,0,차대차 - 기타,신호위반,건조,맑음,교차로 - 교차로안,승합,남,46세,상해없음,승용,남,18세,경상
2019120500100094,2019년 12월 5일 06시,목요일,광주광역시 광산구 운수동,경상사고,0,0,1,0,차대차 - 기타,안전거리미확보,건조,맑음,단일로 - 기타,화물,남,63세,상해없음,승합,남,39세,경상
2019120500100163,2019년 12월 5일 08시,목요일,광주광역시 남구 월산동,중상사고,0,1,0,0,차대차 - 측면충돌,신호위반,건조,맑음,교차로 - 교차로안,승용,남,67세,상해없음,자전거,여,58세,중상
2019120500100164,2019년 12월 5일 08시,목요일,광주광역시 북구 각화동,경상사고,0,0,1,0,차대차 - 기타,신호위반,건조,맑음,교차로 - 교차로안,승용,여,53세,상해없음,승용,여,23세,경상
2019120500100165,2019년 12월 5일 08시,목요일,광주광역시 북구 임동,경상사고,0,0,2,0,차대차 - 측면충돌,안전운전불이행,건조,맑음,단일로 - 기타,승용,남,59세,경상,승용,남,62세,경상
2019120500100198,2019년 12월 5일 09시,목요일,광주광역시 남구 백운동,경상사고,0,0,1,0,차대차 - 측면충돌,안전운전불이행,건조,맑음,단일로 - 기타,승용,남,50세,상해없음,승용,여,47세,경상
2019120500100228,2019년 12월 5일 10시,목요일,광주광역시 북구 용봉동,경상사고,0,0,2,0,차대차 - 측면충돌,안전거리미확보,건조,맑음,교차로 - 교차로안,승용,남,55세,경상,승용,여,54세,경상
2019120500100260,2019년 12월 5일 11시,목요일,광주광역시 북구 용봉동,경상사고,0,0,1,0,차대사람 - 기타,안전운전불이행,건조,맑음,단일로 - 기타,승용,여,30세,상해없음,보행자,여,20세,경상
2019120500100291,2019년 12월 5일 12시,목요일,광주광역시 광산구 도산동,경상사고,0,0,1,0,차대차 - 측면충돌,중앙선침범,건조,맑음,단일로 - 기타,승용,여,32세,상해없음,승용,남,40세,경상
2019120500100292,2019년 12월 5일 12시,목요일,광주광역시 광산구 소촌동,경상사고,0,0,1,0,차대차 - 기타,과속,건조,맑음,교차로 - 교차로부근,승용,남,55세,상해없음,승용,남,72세,경상
2019120500100322,2019년 12월 5일 13시,목요일,광주광역시 북구 운암동,중상사고,0,1,1,0,차대차 - 측면충돌,신호위반,건조,맑음,교차로 - 교차로안,이륜,남,28세,중상,승용,여,29세,경상
2019120500100399,2019년 12월 5일 15시,목요일,광주광역시 서구 치평동,경상사고,0,0,3,2,차대차 - 정면충돌,신호위반,건조,맑음,교차로 - 교차로안,승용,여,22세,경상,승용,여,64세,경상
2019120500100433,2019년 12월 5일 16시,목요일,광주광역시 서구 마륵동,중상사고,0,2,0,0,차대차 - 측면충돌,안전운전불이행,건조,맑음,교차로 - 교차로안,화물,남,36세,상해없음,승용,남,51세,중상
2019120500100434,2019년 12월 5일 16시,목요일,광주광역시 서구 양동,경상사고,0,0,1,0,차대차 - 측면충돌,안전운전불이행,건조,맑음,단일로 - 기타,승용,남,78세,상해없음,승용,여,59세,경상
2019120500100435,2019년 12월 5일 16시,목요일,광주광역시 북구 유동,경상사고,0,0,2,0,차대차 - 측면충돌,안전운전불이행,건조,맑음,교차로 - 교차로안,승용,남,30세,상해없음,승합,남,47세,경상
2019120500100436,2019년 12월 5일 16시,목요일,광주광역시 광산구 송정동,경상사고,0,0,1,0,차대차 - 측면충돌,차로위반,건조,맑음,단일로 - 기타,승용,남,41세,상해없음,승용,남,37세,경상
2019120500100488,2019년 12월 5일 17시,목요일,광주광역시 동구 소태동,중상사고,0,1,4,0,차대차 - 추돌,안전운전불이행,건조,맑음,단일로 - 기타,특수,남,42세,상해없음,승용,남,26세,중상
2019120500100489,2019년 12월 5일 17시,목요일,광주광역시 광산구 수완동,경상사고,0,0,1,0,차대사람 - 횡단중,안전운전불이행,건조,맑음,교차로 - 교차로횡단보도내,승용,남,62세,상해없음,보행자,여,60세,경상
2019120500100549,2019년 12월 5일 18시,목요일,광주광역시 동구 학동,중상사고,0,1,0,0,차대차 - 기타,안전거리미확보,건조,맑음,단일로 - 기타,이륜,남,25세,중상,승용,여,22세,상해없음
2019120500100550,2019년 12월 5일 18시,목요일,광주광역시 서구 쌍촌동,경상사고,0,0,5,0,차대차 - 측면충돌,차로위반,건조,맑음,단일로 - 기타,승용,남,63세,경상,승용,남,24세,경상
2019120500100586,2019년 12월 5일 19시,목요일,광주광역시 서구 쌍촌동,중상사고,0,1,1,0,차대사람 - 차도통행중,안전운전불이행,건조,맑음,단일로 - 기타,원동기,남,29세,경상,보행자,남,68세,중상
2019120500100617,2019년 12월 5일 20시,목요일,광주광역시 북구 오치동,경상사고,0,0,2,0,차대차 - 측면충돌,차로위반,건조,맑음,단일로 - 기타,승용,남,27세,상해없음,승합,남,58세,상해없음
2019120500100618,2019년 12월 5일 20시,목요일,광주광역시 광산구 장덕동,경상사고,0,0,1,0,차대차 - 기타,안전운전불이행,건조,흐림,단일로 - 기타,승용,남,46세,상해없음,개인형이동수단(PM),남,47세,경상
2019120600100052,2019년 12월 6일 02시,금요일,광주광역시 북구 연제동,경상사고,0,0,1,0,차대차 - 추돌,안전운전불이행,건조,맑음,단일로 - 기타,승용,남,27세,상해없음,승용,남,70세,경상
2019120600100070,2019년 12월 6일 05시,금요일,광주광역시 서구 농성동,경상사고,0,0,1,0,차대차 - 기타,중앙선침범,건조,맑음,단일로 - 기타,화물,남,45세,상해없음,승용,남,30세,경상
2019120600100202,2019년 12월 6일 09시,금요일,광주광역시 광산구 비아동,경상사고,0,0,1,0,차대차 - 측면충돌,차로위반,건조,맑음,단일로 - 기타,건설기계,남,69세,상해없음,승용,남,40세,경상
2019120600100233,2019년 12월 6일 10시,금요일,광주광역시 북구 문흥동,중상사고,0,1,1,0,차대사람 - 횡단중,안전운전불이행,건조,맑음,단일로 - 기타,승용,남,65세,상해없음,보행자,남,75세,중상
2019120600100269,2019년 12월 6일 11시,금요일,광주광역시 광산구 용곡동,경상사고,0,0,2,0,차대차 - 측면충돌,안전거리미확보,건조,맑음,단일로 - 기타,화물,남,41세,상해없음,승용,남,41세,경상
2019120600100306,2019년 12월 6일 12시,금요일,광주광역시 서구 치평동,경상사고,0,0,3,0,차대차 - 측면충돌,신호위반,건조,맑음,교차로 - 교차로안,승용,남,73세,경상,승용,남,44세,경상
2019120600100342,2019년 12월 6일 13시,금요일,광주광역시 남구 주월동,중상사고,0,1,0,0,차대차 - 측면충돌,교차로운행방법위반,건조,맑음,교차로 - 교차로안,승용,남,27세,상해없음,이륜,남,42세,중상
2019120600100343,2019년 12월 6일 13시,금요일,광주광역시 광산구 우산동,경상사고,0,0,1,0,차대차 - 측면충돌,차로위반,건조,맑음,단일로 - 터널,화물,남,64세,상해없음,화물,남,53세,상해없음
2019120600100344,2019년 12월 6일 13시,금요일,광주광역시 광산구 도천동,경상사고,0,0,2,0,차대차 - 측면충돌,안전거리미확보,건조,맑음,단일로 - 기타,승용,남,53세,상해없음,승용,여,48세,경상
2019120600100374,2019년 12월 6일 14시,금요일,광주광역시 남구 송하동,경상사고,0,0,4,0,차대차 - 측면충돌,안전거리미확보,건조,맑음,단일로 - 기타,승용,남,48세,경상,승용,남,60세,경상
2019120600100375,2019년 12월 6일 14시,금요일,광주광역시 광산구 소촌동,경상사고,0,0,3,0,차대차 - 측면충돌,교차로운행방법위반,건조,맑음,교차로 - 교차로안,승용,여,37세,경상,승용,여,26세,경상
2019120600100416,2019년 12월 6일 15시,금요일,광주광역시 북구 유동,경상사고,0,0,1,0,차대차 - 측면충돌,안전운전불이행,건조,맑음,교차로 - 교차로안,승용,여,65세,상해없음,승용,남,27세,경상
2019120600100417,2019년 12월 6일 15시,금요일,광주광역시 광산구 신가동,경상사고,0,0,1,0,차대차 - 측면충돌,신호위반,건조,맑음,단일로 - 기타,화물,남,67세,상해없음,승용,남,40세,경상
2019120600100442,2019년 12월 6일 16시,금요일,광주광역시 북구 용봉동,경상사고,0,0,1,0,차대차 - 기타,기타,건조,맑음,단일로 - 기타,승용,여,40세,상해없음,사륜오토바이(ATV),남,51세,경상
2019120600100490,2019년 12월 6일 17시,금요일,광주광역시 남구 송하동,경상사고,0,0,1,0,차대차 - 기타,안전거리미확보,건조,맑음,교차로 - 교차로안,건설기계,남,56세,상해없음,승용,남,27세,경상
2019120600100491,2019년 12월 6일 17시,금요일,광주광역시 북구 삼각동,경상사고,0,0,1,0,차대차 - 측면충돌,기타,건조,맑음,교차로 - 교차로부근,승용,여,47세,상해없음,승용,남,27세,경상
2019120600100565,2019년 12월 6일 18시,금요일,광주광역시 서구 치평동,경상사고,0,0,2,0,차대차 - 측면충돌,기타,건조,맑음,단일로 - 기타,승용,남,55세,상해없음,이륜,남,38세,경상
2019120600100566,2019년 12월 6일 18시,금요일,광주광역시 서구 화정동,경상사고,0,0,1,0,차대차 - 기타,직진우회전진행방해,건조,맑음,교차로 - 교차로부근,승용,남,56세,상해없음,승용,여,29세,경상
2019120600100567,2019년 12월 6일 18시,금요일,광주광역시 북구 유동,경상사고,0,0,2,0,차대차 - 기타,안전운전불이행,건조,맑음,단일로 - 기타,승용,남,50세,상해없음,승용,남,32세,경상
2019120600100568,2019년 12월 6일 18시,금요일,광주광역시 광산구 월곡동,경상사고,0,0,4,0,차대차 - 추돌,안전거리미확보,건조,맑음,교차로 - 교차로부근,승용,남,46세,상해없음,승용,남,27세,경상
2019120600100624,2019년 12월 6일 19시,금요일,광주광역시 북구 중흥동,경상사고,0,0,1,0,차대차 - 측면충돌,직진우회전진행방해,건조,맑음,교차로 - 교차로안,자전거,남,19세,경상,승용,남,35세,상해없음
2019120600100625,2019년 12월 6일 19시,금요일,광주광역시 광산구 월곡동,경상사고,0,0,1,0,차대차 - 측면충돌,교차로운행방법위반,건조,맑음,교차로 - 교차로안,승용,남,49세,상해없음,이륜,남,16세,경상
2019120600100663,2019년 12월 6일 20시,금요일,광주광역시 광산구 송정동,경상사고,0,0,1,0,차대차 - 측면충돌,안전운전불이행,건조,맑음,교차로 - 교차로안,승용,남,54세,상해없음,자전거,여,45세,경상
2019120600100701,2019년 12월 6일 21시,금요일,광주광역시 서구 화정동,경상사고,0,0,2,0,차대차 - 추돌,안전운전불이행,건조,맑음,교차로 - 교차로부근,화물,남,65세,상해없음,승용,남,48세,경상
2019120600100702,2019년 12월 6일 21시,금요일,광주광역시 북구 동림동,경상사고,0,0,4,0,차대차 - 추돌,안전운전불이행,건조,맑음,단일로 - 교량,승용,남,26세,상해없음,승용,여,38세,경상
2019120600100703,2019년 12월 6일 21시,금요일,광주광역시 광산구 우산동,경상사고,0,0,2,0,차대차 - 기타,교차로운행방법위반,건조,맑음,교차로 - 교차로안,이륜,남,19세,상해없음,승용,남,26세,경상
2019120600100729,2019년 12월 6일 22시,금요일,광주광역시 북구 신용동,경상사고,0,0,1,0,차대차 - 추돌,안전거리미확보,건조,맑음,교차로 - 교차로부근,승용,여,47세,기타불명,승용,여,46세,경상
2019120700100059,2019년 12월 7일 01시,토요일,광주광역시 북구 연제동,경상사고,0,0,1,0,차량단독 - 공작물충돌,안전운전불이행,건조,맑음,단일로 - 기타,승용,남,47세,경상,,,,
2019120700100075,2019년 12월 7일 03시,토요일,광주광역시 서구 금호동,경상사고,0,0,2,0,차대차 - 기타,안전운전불이행,건조,맑음,교차로 - 교차로부근,승용,남,64세,상해없음,승용,남,39세,경상
2019120700100143,2019년 12월 7일 08시,토요일,광주광역시 광산구 수완동,경상사고,0,0,1,0,차대차 - 기타,안전운전불이행,건조,맑음,단일로 - 기타,승용,남,51세,상해없음,승용,남,28세,경상
2019120700100163,2019년 12월 7일 09시,토요일,광주광역시 서구 농성동,경상사고,0,0,1,0,차대사람 - 횡단중,안전운전불이행,건조,맑음,단일로 - 기타,승용,남,53세,상해없음,보행자,여,55세,경상