사고번호,사고일시,요일,시군구,사고내용,사망자수,중상자수,경상자수,부상신고자수,사고유형,법규위반,노면상태,기상상태,도로형태,가해운전자 차종,가해운전자 성별,가해운전자 연령,가해운전자 상해정도,피해운전자 차종,피해운전자 성별,피해운전자 연령,피해운전자 상해정도
2019122700100074,2019년 12월 27일 05시,금요일,광주광역시 남구 월산동,경상사고,0,0,1,0,차대차 - 정면충돌,중앙선침범,건조,맑음,단일로 - 기타,승용,남,25세,상해없음,자전거,남,61세,경상
2019122700100087,2019년 12월 27일 06시,금요일,광주광역시 북구 양산동,중상사고,0,1,0,0,차대사람 - 횡단중,보행자보호의무위반,건조,맑음,단일로 - 기타,승용,여,52세,상해없음,보행자,여,45세,중상
2019122700100150,2019년 12월 27일 08시,금요일,광주광역시 북구 두암동,경상사고,0,0,1,0,차대사람 - 기타,안전운전불이행,건조,맑음,단일로 - 기타,승용,남,64세,상해없음,보행자,남,48세,경상
2019122700100208,2019년 12월 27일 10시,금요일,광주광역시 동구 계림동,경상사고,0,0,3,0,차대차 - 측면충돌,안전거리미확보,건조,맑음,단일로 - 기타,승용,남,18세,경상,승용,남,29세,경상
2019122700100209,2019년 12월 27일 10시,금요일,광주광역시 서구 치평동,경상사고,0,0,2,0,차대차 - 추돌,안전운전불이행,건조,맑음,교차로 - 교차로부근,승용,여,56세,상해없음,승용,남,43세,경상
2019122700100273,2019년 12월 27일 12시,금요일,광주광역시 광산구 광산동,중상사고,0,1,0,0,차량단독 - 공작물충돌,안전운전불이행,건조,맑음,단일로 - 교량,승용,남,60세,중상,,,,
2019122700100339,2019년 12월 27일 14시,금요일,광주광역시 서구 치평동,경상사고,0,0,3,0,차대차 - 측면충돌,안전운전불이행,건조,맑음,단일로 - 기타,승용,남,69세,상해없음,승용,남,60세,경상
2019122700100340,2019년 12월 27일 14시,금요일,광주광역시 남구 노대동,경상사고,0,0,1,0,차대차 - 측면충돌,안전거리미확보,건조,맑음,단일로 - 기타,승용,남,75세,상해없음,승용,여,43세,경상
2019122700100341,2019년 12월 27일 14시,금요일,광주광역시 북구 일곡동,경상사고,0,0,2,0,차대차 - 추돌,안전운전불이행,건조,맑음,단일로 - 기타,승용,여,23세,상해없음,승용,여,49세,경상
2019122700100379,2019년 12월 27일 15시,금요일,광주광역시 광산구 신가동,중상사고,0,1,0,0,차대사람 - 횡단중,보행자보호의무위반,건조,맑음,교차로 - 교차로횡단보도내,승용,남,65세,상해없음,보행자,여,26세,중상
2019122700100412,2019년 12월 27일 16시,금요일,광주광역시 광산구 우산동,경상사고,0,0,1,0,차대차 - 기타,안전운전불이행,건조,맑음,단일로 - 기타,화물,남,35세,상해없음,이륜,남,42세,경상
2019122700100453,2019년 12월 27일 17시,금요일,광주광역시 서구 광천동,경상사고,0,0,1,0,차대차 - 후진중충돌,안전운전불이행,건조,맑음,단일로 - 기타,승용,남,72세,상해없음,승용,여,50세,경상
2019122700100454,2019년 12월 27일 17시,금요일,광주광역시 남구 서동,경상사고,0,0,1,0,차대차 - 측면충돌,안전거리미확보,건조,맑음,단일로 - 기타,화물,남,25세,상해없음,승용,여,39세,경상
2019122700100455,2019년 12월 27일 17시,금요일,광주광역시 광산구 우산동,경상사고,0,0,1,0,차대차 - 기타,안전거리미확보,건조,맑음,단일로 - 기타,승용,여,63세,상해없음,승용,남,38세,경상
2019122700100503,2019년 12월 27일 18시,금요일,광주광역시 동구 계림동,중상사고,0,1,0,0,차대사람 - 횡단중,안전운전불이행,건조,맑음,교차로 - 교차로부근,승용,남,54세,상해없음,보행자,남,74세,중상
2019122700100547,2019년 12월 27일 19시,금요일,광주광역시 북구 문흥동,중상사고,0,1,2,0,차대차 - 추돌,안전운전불이행,건조,맑음,단일로 - 기타,승용,남,59세,상해없음,승용,여,40세,경상
2019122700100560,2019년 12월 27일 19시,금요일,광주광역시 서구 쌍촌동,경상사고,0,0,1,0,차대사람 - 기타,안전운전불이행,건조,맑음,교차로 - 교차로부근,승용,남,24세,상해없음,보행자,여,40세,경상
2019122700100593,2019년 12월 27일 20시,금요일,광주광역시 서구 덕흥동,경상사고,0,0,1,0,차대차 - 기타,안전운전불이행,건조,맑음,단일로 - 기타,승합,남,61세,상해없음,승용,여,44세,경상
2019122700100623,2019년 12월 27일 21시,금요일,광주광역시 북구 신용동,경상사고,0,0,1,0,차대차 - 측면충돌,안전운전불이행,젖음/습기,비,교차로 - 교차로안,승용,여,50세,상해없음,이륜,남,21세,경상
2019122700100650,2019년 12월 27일 22시,금요일,광주광역시 서구 치평동,경상사고,0,0,1,0,차대사람 - 기타,안전운전불이행,건조,맑음,교차로 - 교차로횡단보도내,기타불명,기타불명,미분류,기타불명,보행자,남,45세,경상
2019122700100651,2019년 12월 27일 22시,금요일,광주광역시 북구 신안동,경상사고,0,0,2,0,차대차 - 기타,신호위반,건조,맑음,교차로 - 교차로안,승용,여,51세,상해없음,승용,남,53세,경상
2019122800100040,2019년 12월 28일 00시,토요일,광주광역시 서구 마륵동,경상사고,0,0,2,0,차대차 - 추돌,안전운전불이행,건조,맑음,교차로 - 교차로부근,승용,남,55세,상해없음,승용,남,35세,경상
2019122800100041,2019년 12월 28일 00시,토요일,광주광역시 북구 풍향동,경상사고,0,0,5,0,차대차 - 기타,신호위반,건조,맑음,교차로 - 교차로안,승용,남,25세,경상,승용,남,58세,경상
2019122800100042,2019년 12월 28일 00시,토요일,광주광역시 북구 용봉동,경상사고,0,0,1,0,차대사람 - 기타,안전운전불이행,건조,맑음,교차로 - 교차로안,승용,남,21세,기타불명,보행자,남,24세,경상
2019122800100064,2019년 12월 28일 01시,토요일,광주광역시 서구 화정동,경상사고,0,0,4,0,차대차 - 추돌,안전운전불이행,건조,맑음,교차로 - 교차로부근,승용,남,42세,상해없음,승용,남,30세,경상
2019122800100081,2019년 12월 28일 02시,토요일,광주광역시 서구 치평동,중상사고,0,1,1,0,차대차 - 추돌,안전운전불이행,건조,맑음,단일로 - 기타,승용,남,28세,상해없음,승용,남,64세,경상
2019122800100104,2019년 12월 28일 05시,토요일,광주광역시 남구 백운동,경상사고,0,0,1,0,차대차 - 측면충돌,안전거리미확보,건조,맑음,단일로 - 기타,승용,남,50세,상해없음,승용,여,50세,경상
2019122800100105,2019년 12월 28일 05시,토요일,광주광역시 남구 월산동,경상사고,0,0,3,0,차대차 - 추돌,안전운전불이행,건조,맑음,단일로 - 기타,기타불명,기타불명,미분류,기타불명,승용,남,42세,경상
2019122800100137,2019년 12월 28일 07시,토요일,광주광역시 서구 금호동,경상사고,0,0,1,0,차대사람 - 기타,기타,건조,맑음,단일로 - 기타,화물,남,58세,상해없음,보행자,남,64세,경상
2019122800100191,2019년 12월 28일 10시,토요일,광주광역시 남구 봉선동,경상사고,0,0,3,0,차대차 - 기타,교차로운행방법위반,건조,맑음,교차로 - 교차로안,승용,남,61세,경상,화물,여,62세,경상
2019122800100192,2019년 12월 28일 10시,토요일,광주광역시 광산구 수완동,경상사고,0,0,7,0,차대차 - 기타,신호위반,건조,맑음,교차로 - 교차로안,승용,남,48세,상해없음,승용,남,34세,경상
2019122800100220,2019년 12월 28일 11시,토요일,광주광역시 서구 유촌동,중상사고,0,1,0,0,차대차 - 측면충돌,신호위반,건조,맑음,교차로 - 교차로안,승용,남,53세,상해없음,이륜,남,38세,중상
2019122800100323,2019년 12월 28일 15시,토요일,광주광역시 광산구 송정동,경상사고,0,0,2,0,차대차 - 측면충돌,안전운전불이행,건조,맑음,교차로 - 교차로안,승합,남,47세,상해없음,승용,남,36세,경상
2019122800100358,2019년 12월 28일 16시,토요일,광주광역시 남구 백운동,경상사고,0,0,3,0,차대차 - 추돌,안전거리미확보,건조,맑음,단일로 - 기타,승용,남,63세,상해없음,승용,여,28세,경상
2019122800100359,2019년 12월 28일 16시,토요일,광주광역시 북구 우산동,경상사고,0,0,2,0,차대차 - 기타,안전거리미확보,건조,맑음,단일로 - 기타,건설기계,남,56세,상해없음,승용,남,76세,경상
2019122800100398,2019년 12월 28일 17시,토요일,광주광역시 북구 두암동,경상사고,0,0,2,0,차대차 - 추돌,안전운전불이행,건조,맑음,단일로 - 기타,승용,남,33세,상해없음,승용,남,35세,경상
2019122800100445,2019년 12월 28일 18시,토요일,광주광역시 서구 쌍촌동,경상사고,0,0,1,0,차대차 - 측면충돌,차로위반,건조,맑음,단일로 - 기타,승용,남,47세,상해없음,이륜,남,18세,경상
2019122800100446,2019년 12월 28일 18시,토요일,광주광역시 서구 유촌동,경상사고,0,0,3,0,차대차 - 측면충돌,안전거리미확보,건조,맑음,단일로 - 기타,승용,남,60세,경상,승용,남,22세,경상
2019122800100447,2019년 12월 28일 18시,토요일,광주광역시 북구 각화동,경상사고,0,0,1,0,차대차 - 측면충돌,교차로운행방법위반,건조,맑음,교차로 - 교차로안,승용,남,56세,상해없음,화물,남,62세,경상
2019122800100479,2019년 12월 28일 19시,토요일,광주광역시 남구 송하동,경상사고,0,0,3,0,차대차 - 측면충돌,교차로운행방법위반,건조,맑음,교차로 - 교차로안,승용,여,39세,경상,승용,남,62세,경상
2019122800100501,2019년 12월 28일 20시,토요일,광주광역시 광산구 우산동,경상사고,0,0,1,0,차대차 - 기타,불법유턴,건조,맑음,단일로 - 기타,승용,남,52세,상해없음,원동기,남,27세,경상
2019122800100567,2019년 12월 28일 23시,토요일,광주광역시 동구 금동,경상사고,0,0,3,0,차대차 - 측면충돌,신호위반,건조,흐림,교차로 - 교차로안,승용,남,61세,상해없음,승용,남,45세,상해없음
2019122800100568,2019년 12월 28일 23시,토요일,광주광역시 서구 치평동,경상사고,0,0,1,0,차대차 - 측면충돌,안전운전불이행,건조,맑음,단일로 - 기타,승용,남,45세,상해없음,승용,남,34세,경상
2019122800100569,2019년 12월 28일 23시,토요일,광주광역시 서구 풍암동,경상사고,0,0,4,0,차대차 - 측면충돌,교차로운행방법위반,건조,맑음,교차로 - 교차로안,승용,여,51세,경상,승용,여,44세,경상
2019122900100064,2019년 12월 29일 03시,일요일,광주광역시 서구 치평동,경상사고,0,0,1,0,차대차 - 측면충돌,안전거리미확보,건조,맑음,단일로 - 기타,승용,남,23세,기타불명,화물,남,27세,경상
2019122900100068,2019년 12월 29일 04시,일요일,광주광역시 남구 진월동,경상사고,0,0,2,0,차대차 - 추돌,안전운전불이행,건조,맑음,단일로 - 기타,승용,남,53세,상해없음,승용,남,38세,경상
2019122900100082,2019년 12월 29일 05시,일요일,광주광역시 서구 화정동,경상사고,0,0,3,0,차대차 - 측면충돌,안전운전불이행,건조,맑음,교차로 - 교차로안,승용,여,35세,상해없음,승용,남,66세,경상
2019122900100159,2019년 12월 29일 11시,일요일,광주광역시 동구 대인동,중상사고,0,1,5,0,차대차 - 기타,교차로운행방법위반,건조,맑음,교차로 - 교차로안,승용,여,46세,경상,승용,여,43세,경상
2019122900100160,2019년 12월 29일 11시,일요일,광주광역시 북구 월출동,경상사고,0,0,1,0,차대사람 - 기타,안전운전불이행,건조,맑음,단일로 - 기타,승용,남,83세,상해없음,보행자,남,15세,경상
2019122900100161,2019년 12월 29일 11시,일요일,광주광역시 광산구 산월동,경상사고,0,0,3,0,차대차 - 측면충돌,안전운전불이행,젖음/습기,비,단일로 - 기타,승용,남,58세,경상,승용,남,62세,경상
2019122900100177,2019년 12월 29일 12시,일요일,광주광역시 북구 일곡동,경상사고,0,0,1,0,차대차 - 측면충돌,직진우회전진행방해,젖음/습기,흐림,교차로 - 교차로안,승용,남,51세,상해없음,이륜,남,32세,경상
2019122900100213,2019년 12월 29일 14시,일요일,광주광역시 서구 광천동,부상신고사고,0,0,0,1,차대사람 - 기타,안전운전불이행,젖음/습기,비,단일로 - 기타,기타불명,기타불명,미분류,기타불명,보행자,남,54세,부상신고
2019122900100249,2019년 12월 29일 16시,일요일,광주광역시 서구 쌍촌동,중상사고,0,1,0,0,차대차 - 기타,교차로운행방법위반,젖음/습기,비,교차로 - 교차로안,승용,남,49세,상해없음,이륜,남,58세,중상
2019122900100274,2019년 12월 29일 17시,일요일,광주광역시 서구 광천동,경상사고,0,0,1,0,차대차 - 기타,안전운전불이행,젖음/습기,맑음,단일로 - 기타,화물,남,52세,상해없음,승용,남,43세,경상
2019122900100275,2019년 12월 29일 17시,일요일,광주광역시 서구 풍암동,경상사고,0,0,1,0,차대차 - 측면충돌,안전운전불이행,건조,맑음,교차로 - 교차로부근,승용,남,52세,상해없음,승용,여,26세,경상
2019122900100276,2019년 12월 29일 17시,일요일,광주광역시 북구 일곡동,경상사고,0,0,6,0,차대차 - 정면충돌,안전운전불이행,건조,맑음,교차로 - 교차로안,승용,여,35세,경상,승용,여,54세,경상
2019122900100277,2019년 12월 29일 17시,일요일,광주광역시 북구 문흥동,경상사고,0,0,2,0,차대차 - 기타,안전거리미확보,젖음/습기,비,단일로 - 기타,기타불명,기타불명,미분류,기타불명,승합,남,53세,상해없음
2019122900100315,2019년 12월 29일 18시,일요일,광주광역시 북구 임동,경상사고,0,0,3,0,차대차 - 측면충돌,안전운전불이행,젖음/습기,비,단일로 - 기타,이륜,남,27세,경상,승용,남,33세,경상
2019122900100316,2019년 12월 29일 18시,일요일,광주광역시 광산구 신창동,경상사고,0,0,2,0,차대차 - 측면충돌,교차로운행방법위반,젖음/습기,비,교차로 - 교차로부근,화물,남,21세,상해없음,승합,남,33세,경상
2019122900100348,2019년 12월 29일 19시,일요일,광주광역시 동구 서석동,경상사고,0,0,1,0,차대사람 - 차도통행중,신호위반,젖음/습기,비,교차로 - 교차로안,이륜,남,34세,상해없음,보행자,남,21세,경상
2019122900100349,2019년 12월 29일 19시,일요일,광주광역시 북구 양산동,경상사고,0,0,2,0,차대차 - 정면충돌,신호위반,젖음/습기,비,교차로 - 교차로안,이륜,남,24세,상해없음,승용,여,44세,경상
2019122900100350,2019년 12월 29일 19시,일요일,광주광역시 광산구 월계동,경상사고,0,0,1,0,차대차 - 추돌,안전운전불이행,젖음/습기,비,교차로 - 교차로부근,승용,남,39세,상해없음,승용,남,51세,상해없음
2019122900100395,2019년 12월 29일 20시,일요일,광주광역시 서구 동천동,경상사고,0,0,1,0,차대차 - 측면충돌,안전거리미확보,젖음/습기,비,단일로 - 기타,승용,남,57세,상해없음,승용,남,21세,경상
2019122900100396,2019년 12월 29일 20시,일요일,광주광역시 광산구 월계동,경상사고,0,0,1,0,차대사람 - 횡단중,안전운전불이행,젖음/습기,비,교차로 - 교차로안,승용,여,49세,상해없음,보행자,남,53세,경상
2019122900100397,2019년 12월 29일 20시,일요일,광주광역시 광산구 신가동,경상사고,0,0,1,0,차대사람 - 횡단중,안전운전불이행,건조,맑음,교차로 - 교차로횡단보도내,승용,남,37세,상해없음,보행자,여,15세,경상
2019122900100426,2019년 12월 29일 21시,일요일,광주광역시 서구 화정동,경상사고,0,0,2,0,차대차 - 측면충돌,신호위반,건조,맑음,교차로 - 교차로안,승용,남,65세,상해없음,승용,남,34세,경상
2019122900100427,2019년 12월 29일 21시,일요일,광주광역시 북구 오치동,경상사고,0,0,2,0,차대사람 - 차도통행중,안전운전불이행,젖음/습기,비,단일로 - 기타,이륜,남,28세,경상,보행자,남,55세,경상
2019122900100474,2019년 12월 29일 23시,일요일,광주광역시 북구 용봉동,경상사고,0,0,1,0,차대차 - 측면충돌,안전거리미확보,젖음/습기,맑음,단일로 - 기타,승용,남,25세,상해없음,승용,남,27세,경상
2019123000100073,2019년 12월 30일 06시,월요일,광주광역시 서구 풍암동,경상사고,0,0,2,0,차대차 - 기타,신호위반,젖음/습기,비,교차로 - 교차로안,승용,남,61세,상해없음,화물,남,51세,경상
2019123000100118,2019년 12월 30일 08시,월요일,광주광역시 서구 치평동,경상사고,0,0,1,0,차대차 - 측면충돌,안전거리미확보,건조,맑음,단일로 - 기타,승용,남,27세,상해없음,승용,여,40세,경상
2019123000100119,2019년 12월 30일 08시,월요일,광주광역시 북구 운암동,경상사고,0,0,1,0,차대차 - 추돌,안전거리미확보,건조,맑음,교차로 - 교차로안,승용,남,59세,상해없음,승용,여,59세,경상
2019123000100120,2019년 12월 30일 08시,월요일,광주광역시 북구 용두동,경상사고,0,0,1,0,차대차 - 측면충돌,안전거리미확보,젖음/습기,흐림,단일로 - 기타,승용,남,44세,상해없음,승용,여,46세,경상
2019123000100121,2019년 12월 30일 08시,월요일,광주광역시 광산구 우산동,경상사고,0,0,1,0,차대사람 - 차도통행중,안전운전불이행,건조,맑음,단일로 - 기타,기타불명,기타불명,미분류,기타불명,보행자,남,30세,경상
2019123000100141,2019년 12월 30일 09시,월요일,광주광역시 서구 쌍촌동,경상사고,0,0,1,0,차대차 - 측면충돌,교차로운행방법위반,건조,맑음,교차로 - 교차로안,승용,여,59세,상해없음,승용,남,38세,경상
2019123000100142,2019년 12월 30일 09시,월요일,광주광역시 북구 용봉동,중상사고,0,1,0,0,차대사람 - 횡단중,보행자보호의무위반,젖음/습기,흐림,단일로 - 기타,승용,남,58세,상해없음,보행자,남,65세,중상
2019123000100167,2019년 12월 30일 10시,월요일,광주광역시 서구 매월동,경상사고,0,0,1,0,차대차 - 후진중충돌,안전운전불이행,건조,맑음,단일로 - 기타,승용,여,38세,경상,승용,여,49세,기타불명
2019123000100168,2019년 12월 30일 10시,월요일,광주광역시 북구 운암동,경상사고,0,0,1,0,차대차 - 기타,안전거리미확보,젖음/습기,비,단일로 - 기타,승용,남,63세,상해없음,이륜,남,52세,경상
2019123000100169,2019년 12월 30일 10시,월요일,광주광역시 북구 매곡동,경상사고,0,0,2,0,차대차 - 측면충돌,안전운전불이행,건조,맑음,단일로 - 기타,화물,남,54세,경상,승용,여,39세,경상
2019123000100170,2019년 12월 30일 10시,월요일,광주광역시 광산구 도산동,경상사고,0,0,2,0,차대차 - 측면충돌,안전운전불이행,건조,맑음,교차로 - 교차로안,화물,남,50세,상해없음,승용,남,29세,경상
2019123000100203,2019년 12월 30일 11시,월요일,광주광역시 북구 두암동,경상사고,0,0,2,0,차대차 - 측면충돌,안전운전불이행,건조,맑음,교차로 - 교차로안,승용,여,53세,경상,승용,남,58세,경상
2019123000100204,2019년 12월 30일 11시,월요일,광주광역시 광산구 산정동,경상사고,0,0,1,0,차대차 - 추돌,안전운전불이행,건조,맑음,단일로 - 기타,이륜,남,36세,상해없음,승용,여,62세,경상
2019123000100205,2019년 12월 30일 11시,월요일,광주광역시 광산구 수완동,경상사고,0,0,1,0,차대차 - 기타,안전운전불이행,젖음/습기,흐림,단일로 - 기타,승용,여,49세,상해없음,이륜,남,52세,경상
2019123000100206,2019년 12월 30일 11시,월요일,광주광역시 광산구 월계동,경상사고,0,0,1,0,차대사람 - 길가장자리구역통행중,안전운전불이행,젖음/습기,맑음,주차장 - 주차장,화물,남,45세,상해없음,보행자,남,28세,경상
2019123000100241,2019년 12월 30일 12시,월요일,광주광역시 북구 일곡동,경상사고,0,0,2,1,차대차 - 추돌,안전운전불이행,건조,맑음,교차로 - 교차로부근,승용,여,58세,상해없음,승용,여,40세,경상
2019123000100266,2019년 12월 30일 13시,월요일,광주광역시 광산구 월계동,경상사고,0,0,1,0,차대차 - 추돌,안전운전불이행,건조,맑음,교차로 - 교차로안,승용,여,28세,상해없음,이륜,남,27세,경상
2019123000100299,2019년 12월 30일 14시,월요일,광주광역시 북구 오치동,중상사고,0,1,0,0,차대사람 - 횡단중,안전운전불이행,건조,맑음,단일로 - 기타,승용,여,45세,상해없음,보행자,여,67세,중상
2019123000100300,2019년 12월 30일 14시,월요일,광주광역시 북구 운암동,경상사고,0,0,3,0,차대차 - 기타,안전운전불이행,건조,맑음,교차로 - 교차로안,승용,여,29세,경상,승용,남,59세,경상
2019123000100301,2019년 12월 30일 14시,월요일,광주광역시 광산구 우산동,경상사고,0,0,1,0,차대차 - 추돌,안전운전불이행,건조,맑음,단일로 - 기타,승용,남,62세,상해없음,승용,남,41세,경상
2019123000100332,2019년 12월 30일 15시,월요일,광주광역시 서구 치평동,경상사고,0,0,1,0,차대차 - 추돌,안전운전불이행,건조,맑음,단일로 - 기타,승용,남,67세,상해없음,승용,남,48세,경상
2019123000100364,2019년 12월 30일 16시,월요일,광주광역시 북구 용봉동,경상사고,0,0,1,0,차대사람 - 기타,안전운전불이행,건조,맑음,단일로 - 기타,승용,여,23세,상해없음,보행자,남,17세,경상
2019123000100408,2019년 12월 30일 17시,월요일,광주광역시 동구 산수동,경상사고,0,0,1,0,차대사람 - 기타,안전운전불이행,건조,맑음,교차로 - 교차로부근,승용,남,45세,기타불명,보행자,여,66세,경상
2019123000100409,2019년 12월 30일 17시,월요일,광주광역시 서구 치평동,경상사고,0,0,3,0,차대차 - 기타,안전운전불이행,건조,맑음,교차로 - 교차로부근,승용,남,19세,상해없음,승용,남,39세,경상
2019123000100410,2019년 12월 30일 17시,월요일,광주광역시 서구 풍암동,경상사고,0,0,1,0,차대사람 - 기타,중앙선침범,건조,맑음,교차로 - 교차로부근,승용,여,66세,상해없음,보행자,남,64세,경상
2019123000100411,2019년 12월 30일 17시,월요일,광주광역시 북구 연제동,경상사고,0,0,1,0,차대차 - 추돌,안전운전불이행,건조,맑음,단일로 - 기타,화물,남,75세,상해없음,승용,남,35세,경상
2019123000100412,2019년 12월 30일 17시,월요일,광주광역시 광산구 월계동,경상사고,0,0,2,0,차대차 - 측면충돌,안전거리미확보,건조,맑음,단일로 - 기타,승용,남,23세,경상,원동기,남,26세,경상
2019123000100478,2019년 12월 30일 18시,월요일,광주광역시 서구 쌍촌동,경상사고,0,0,1,0,차대차 - 측면충돌,교차로운행방법위반,건조,맑음,교차로 - 교차로안,승용,여,44세,상해없음,승용,여,46세,경상
2019123000100479,2019년 12월 30일 18시,월요일,광주광역시 서구 광천동,경상사고,0,0,1,0,차대차 - 측면충돌,안전운전불이행,건조,맑음,교차로 - 교차로안,화물,남,55세,상해없음,승용,남,35세,경상
2019123000100519,2019년 12월 30일 19시,월요일,광주광역시 남구 백운동,경상사고,0,0,2,0,차대차 - 측면충돌,교차로운행방법위반,건조,맑음,교차로 - 교차로안,승용,남,64세,경상,승용,남,45세,경상
2019123000100520,2019년 12월 30일 19시,월요일,광주광역시 광산구 월곡동,경상사고,0,0,2,0,차대차 - 측면충돌,안전운전불이행,건조,맑음,단일로 - 기타,화물,남,62세,상해없음,승용,남,41세,경상
2019123000100577,2019년 12월 30일 21시,월요일,광주광역시 북구 본촌동,중상사고,0,1,0,0,차대사람 - 횡단중,안전운전불이행,건조,맑음,교차로 - 교차로횡단보도내,승합,남,46세,상해없음,보행자,여,12세,중상
2019123000100605,2019년 12월 30일 22시,월요일,광주광역시 북구 각화동,경상사고,0,0,1,0,차대차 - 기타,안전운전불이행,건조,맑음,교차로 - 교차로안,승용,남,43세,상해없음,이륜,남,25세,경상
2019123000100606,2019년 12월 30일 22시,월요일,광주광역시 광산구 산월동,중상사고,0,1,7,0,차대차 - 추돌,안전운전불이행,건조,맑음,교차로 - 교차로부근,승용,남,45세,상해없음,승용,남,50세,경상
2019123100100034,2019년 12월 31일 00시,화요일,광주광역시 광산구 하남동,경상사고,0,0,1,0,차량단독 - 기타,안전운전불이행,건조,맑음,단일로 - 기타,자전거,남,49세,경상,,,,
2019123100100049,2019년 12월 31일 01시,화요일,광주광역시 북구 오룡동,부상신고사고,0,0,0,1,차량단독 - 공작물충돌,안전운전불이행,건조,맑음,교차로 - 교차로안,승용,여,47세,부상신고,,,,
2019123100100097,2019년 12월 31일 06시,화요일,광주광역시 북구 각화동,경상사고,0,0,2,0,차대차 - 기타,안전운전불이행,건조,맑음,단일로 - 기타,승용,여,56세,경상,승합,남,47세,경상
2019123100100161,2019년 12월 31일 09시,화요일,광주광역시 서구 치평동,중상사고,0,1,0,0,차대차 - 기타,안전운전불이행,건조,맑음,교차로 - 교차로횡단보도내,승용,남,29세,상해없음,자전거,남,76세,중상
2019123100100162,2019년 12월 31일 09시,화요일,광주광역시 광산구 수완동,경상사고,0,0,1,0,차대차 - 측면충돌,신호위반,건조,맑음,교차로 - 교차로부근,승용,남,59세,상해없음,승용,여,37세,경상
2019123100100189,2019년 12월 31일 10시,화요일,광주광역시 광산구 우산동,경상사고,0,0,2,0,차대차 - 측면충돌,안전거리미확보,건조,맑음,단일로 - 기타,승용,여,43세,기타불명,승용,남,53세,경상
2019123100100217,2019년 12월 31일 11시,화요일,광주광역시 동구 남동,경상사고,0,0,1,0,차대차 - 추돌,안전거리미확보,건조,맑음,단일로 - 기타,승용,남,64세,상해없음,승용,여,50세,경상
2019123100100245,2019년 12월 31일 12시,화요일,광주광역시 북구 문흥동,중상사고,0,1,0,0,차대사람 - 횡단중,보행자보호의무위반,건조,맑음,단일로 - 기타,승용,여,53세,상해없음,보행자,여,14세,중상
2019123100100318,2019년 12월 31일 14시,화요일,광주광역시 동구 학동,경상사고,0,0,2,0,차대차 - 기타,안전운전불이행,건조,맑음,단일로 - 기타,승용,남,82세,상해없음,승용,남,30세,상해없음
2019123100100319,2019년 12월 31일 14시,화요일,광주광역시 광산구 월곡동,경상사고,0,0,3,0,차대차 - 측면충돌,안전운전불이행,건조,맑음,단일로 - 기타,화물,남,37세,상해없음,승용,여,46세,경상
2019123100100348,2019년 12월 31일 15시,화요일,광주광역시 동구 지산동,경상사고,0,0,1,0,차대차 - 측면충돌,직진우회전진행방해,건조,흐림,교차로 - 교차로안,이륜,남,18세,상해없음,승용,남,71세,경상
2019123100100349,2019년 12월 31일 15시,화요일,광주광역시 동구 수기동,경상사고,0,0,1,0,차대차 - 측면충돌,신호위반,건조,맑음,교차로 - 교차로안,승용,남,73세,상해없음,승용,여,53세,경상
2019123100100488,2019년 12월 31일 18시,화요일,광주광역시 남구 주월동,경상사고,0,0,1,0,차대사람 - 기타,안전운전불이행,건조,맑음,단일로 - 기타,기타불명,기타불명,미분류,기타불명,보행자,남,57세,경상
2019123100100489,2019년 12월 31일 18시,화요일,광주광역시 북구 임동,경상사고,0,0,1,0,차대차 - 추돌,안전운전불이행,건조,맑음,단일로 - 기타,승용,여,45세,상해없음,승용,여,27세,경상
2019123100100538,2019년 12월 31일 19시,화요일,광주광역시 남구 월산동,경상사고,0,0,2,0,차대차 - 측면충돌,안전거리미확보,건조,맑음,단일로 - 기타,승용,여,43세,상해없음,승용,남,68세,경상
2019123100100575,2019년 12월 31일 20시,화요일,광주광역시 광산구 월계동,경상사고,0,0,1,0,차대차 - 기타,안전거리미확보,건조,맑음,교차로 - 교차로안,화물,남,58세,상해없음,이륜,남,21세,경상
2019123100100576,2019년 12월 31일 20시,화요일,광주광역시 광산구 수완동,경상사고,0,0,2,0,차대차 - 후진중충돌,안전운전불이행,건조,맑음,교차로 - 교차로부근,승용,남,32세,상해없음,승용,남,25세,경상
2019123100100602,2019년 12월 31일 21시,화요일,광주광역시 광산구 흑석동,경상사고,0,0,1,0,차대차 - 기타,차로위반,건조,맑음,단일로 - 기타,승용,남,53세,상해없음,승용,남,68세,경상
2019123100100625,2019년 12월 31일 22시,화요일,광주광역시 북구 운암동,경상사고,0,0,1,0,차대사람 - 기타,기타,건조,맑음,단일로 - 기타,승합,남,52세,상해없음,보행자,여,48세,경상
2019123100100626,2019년 12월 31일 22시,화요일,광주광역시 북구 임동,경상사고,0,0,2,0,차대차 - 측면충돌,안전거리미확보,건조,맑음,교차로 - 교차로부근,승용,남,24세,상해없음,승용,남,44세,경상
2019123100100627,2019년 12월 31일 22시,화요일,광주광역시 광산구 우산동,부상신고사고,0,0,0,1,차대사람 - 기타,안전운전불이행,건조,맑음,단일로 - 기타,승용,남,59세,상해없음,보행자,여,54세,부상신고